origin_date,target,target_end_date,horizon,location,output_type,output_type_id,value
2025-09-10,hospital admissions,2025-09-07,1,CZ,quantile,0.01,0.0
2025-09-10,hospital admissions,2025-09-14,2,CZ,quantile,0.01,0.0
2025-09-10,hospital admissions,2025-09-21,3,CZ,quantile,0.01,0.0
2025-09-10,hospital admissions,2025-09-28,4,CZ,quantile,0.01,0.0
2025-09-10,hospital admissions,2025-09-07,1,CZ,quantile,0.025,0.0
2025-09-10,hospital admissions,2025-09-14,2,CZ,quantile,0.025,0.0
2025-09-10,hospital admissions,2025-09-21,3,CZ,quantile,0.025,0.0
2025-09-10,hospital admissions,2025-09-28,4,CZ,quantile,0.025,0.0
2025-09-10,hospital admissions,2025-09-07,1,CZ,quantile,0.05,0.0
2025-09-10,hospital admissions,2025-09-14,2,CZ,quantile,0.05,0.0
2025-09-10,hospital admissions,2025-09-21,3,CZ,quantile,0.05,0.0
2025-09-10,hospital admissions,2025-09-28,4,CZ,quantile,0.05,0.0
2025-09-10,hospital admissions,2025-09-07,1,CZ,quantile,0.1,0.0
2025-09-10,hospital admissions,2025-09-14,2,CZ,quantile,0.1,0.0
2025-09-10,hospital admissions,2025-09-21,3,CZ,quantile,0.1,0.0
2025-09-10,hospital admissions,2025-09-28,4,CZ,quantile,0.1,0.0
2025-09-10,hospital admissions,2025-09-07,1,CZ,quantile,0.15,0.0
2025-09-10,hospital admissions,2025-09-14,2,CZ,quantile,0.15,0.0
2025-09-10,hospital admissions,2025-09-21,3,CZ,quantile,0.15,0.0
2025-09-10,hospital admissions,2025-09-28,4,CZ,quantile,0.15,0.0
2025-09-10,hospital admissions,2025-09-07,1,CZ,quantile,0.2,0.0
2025-09-10,hospital admissions,2025-09-14,2,CZ,quantile,0.2,0.0
2025-09-10,hospital admissions,2025-09-21,3,CZ,quantile,0.2,0.0
2025-09-10,hospital admissions,2025-09-28,4,CZ,quantile,0.2,0.0
2025-09-10,hospital admissions,2025-09-07,1,CZ,quantile,0.25,2.5756803868102907
2025-09-10,hospital admissions,2025-09-14,2,CZ,quantile,0.25,0.0
2025-09-10,hospital admissions,2025-09-21,3,CZ,quantile,0.25,0.0
2025-09-10,hospital admissions,2025-09-28,4,CZ,quantile,0.25,0.0
2025-09-10,hospital admissions,2025-09-07,1,CZ,quantile,0.3,7.638946117810175
2025-09-10,hospital admissions,2025-09-14,2,CZ,quantile,0.3,1.1548704805643482
2025-09-10,hospital admissions,2025-09-21,3,CZ,quantile,0.3,0.0
2025-09-10,hospital admissions,2025-09-28,4,CZ,quantile,0.3,0.0
2025-09-10,hospital admissions,2025-09-07,1,CZ,quantile,0.35,12.619733340996694
2025-09-10,hospital admissions,2025-09-14,2,CZ,quantile,0.35,8.048727161985902
2025-09-10,hospital admissions,2025-09-21,3,CZ,quantile,0.35,2.7324358458684763
2025-09-10,hospital admissions,2025-09-28,4,CZ,quantile,0.35,0.0
2025-09-10,hospital admissions,2025-09-07,1,CZ,quantile,0.4,17.5406849442601
2025-09-10,hospital admissions,2025-09-14,2,CZ,quantile,0.4,14.859765973518597
2025-09-10,hospital admissions,2025-09-21,3,CZ,quantile,0.4,11.299374217872591
2025-09-10,hospital admissions,2025-09-28,4,CZ,quantile,0.4,7.383342684578189
2025-09-10,hospital admissions,2025-09-07,1,CZ,quantile,0.45,22.422668005287576
2025-09-10,hospital admissions,2025-09-14,2,CZ,quantile,0.45,21.616868824083543
2025-09-10,hospital admissions,2025-09-21,3,CZ,quantile,0.45,19.79847182924808
2025-09-10,hospital admissions,2025-09-28,4,CZ,quantile,0.45,17.392681652118114
2025-09-10,hospital admissions,2025-09-07,1,CZ,quantile,0.5,27.285435442532425
2025-09-10,hospital admissions,2025-09-14,2,CZ,quantile,0.5,28.34737552619532
2025-09-10,hospital admissions,2025-09-21,3,CZ,quantile,0.5,28.26411675138838
2025-09-10,hospital admissions,2025-09-28,4,CZ,quantile,0.5,27.36262357761412
2025-09-10,hospital admissions,2025-09-07,1,CZ,quantile,0.55,32.14820287977727
2025-09-10,hospital admissions,2025-09-14,2,CZ,quantile,0.55,35.0778822283071
2025-09-10,hospital admissions,2025-09-21,3,CZ,quantile,0.55,36.72976167352868
2025-09-10,hospital admissions,2025-09-28,4,CZ,quantile,0.55,37.33256550311012
2025-09-10,hospital admissions,2025-09-07,1,CZ,quantile,0.6,37.03018594080475
2025-09-10,hospital admissions,2025-09-14,2,CZ,quantile,0.6,41.834985078872045
2025-09-10,hospital admissions,2025-09-21,3,CZ,quantile,0.6,45.22885928490416
2025-09-10,hospital admissions,2025-09-28,4,CZ,quantile,0.6,47.34190447065004
2025-09-10,hospital admissions,2025-09-07,1,CZ,quantile,0.65,41.95113754406815
2025-09-10,hospital admissions,2025-09-14,2,CZ,quantile,0.65,48.64602389040474
2025-09-10,hospital admissions,2025-09-21,3,CZ,quantile,0.65,53.79579765690828
2025-09-10,hospital admissions,2025-09-28,4,CZ,quantile,0.65,57.43113911653103
2025-09-10,hospital admissions,2025-09-07,1,CZ,quantile,0.7,46.93192476725467
2025-09-10,hospital admissions,2025-09-14,2,CZ,quantile,0.7,55.539880571826295
2025-09-10,hospital admissions,2025-09-21,3,CZ,quantile,0.7,62.46690451290888
2025-09-10,hospital admissions,2025-09-28,4,CZ,quantile,0.7,67.64305239415992
2025-09-10,hospital admissions,2025-09-07,1,CZ,quantile,0.75,51.99519049825456
2025-09-10,hospital admissions,2025-09-14,2,CZ,quantile,0.75,62.54789491280735
2025-09-10,hospital admissions,2025-09-21,3,CZ,quantile,0.75,71.28159910364423
2025-09-10,hospital admissions,2025-09-28,4,CZ,quantile,0.75,78.02406813116258
2025-09-10,hospital admissions,2025-09-07,1,CZ,quantile,0.8,57.16615772501885
2025-09-10,hospital admissions,2025-09-14,2,CZ,quantile,0.8,69.70497779313861
2025-09-10,hospital admissions,2025-09-21,3,CZ,quantile,0.8,80.28379240421742
2025-09-10,hospital admissions,2025-09-28,4,CZ,quantile,0.8,88.62590003342866
2025-09-10,hospital admissions,2025-09-07,1,CZ,quantile,0.85,62.47365711466489
2025-09-10,hospital admissions,2025-09-14,2,CZ,quantile,0.85,77.05103344446671
2025-09-10,hospital admissions,2025-09-21,3,CZ,quantile,0.85,89.52367603777998
2025-09-10,hospital admissions,2025-09-28,4,CZ,quantile,0.85,99.50765849036966
2025-09-10,hospital admissions,2025-09-07,1,CZ,quantile,0.9,67.95149772339835
2025-09-10,hospital admissions,2025-09-14,2,CZ,quantile,0.9,84.63285663588582
2025-09-10,hospital admissions,2025-09-21,3,CZ,quantile,0.9,99.06010855940036
2025-09-10,hospital admissions,2025-09-28,4,CZ,quantile,0.9,110.73866088787264
2025-09-10,hospital admissions,2025-09-07,1,CZ,quantile,0.95,73.64036821925808
2025-09-10,hospital admissions,2025-09-14,2,CZ,quantile,0.95,92.50676413690414
2025-09-10,hospital admissions,2025-09-21,3,CZ,quantile,0.95,108.96392531549742
2025-09-10,hospital admissions,2025-09-28,4,CZ,quantile,0.95,122.40232961094948
2025-09-10,hospital admissions,2025-09-07,1,CZ,quantile,0.975,76.57918531856834
2025-09-10,hospital admissions,2025-09-14,2,CZ,quantile,0.975,96.57435084312654
2025-09-10,hospital admissions,2025-09-21,3,CZ,quantile,0.975,114.08014408905468
2025-09-10,hospital admissions,2025-09-28,4,CZ,quantile,0.975,128.42767139171505
2025-09-10,hospital admissions,2025-09-07,1,CZ,quantile,0.99,78.37679404444214
2025-09-10,hospital admissions,2025-09-14,2,CZ,quantile,0.99,99.06240270524135
2025-09-10,hospital admissions,2025-09-21,3,CZ,quantile,0.99,117.20962074583076
2025-09-10,hospital admissions,2025-09-28,4,CZ,quantile,0.99,132.11323826963283
2025-09-10,hospital admissions,2025-09-07,1,CZ,median,,27.285435442532425
2025-09-10,hospital admissions,2025-09-14,2,CZ,median,,28.34737552619532
2025-09-10,hospital admissions,2025-09-21,3,CZ,median,,28.26411675138838
2025-09-10,hospital admissions,2025-09-28,4,CZ,median,,27.36262357761412
2025-09-10,hospital admissions,2025-09-07,1,EE,quantile,0.01,0.5858104191198041
2025-09-10,hospital admissions,2025-09-14,2,EE,quantile,0.01,0.0
2025-09-10,hospital admissions,2025-09-21,3,EE,quantile,0.01,0.0
2025-09-10,hospital admissions,2025-09-28,4,EE,quantile,0.01,0.0
2025-09-10,hospital admissions,2025-09-07,1,EE,quantile,0.025,1.0429492925876307
2025-09-10,hospital admissions,2025-09-14,2,EE,quantile,0.025,0.0
2025-09-10,hospital admissions,2025-09-21,3,EE,quantile,0.025,0.0
2025-09-10,hospital admissions,2025-09-28,4,EE,quantile,0.025,0.0
2025-09-10,hospital admissions,2025-09-07,1,EE,quantile,0.05,1.7903018831540989
2025-09-10,hospital admissions,2025-09-14,2,EE,quantile,0.05,0.7242043871137263
2025-09-10,hospital admissions,2025-09-21,3,EE,quantile,0.05,0.0
2025-09-10,hospital admissions,2025-09-28,4,EE,quantile,0.05,0.0
2025-09-10,hospital admissions,2025-09-07,1,EE,quantile,0.1,3.237003722297395
2025-09-10,hospital admissions,2025-09-14,2,EE,quantile,0.1,2.4820162822938894
2025-09-10,hospital admissions,2025-09-21,3,EE,quantile,0.1,0.0
2025-09-10,hospital admissions,2025-09-28,4,EE,quantile,0.1,0.0
2025-09-10,hospital admissions,2025-09-07,1,EE,quantile,0.15,4.630039842377133
2025-09-10,hospital admissions,2025-09-14,2,EE,quantile,0.15,4.1746217632835645
2025-09-10,hospital admissions,2025-09-21,3,EE,quantile,0.15,0.891236996694257
2025-09-10,hospital admissions,2025-09-28,4,EE,quantile,0.15,0.0
2025-09-10,hospital admissions,2025-09-07,1,EE,quantile,0.2,5.979757529542106
2025-09-10,hospital admissions,2025-09-14,2,EE,quantile,0.2,5.814593277412984
2025-09-10,hospital admissions,2025-09-21,3,EE,quantile,0.2,2.911459757829089
2025-09-10,hospital admissions,2025-09-28,4,EE,quantile,0.2,1.8602104167872309
2025-09-10,hospital admissions,2025-09-07,1,EE,quantile,0.25,7.294754557959973
2025-09-10,hospital admissions,2025-09-14,2,EE,quantile,0.25,7.412377531318626
2025-09-10,hospital admissions,2025-09-21,3,EE,quantile,0.25,4.879713528893241
2025-09-10,hospital admissions,2025-09-28,4,EE,quantile,0.25,4.078855321812453
2025-09-10,hospital admissions,2025-09-07,1,EE,quantile,0.3,8.582362678137748
2025-09-10,hospital admissions,2025-09-14,2,EE,quantile,0.3,8.976882952366118
2025-09-10,hospital admissions,2025-09-21,3,EE,quantile,0.3,6.806972285699643
2025-09-10,hospital admissions,2025-09-28,4,EE,quantile,0.3,6.251290037454824
2025-09-10,hospital admissions,2025-09-07,1,EE,quantile,0.35,9.84899619377316
2025-09-10,hospital admissions,2025-09-14,2,EE,quantile,0.35,10.515903226188591
2025-09-10,hospital admissions,2025-09-21,3,EE,quantile,0.35,8.702836793245453
2025-09-10,hospital admissions,2025-09-28,4,EE,quantile,0.35,8.388336688715917
2025-09-10,hospital admissions,2025-09-07,1,EE,quantile,0.4,11.100413279108029
2025-09-10,hospital admissions,2025-09-14,2,EE,quantile,0.4,12.036434809763524
2025-09-10,hospital admissions,2025-09-21,3,EE,quantile,0.4,10.5759257388136
2025-09-10,hospital admissions,2025-09-28,4,EE,quantile,0.4,10.499710388001157
2025-09-10,hospital admissions,2025-09-07,1,EE,quantile,0.45,12.341920512959645
2025-09-10,hospital admissions,2025-09-14,2,EE,quantile,0.45,13.544925450038727
2025-09-10,hospital admissions,2025-09-21,3,EE,quantile,0.45,12.434181873256634
2025-09-10,hospital admissions,2025-09-28,4,EE,quantile,0.45,12.594364322125148
2025-09-10,hospital admissions,2025-09-07,1,EE,quantile,0.5,13.57854113912932
2025-09-10,hospital admissions,2025-09-14,2,EE,quantile,0.5,15.047478628372588
2025-09-10,hospital admissions,2025-09-21,3,EE,quantile,0.5,14.28512385885383
2025-09-10,hospital admissions,2025-09-28,4,EE,quantile,0.5,14.680773638959447
2025-09-10,hospital admissions,2025-09-07,1,EE,quantile,0.55,14.815161765298996
2025-09-10,hospital admissions,2025-09-14,2,EE,quantile,0.55,16.550031806706446
2025-09-10,hospital admissions,2025-09-21,3,EE,quantile,0.55,16.136065844451025
2025-09-10,hospital admissions,2025-09-28,4,EE,quantile,0.55,16.767182955793746
2025-09-10,hospital admissions,2025-09-07,1,EE,quantile,0.6,16.05666899915061
2025-09-10,hospital admissions,2025-09-14,2,EE,quantile,0.6,18.05852244698165
2025-09-10,hospital admissions,2025-09-21,3,EE,quantile,0.6,17.99432197889406
2025-09-10,hospital admissions,2025-09-28,4,EE,quantile,0.6,18.86183688991774
2025-09-10,hospital admissions,2025-09-07,1,EE,quantile,0.65,17.30808608448548
2025-09-10,hospital admissions,2025-09-14,2,EE,quantile,0.65,19.579054030556584
2025-09-10,hospital admissions,2025-09-21,3,EE,quantile,0.65,19.86741092446221
2025-09-10,hospital admissions,2025-09-28,4,EE,quantile,0.65,20.97321058920297
2025-09-10,hospital admissions,2025-09-07,1,EE,quantile,0.7,18.57471960012089
2025-09-10,hospital admissions,2025-09-14,2,EE,quantile,0.7,21.118074304379057
2025-09-10,hospital admissions,2025-09-21,3,EE,quantile,0.7,21.76327543200801
2025-09-10,hospital admissions,2025-09-28,4,EE,quantile,0.7,23.110257240464072
2025-09-10,hospital admissions,2025-09-07,1,EE,quantile,0.75,19.862327720298666
2025-09-10,hospital admissions,2025-09-14,2,EE,quantile,0.75,22.68257972542655
2025-09-10,hospital admissions,2025-09-21,3,EE,quantile,0.75,23.69053418881441
2025-09-10,hospital admissions,2025-09-28,4,EE,quantile,0.75,25.28269195610644
2025-09-10,hospital admissions,2025-09-07,1,EE,quantile,0.8,21.177324748716533
2025-09-10,hospital admissions,2025-09-14,2,EE,quantile,0.8,24.2803639793322
2025-09-10,hospital admissions,2025-09-21,3,EE,quantile,0.8,25.65878795987857
2025-09-10,hospital admissions,2025-09-28,4,EE,quantile,0.8,27.501336861131666
2025-09-10,hospital admissions,2025-09-07,1,EE,quantile,0.85,22.527042435881505
2025-09-10,hospital admissions,2025-09-14,2,EE,quantile,0.85,25.92033549346161
2025-09-10,hospital admissions,2025-09-21,3,EE,quantile,0.85,27.6790107210134
2025-09-10,hospital admissions,2025-09-28,4,EE,quantile,0.85,29.778561984182986
2025-09-10,hospital admissions,2025-09-07,1,EE,quantile,0.9,23.920078555961243
2025-09-10,hospital admissions,2025-09-14,2,EE,quantile,0.9,27.612940974451284
2025-09-10,hospital admissions,2025-09-21,3,EE,quantile,0.9,29.76407139972411
2025-09-10,hospital admissions,2025-09-28,4,EE,quantile,0.9,32.128873371615946
2025-09-10,hospital admissions,2025-09-07,1,EE,quantile,0.95,25.36678039510454
2025-09-10,hospital admissions,2025-09-14,2,EE,quantile,0.95,29.37075286963145
2025-09-10,hospital admissions,2025-09-21,3,EE,quantile,0.95,31.92945754810588
2025-09-10,hospital admissions,2025-09-28,4,EE,quantile,0.95,34.56972882234473
2025-09-10,hospital admissions,2025-09-07,1,EE,quantile,0.975,26.11413298567101
2025-09-10,hospital admissions,2025-09-14,2,EE,quantile,0.975,30.278821994897363
2025-09-10,hospital admissions,2025-09-21,3,EE,quantile,0.975,33.048075706860814
2025-09-10,hospital admissions,2025-09-28,4,EE,quantile,0.975,35.83065183698655
2025-09-10,hospital admissions,2025-09-07,1,EE,quantile,0.99,26.571271859138832
2025-09-10,hospital admissions,2025-09-14,2,EE,quantile,0.99,30.834267580013133
2025-09-10,hospital admissions,2025-09-21,3,EE,quantile,0.99,33.732309429187644
2025-09-10,hospital admissions,2025-09-28,4,EE,quantile,0.99,36.60193025860293
2025-09-10,hospital admissions,2025-09-07,1,EE,median,,13.57854113912932
2025-09-10,hospital admissions,2025-09-14,2,EE,median,,15.047478628372588
2025-09-10,hospital admissions,2025-09-21,3,EE,median,,14.28512385885383
2025-09-10,hospital admissions,2025-09-28,4,EE,median,,14.680773638959447
2025-09-10,hospital admissions,2025-09-07,1,GR,quantile,0.01,76.91806903151554
2025-09-10,hospital admissions,2025-09-14,2,GR,quantile,0.01,33.00417952920216
2025-09-10,hospital admissions,2025-09-21,3,GR,quantile,0.01,0.0
2025-09-10,hospital admissions,2025-09-28,4,GR,quantile,0.01,0.0
2025-09-10,hospital admissions,2025-09-07,1,GR,quantile,0.025,80.90786424305556
2025-09-10,hospital admissions,2025-09-14,2,GR,quantile,0.025,38.45574016428591
2025-09-10,hospital admissions,2025-09-21,3,GR,quantile,0.025,2.980983731168834
2025-09-10,hospital admissions,2025-09-28,4,GR,quantile,0.025,0.0
2025-09-10,hospital admissions,2025-09-07,1,GR,quantile,0.05,87.43057311826995
2025-09-10,hospital admissions,2025-09-14,2,GR,quantile,0.05,47.36821337478554
2025-09-10,hospital admissions,2025-09-21,3,GR,quantile,0.05,13.946444997804832
2025-09-10,hospital admissions,2025-09-28,4,GR,quantile,0.05,0.0
2025-09-10,hospital admissions,2025-09-07,1,GR,quantile,0.1,100.05702955273082
2025-09-10,hospital admissions,2025-09-14,2,GR,quantile,0.1,64.62070108633846
2025-09-10,hospital admissions,2025-09-21,3,GR,quantile,0.1,35.17304296740946
2025-09-10,hospital admissions,2025-09-28,4,GR,quantile,0.1,9.875442724195976
2025-09-10,hospital admissions,2025-09-07,1,GR,quantile,0.15,112.2151048422688
2025-09-10,hospital admissions,2025-09-14,2,GR,quantile,0.15,81.23320401759692
2025-09-10,hospital admissions,2025-09-21,3,GR,quantile,0.15,55.612235673199365
2025-09-10,hospital admissions,2025-09-28,4,GR,quantile,0.15,33.66084850047304
2025-09-10,hospital admissions,2025-09-07,1,GR,quantile,0.2,123.99510754545314
2025-09-10,hospital admissions,2025-09-14,2,GR,quantile,0.2,97.32911762040862
2025-09-10,hospital admissions,2025-09-21,3,GR,quantile,0.2,75.41584270730755
2025-09-10,hospital admissions,2025-09-28,4,GR,quantile,0.2,56.706613366067074
2025-09-10,hospital admissions,2025-09-07,1,GR,quantile,0.25,135.47207691226893
2025-09-10,hospital admissions,2025-09-14,2,GR,quantile,0.25,113.01097372901944
2025-09-10,hospital admissions,2025-09-21,3,GR,quantile,0.25,94.71001411029695
2025-09-10,hospital admissions,2025-09-28,4,GR,quantile,0.25,79.15954008108085
2025-09-10,hospital admissions,2025-09-07,1,GR,quantile,0.3,146.7100026507959
2025-09-10,hospital admissions,2025-09-14,2,GR,quantile,0.3,128.36620634821463
2025-09-10,hospital admissions,2025-09-21,3,GR,quantile,0.3,113.60232430850414
2025-09-10,hospital admissions,2025-09-28,4,GR,quantile,0.3,101.14481467504088
2025-09-10,hospital admissions,2025-09-07,1,GR,quantile,0.35,157.76486721989693
2025-09-10,hospital admissions,2025-09-14,2,GR,quantile,0.35,143.4713085691958
2025-09-10,hospital admissions,2025-09-21,3,GR,quantile,0.35,132.18688657541963
2025-09-10,hospital admissions,2025-09-28,4,GR,quantile,0.35,122.77195822498422
2025-09-10,hospital admissions,2025-09-07,1,GR,quantile,0.4,168.6869265425544
2025-09-10,hospital admissions,2025-09-14,2,GR,quantile,0.4,158.39494888166843
2025-09-10,hospital admissions,2025-09-21,3,GR,quantile,0.4,150.548187186213
2025-09-10,hospital admissions,2025-09-28,4,GR,quantile,0.4,144.1392887205869
2025-09-10,hospital admissions,2025-09-07,1,GR,quantile,0.45,179.5224951283926
2025-09-10,hospital admissions,2025-09-14,2,GR,quantile,0.45,173.20041032250887
2025-09-10,hospital admissions,2025-09-21,3,GR,quantile,0.45,168.76408642425483
2025-09-10,hospital admissions,2025-09-28,4,GR,quantile,0.45,165.33741338203043
2025-09-10,hospital admissions,2025-09-07,1,GR,quantile,0.5,190.3154146089771
2025-09-10,hospital admissions,2025-09-14,2,GR,quantile,0.5,187.94759704723103
2025-09-10,hospital admissions,2025-09-21,3,GR,quantile,0.5,186.90828736628768
2025-09-10,hospital admissions,2025-09-28,4,GR,quantile,0.5,186.45210162362173
2025-09-10,hospital admissions,2025-09-07,1,GR,quantile,0.55,201.1083340895616
2025-09-10,hospital admissions,2025-09-14,2,GR,quantile,0.55,202.69478377195324
2025-09-10,hospital admissions,2025-09-21,3,GR,quantile,0.55,205.05248830832053
2025-09-10,hospital admissions,2025-09-28,4,GR,quantile,0.55,207.56678986521305
2025-09-10,hospital admissions,2025-09-07,1,GR,quantile,0.6,211.9439026753998
2025-09-10,hospital admissions,2025-09-14,2,GR,quantile,0.6,217.5002452127937
2025-09-10,hospital admissions,2025-09-21,3,GR,quantile,0.6,223.2683875463624
2025-09-10,hospital admissions,2025-09-28,4,GR,quantile,0.6,228.76491452665653
2025-09-10,hospital admissions,2025-09-07,1,GR,quantile,0.65,222.8659619980573
2025-09-10,hospital admissions,2025-09-14,2,GR,quantile,0.65,232.42388552526631
2025-09-10,hospital admissions,2025-09-21,3,GR,quantile,0.65,241.62968815715573
2025-09-10,hospital admissions,2025-09-28,4,GR,quantile,0.65,250.13224502225924
2025-09-10,hospital admissions,2025-09-07,1,GR,quantile,0.7,233.92082656715831
2025-09-10,hospital admissions,2025-09-14,2,GR,quantile,0.7,247.52898774624748
2025-09-10,hospital admissions,2025-09-21,3,GR,quantile,0.7,260.2142504240712
2025-09-10,hospital admissions,2025-09-28,4,GR,quantile,0.7,271.75938857220257
2025-09-10,hospital admissions,2025-09-07,1,GR,quantile,0.75,245.15875230568528
2025-09-10,hospital admissions,2025-09-14,2,GR,quantile,0.75,262.8842203654427
2025-09-10,hospital admissions,2025-09-21,3,GR,quantile,0.75,279.1065606222784
2025-09-10,hospital admissions,2025-09-28,4,GR,quantile,0.75,293.7446631661626
2025-09-10,hospital admissions,2025-09-07,1,GR,quantile,0.8,256.63572167250106
2025-09-10,hospital admissions,2025-09-14,2,GR,quantile,0.8,278.5660764740535
2025-09-10,hospital admissions,2025-09-21,3,GR,quantile,0.8,298.4007320252678
2025-09-10,hospital admissions,2025-09-28,4,GR,quantile,0.8,316.1975898811764
2025-09-10,hospital admissions,2025-09-07,1,GR,quantile,0.85,268.41572437568544
2025-09-10,hospital admissions,2025-09-14,2,GR,quantile,0.85,294.6619900768652
2025-09-10,hospital admissions,2025-09-21,3,GR,quantile,0.85,318.204339059376
2025-09-10,hospital admissions,2025-09-28,4,GR,quantile,0.85,339.2433547467704
2025-09-10,hospital admissions,2025-09-07,1,GR,quantile,0.9,280.5737996652234
2025-09-10,hospital admissions,2025-09-14,2,GR,quantile,0.9,311.27449300812367
2025-09-10,hospital admissions,2025-09-21,3,GR,quantile,0.9,338.6435317651659
2025-09-10,hospital admissions,2025-09-28,4,GR,quantile,0.9,363.0287605230475
2025-09-10,hospital admissions,2025-09-07,1,GR,quantile,0.95,293.2002560996843
2025-09-10,hospital admissions,2025-09-14,2,GR,quantile,0.95,328.52698071967654
2025-09-10,hospital admissions,2025-09-21,3,GR,quantile,0.95,359.87012973477056
2025-09-10,hospital admissions,2025-09-28,4,GR,quantile,0.95,387.7304820256744
2025-09-10,hospital admissions,2025-09-07,1,GR,quantile,0.975,299.7229649748987
2025-09-10,hospital admissions,2025-09-14,2,GR,quantile,0.975,337.4394539301762
2025-09-10,hospital admissions,2025-09-21,3,GR,quantile,0.975,370.83559100140656
2025-09-10,hospital admissions,2025-09-28,4,GR,quantile,0.975,400.491159490059
2025-09-10,hospital admissions,2025-09-07,1,GR,quantile,0.99,303.7127601864387
2025-09-10,hospital admissions,2025-09-14,2,GR,quantile,0.99,342.89101456526
2025-09-10,hospital admissions,2025-09-21,3,GR,quantile,0.99,377.5429185383133
2025-09-10,hospital admissions,2025-09-28,4,GR,quantile,0.99,408.2965806451975
2025-09-10,hospital admissions,2025-09-07,1,GR,median,,190.3154146089771
2025-09-10,hospital admissions,2025-09-14,2,GR,median,,187.94759704723103
2025-09-10,hospital admissions,2025-09-21,3,GR,median,,186.90828736628768
2025-09-10,hospital admissions,2025-09-28,4,GR,median,,186.45210162362173
2025-09-10,hospital admissions,2025-09-07,1,IE,quantile,0.01,93.85857781414336
2025-09-10,hospital admissions,2025-09-14,2,IE,quantile,0.01,82.81429520498324
2025-09-10,hospital admissions,2025-09-21,3,IE,quantile,0.01,73.50353427045945
2025-09-10,hospital admissions,2025-09-28,4,IE,quantile,0.01,65.30058921638143
2025-09-10,hospital admissions,2025-09-07,1,IE,quantile,0.025,95.5875795815742
2025-09-10,hospital admissions,2025-09-14,2,IE,quantile,0.025,84.93188125227115
2025-09-10,hospital admissions,2025-09-21,3,IE,quantile,0.025,75.9487120193272
2025-09-10,hospital admissions,2025-09-28,4,IE,quantile,0.025,68.03438104815052
2025-09-10,hospital admissions,2025-09-07,1,IE,quantile,0.05,98.4142347294532
2025-09-10,hospital admissions,2025-09-14,2,IE,quantile,0.05,88.39381264782858
2025-09-10,hospital admissions,2025-09-21,3,IE,quantile,0.05,79.9462060656094
2025-09-10,hospital admissions,2025-09-28,4,IE,quantile,0.05,72.50371526171935
2025-09-10,hospital admissions,2025-09-07,1,IE,quantile,0.1,103.8859856174254
2025-09-10,hospital admissions,2025-09-14,2,IE,quantile,0.1,95.09531148540492
2025-09-10,hospital admissions,2025-09-21,3,IE,quantile,0.1,87.68443038130673
2025-09-10,hospital admissions,2025-09-28,4,IE,quantile,0.1,81.15531305923986
2025-09-10,hospital admissions,2025-09-07,1,IE,quantile,0.15,109.15476071730188
2025-09-10,hospital admissions,2025-09-14,2,IE,quantile,0.15,101.54821676749432
2025-09-10,hospital admissions,2025-09-21,3,IE,quantile,0.15,95.13560358464568
2025-09-10,hospital admissions,2025-09-28,4,IE,quantile,0.15,89.48597795663525
2025-09-10,hospital admissions,2025-09-07,1,IE,quantile,0.2,114.25969578645902
2025-09-10,hospital admissions,2025-09-14,2,IE,quantile,0.2,107.8004598122316
2025-09-10,hospital admissions,2025-09-21,3,IE,quantile,0.2,102.35507199448176
2025-09-10,hospital admissions,2025-09-28,4,IE,quantile,0.2,97.55758901953811
2025-09-10,hospital admissions,2025-09-07,1,IE,quantile,0.25,119.2333095355002
2025-09-10,hospital admissions,2025-09-14,2,IE,quantile,0.25,113.89186774365253
2025-09-10,hospital admissions,2025-09-21,3,IE,quantile,0.25,109.3888240123811
2025-09-10,hospital admissions,2025-09-28,4,IE,quantile,0.25,105.42156284398776
2025-09-10,hospital admissions,2025-09-07,1,IE,quantile,0.3,124.10333228954272
2025-09-10,hospital admissions,2025-09-14,2,IE,quantile,0.3,119.8564031352264
2025-09-10,hospital admissions,2025-09-21,3,IE,quantile,0.3,116.27607624021356
2025-09-10,hospital admissions,2025-09-28,4,IE,quantile,0.3,113.12174492379788
2025-09-10,hospital admissions,2025-09-07,1,IE,quantile,0.35,128.89402438406415
2025-09-10,hospital admissions,2025-09-14,2,IE,quantile,0.35,125.72377870840778
2025-09-10,hospital admissions,2025-09-21,3,IE,quantile,0.35,123.05113797343937
2025-09-10,hospital admissions,2025-09-28,4,IE,quantile,0.35,120.69649421742312
2025-09-10,hospital admissions,2025-09-07,1,IE,quantile,0.4,133.62716452575333
2025-09-10,hospital admissions,2025-09-14,2,IE,quantile,0.4,131.52066782251924
2025-09-10,hospital admissions,2025-09-21,3,IE,quantile,0.4,129.7448089544287
2025-09-10,hospital admissions,2025-09-28,4,IE,quantile,0.4,128.18024588367803
2025-09-10,hospital admissions,2025-09-07,1,IE,quantile,0.45,138.32282338609895
2025-09-10,hospital admissions,2025-09-14,2,IE,quantile,0.45,137.271651929532
2025-09-10,hospital admissions,2025-09-21,3,IE,quantile,0.45,136.38547339900686
2025-09-10,hospital admissions,2025-09-28,4,IE,quantile,0.45,135.60473444059934
2025-09-10,hospital admissions,2025-09-07,1,IE,quantile,0.5,143.0
2025-09-10,hospital admissions,2025-09-14,2,IE,quantile,0.5,143.0
2025-09-10,hospital admissions,2025-09-21,3,IE,quantile,0.5,143.0
2025-09-10,hospital admissions,2025-09-28,4,IE,quantile,0.5,143.0
2025-09-10,hospital admissions,2025-09-07,1,IE,quantile,0.55,147.67717661390105
2025-09-10,hospital admissions,2025-09-14,2,IE,quantile,0.55,148.728348070468
2025-09-10,hospital admissions,2025-09-21,3,IE,quantile,0.55,149.61452660099314
2025-09-10,hospital admissions,2025-09-28,4,IE,quantile,0.55,150.39526555940066
2025-09-10,hospital admissions,2025-09-07,1,IE,quantile,0.6,152.37283547424667
2025-09-10,hospital admissions,2025-09-14,2,IE,quantile,0.6,154.47933217748076
2025-09-10,hospital admissions,2025-09-21,3,IE,quantile,0.6,156.2551910455713
2025-09-10,hospital admissions,2025-09-28,4,IE,quantile,0.6,157.81975411632197
2025-09-10,hospital admissions,2025-09-07,1,IE,quantile,0.65,157.10597561593585
2025-09-10,hospital admissions,2025-09-14,2,IE,quantile,0.65,160.27622129159224
2025-09-10,hospital admissions,2025-09-21,3,IE,quantile,0.65,162.94886202656062
2025-09-10,hospital admissions,2025-09-28,4,IE,quantile,0.65,165.30350578257688
2025-09-10,hospital admissions,2025-09-07,1,IE,quantile,0.7,161.89666771045728
2025-09-10,hospital admissions,2025-09-14,2,IE,quantile,0.7,166.1435968647736
2025-09-10,hospital admissions,2025-09-21,3,IE,quantile,0.7,169.72392375978643
2025-09-10,hospital admissions,2025-09-28,4,IE,quantile,0.7,172.8782550762021
2025-09-10,hospital admissions,2025-09-07,1,IE,quantile,0.75,166.7666904644998
2025-09-10,hospital admissions,2025-09-14,2,IE,quantile,0.75,172.1081322563475
2025-09-10,hospital admissions,2025-09-21,3,IE,quantile,0.75,176.6111759876189
2025-09-10,hospital admissions,2025-09-28,4,IE,quantile,0.75,180.57843715601223
2025-09-10,hospital admissions,2025-09-07,1,IE,quantile,0.8,171.74030421354098
2025-09-10,hospital admissions,2025-09-14,2,IE,quantile,0.8,178.19954018776838
2025-09-10,hospital admissions,2025-09-21,3,IE,quantile,0.8,183.64492800551824
2025-09-10,hospital admissions,2025-09-28,4,IE,quantile,0.8,188.4424109804619
2025-09-10,hospital admissions,2025-09-07,1,IE,quantile,0.85,176.84523928269812
2025-09-10,hospital admissions,2025-09-14,2,IE,quantile,0.85,184.45178323250568
2025-09-10,hospital admissions,2025-09-21,3,IE,quantile,0.85,190.86439641535432
2025-09-10,hospital admissions,2025-09-28,4,IE,quantile,0.85,196.51402204336475
2025-09-10,hospital admissions,2025-09-07,1,IE,quantile,0.9,182.1140143825746
2025-09-10,hospital admissions,2025-09-14,2,IE,quantile,0.9,190.90468851459508
2025-09-10,hospital admissions,2025-09-21,3,IE,quantile,0.9,198.31556961869327
2025-09-10,hospital admissions,2025-09-28,4,IE,quantile,0.9,204.8446869407601
2025-09-10,hospital admissions,2025-09-07,1,IE,quantile,0.95,187.5857652705468
2025-09-10,hospital admissions,2025-09-14,2,IE,quantile,0.95,197.60618735217145
2025-09-10,hospital admissions,2025-09-21,3,IE,quantile,0.95,206.0537939343906
2025-09-10,hospital admissions,2025-09-28,4,IE,quantile,0.95,213.49628473828065
2025-09-10,hospital admissions,2025-09-07,1,IE,quantile,0.975,190.4124204184258
2025-09-10,hospital admissions,2025-09-14,2,IE,quantile,0.975,201.06811874772885
2025-09-10,hospital admissions,2025-09-21,3,IE,quantile,0.975,210.0512879806728
2025-09-10,hospital admissions,2025-09-28,4,IE,quantile,0.975,217.96561895184948
2025-09-10,hospital admissions,2025-09-07,1,IE,quantile,0.99,192.14142218585664
2025-09-10,hospital admissions,2025-09-14,2,IE,quantile,0.99,203.1857047950168
2025-09-10,hospital admissions,2025-09-21,3,IE,quantile,0.99,212.4964657295405
2025-09-10,hospital admissions,2025-09-28,4,IE,quantile,0.99,220.6994107836186
2025-09-10,hospital admissions,2025-09-07,1,IE,median,,143.0
2025-09-10,hospital admissions,2025-09-14,2,IE,median,,143.0
2025-09-10,hospital admissions,2025-09-21,3,IE,median,,143.0
2025-09-10,hospital admissions,2025-09-28,4,IE,median,,143.0
2025-09-10,hospital admissions,2025-09-07,1,LV,quantile,0.01,19.26348867420159
2025-09-10,hospital admissions,2025-09-14,2,LV,quantile,0.01,12.805105132042144
2025-09-10,hospital admissions,2025-09-21,3,LV,quantile,0.01,7.3604359477679395
2025-09-10,hospital admissions,2025-09-28,4,LV,quantile,0.01,2.5635861016261785
2025-09-10,hospital admissions,2025-09-07,1,LV,quantile,0.025,20.274559918419705
2025-09-10,hospital admissions,2025-09-14,2,LV,quantile,0.025,14.043409453009794
2025-09-10,hospital admissions,2025-09-21,3,LV,quantile,0.025,8.790306613866633
2025-09-10,hospital admissions,2025-09-28,4,LV,quantile,0.025,4.162230105840969
2025-09-10,hospital admissions,2025-09-07,1,LV,quantile,0.05,21.927507758715
2025-09-10,hospital admissions,2025-09-14,2,LV,quantile,0.05,16.067848843089255
2025-09-10,hospital admissions,2025-09-21,3,LV,quantile,0.05,11.127927867507552
2025-09-10,hospital admissions,2025-09-28,4,LV,quantile,0.05,6.775770120235649
2025-09-10,hospital admissions,2025-09-07,1,LV,quantile,0.1,25.127232641919868
2025-09-10,hospital admissions,2025-09-14,2,LV,quantile,0.1,19.98669548365846
2025-09-10,hospital admissions,2025-09-21,3,LV,quantile,0.1,15.653022193198533
2025-09-10,hospital admissions,2025-09-28,4,LV,quantile,0.1,11.83497937865745
2025-09-10,hospital admissions,2025-09-07,1,LV,quantile,0.15,28.208263035343457
2025-09-10,hospital admissions,2025-09-14,2,LV,quantile,0.15,23.760171656605607
2025-09-10,hospital admissions,2025-09-21,3,LV,quantile,0.15,20.01025716166188
2025-09-10,hospital admissions,2025-09-28,4,LV,quantile,0.15,16.706516170369042
2025-09-10,hospital admissions,2025-09-07,1,LV,quantile,0.2,31.1934844210306
2025-09-10,hospital admissions,2025-09-14,2,LV,quantile,0.2,27.416306238694418
2025-09-10,hospital admissions,2025-09-21,3,LV,quantile,0.2,24.231997731986823
2025-09-10,hospital admissions,2025-09-28,4,LV,quantile,0.2,21.42656561967669
2025-09-10,hospital admissions,2025-09-07,1,LV,quantile,0.25,34.10191281956001
2025-09-10,hospital admissions,2025-09-14,2,LV,quantile,0.25,30.97838900360297
2025-09-10,hospital admissions,2025-09-21,3,LV,quantile,0.25,28.345136618378177
2025-09-10,hospital admissions,2025-09-28,4,LV,quantile,0.25,26.02519469511112
2025-09-10,hospital admissions,2025-09-07,1,LV,quantile,0.3,36.94976413935183
2025-09-10,hospital admissions,2025-09-14,2,LV,quantile,0.3,34.466280302003746
2025-09-10,hospital admissions,2025-09-21,3,LV,quantile,0.3,32.37260657844986
2025-09-10,hospital admissions,2025-09-28,4,LV,quantile,0.3,30.52804299914044
2025-09-10,hospital admissions,2025-09-07,1,LV,quantile,0.35,39.75122513720326
2025-09-10,hospital admissions,2025-09-14,2,LV,quantile,0.35,37.89735529152585
2025-09-10,hospital admissions,2025-09-21,3,LV,quantile,0.35,36.33447071607061
2025-09-10,hospital admissions,2025-09-28,4,LV,quantile,0.35,34.95754176380973
2025-09-10,hospital admissions,2025-09-07,1,LV,quantile,0.4,42.51903138371006
2025-09-10,hospital admissions,2025-09-14,2,LV,quantile,0.4,41.28721179694065
2025-09-10,hospital admissions,2025-09-21,3,LV,quantile,0.4,40.24873984790149
2025-09-10,hospital admissions,2025-09-28,4,LV,quantile,0.4,39.33382769431119
2025-09-10,hospital admissions,2025-09-07,1,LV,quantile,0.45,45.26491963887828
2025-09-10,hospital admissions,2025-09-14,2,LV,quantile,0.45,44.65022435487233
2025-09-10,hospital admissions,2025-09-21,3,LV,quantile,0.45,44.132012259121375
2025-09-10,hospital admissions,2025-09-28,4,LV,quantile,0.45,43.67545823762978
2025-09-10,hospital admissions,2025-09-07,1,LV,quantile,0.5,48.0
2025-09-10,hospital admissions,2025-09-14,2,LV,quantile,0.5,48.0
2025-09-10,hospital admissions,2025-09-21,3,LV,quantile,0.5,48.0
2025-09-10,hospital admissions,2025-09-28,4,LV,quantile,0.5,48.0
2025-09-10,hospital admissions,2025-09-07,1,LV,quantile,0.55,50.73508036112172
2025-09-10,hospital admissions,2025-09-14,2,LV,quantile,0.55,51.34977564512767
2025-09-10,hospital admissions,2025-09-21,3,LV,quantile,0.55,51.86798774087863
2025-09-10,hospital admissions,2025-09-28,4,LV,quantile,0.55,52.32454176237022
2025-09-10,hospital admissions,2025-09-07,1,LV,quantile,0.6,53.48096861628994
2025-09-10,hospital admissions,2025-09-14,2,LV,quantile,0.6,54.71278820305935
2025-09-10,hospital admissions,2025-09-21,3,LV,quantile,0.6,55.75126015209851
2025-09-10,hospital admissions,2025-09-28,4,LV,quantile,0.6,56.66617230568881
2025-09-10,hospital admissions,2025-09-07,1,LV,quantile,0.65,56.24877486279674
2025-09-10,hospital admissions,2025-09-14,2,LV,quantile,0.65,58.10264470847415
2025-09-10,hospital admissions,2025-09-21,3,LV,quantile,0.65,59.66552928392939
2025-09-10,hospital admissions,2025-09-28,4,LV,quantile,0.65,61.04245823619027
2025-09-10,hospital admissions,2025-09-07,1,LV,quantile,0.7,59.05023586064817
2025-09-10,hospital admissions,2025-09-14,2,LV,quantile,0.7,61.533719697996254
2025-09-10,hospital admissions,2025-09-21,3,LV,quantile,0.7,63.62739342155014
2025-09-10,hospital admissions,2025-09-28,4,LV,quantile,0.7,65.47195700085956
2025-09-10,hospital admissions,2025-09-07,1,LV,quantile,0.75,61.89808718043999
2025-09-10,hospital admissions,2025-09-14,2,LV,quantile,0.75,65.02161099639703
2025-09-10,hospital admissions,2025-09-21,3,LV,quantile,0.75,67.65486338162182
2025-09-10,hospital admissions,2025-09-28,4,LV,quantile,0.75,69.97480530488889
2025-09-10,hospital admissions,2025-09-07,1,LV,quantile,0.8,64.8065155789694
2025-09-10,hospital admissions,2025-09-14,2,LV,quantile,0.8,68.58369376130558
2025-09-10,hospital admissions,2025-09-21,3,LV,quantile,0.8,71.76800226801318
2025-09-10,hospital admissions,2025-09-28,4,LV,quantile,0.8,74.5734343803233
2025-09-10,hospital admissions,2025-09-07,1,LV,quantile,0.85,67.79173696465654
2025-09-10,hospital admissions,2025-09-14,2,LV,quantile,0.85,72.2398283433944
2025-09-10,hospital admissions,2025-09-21,3,LV,quantile,0.85,75.98974283833812
2025-09-10,hospital admissions,2025-09-28,4,LV,quantile,0.85,79.29348382963096
2025-09-10,hospital admissions,2025-09-07,1,LV,quantile,0.9,70.87276735808013
2025-09-10,hospital admissions,2025-09-14,2,LV,quantile,0.9,76.01330451634155
2025-09-10,hospital admissions,2025-09-21,3,LV,quantile,0.9,80.34697780680148
2025-09-10,hospital admissions,2025-09-28,4,LV,quantile,0.9,84.16502062134255
2025-09-10,hospital admissions,2025-09-07,1,LV,quantile,0.95,74.072492241285
2025-09-10,hospital admissions,2025-09-14,2,LV,quantile,0.95,79.93215115691075
2025-09-10,hospital admissions,2025-09-21,3,LV,quantile,0.95,84.87207213249245
2025-09-10,hospital admissions,2025-09-28,4,LV,quantile,0.95,89.22422987976435
2025-09-10,hospital admissions,2025-09-07,1,LV,quantile,0.975,75.7254400815803
2025-09-10,hospital admissions,2025-09-14,2,LV,quantile,0.975,81.95659054699021
2025-09-10,hospital admissions,2025-09-21,3,LV,quantile,0.975,87.20969338613337
2025-09-10,hospital admissions,2025-09-28,4,LV,quantile,0.975,91.83776989415904
2025-09-10,hospital admissions,2025-09-07,1,LV,quantile,0.99,76.7365113257984
2025-09-10,hospital admissions,2025-09-14,2,LV,quantile,0.99,83.19489486795786
2025-09-10,hospital admissions,2025-09-21,3,LV,quantile,0.99,88.63956405223206
2025-09-10,hospital admissions,2025-09-28,4,LV,quantile,0.99,93.4364138983738
2025-09-10,hospital admissions,2025-09-07,1,LV,median,,48.0
2025-09-10,hospital admissions,2025-09-14,2,LV,median,,48.0
2025-09-10,hospital admissions,2025-09-21,3,LV,median,,48.0
2025-09-10,hospital admissions,2025-09-28,4,LV,median,,48.0
2025-09-10,hospital admissions,2025-09-07,1,PL,quantile,0.01,20.703021228444964
2025-09-10,hospital admissions,2025-09-14,2,PL,quantile,0.01,31.141687829301816
2025-09-10,hospital admissions,2025-09-21,3,PL,quantile,0.01,19.47715545409549
2025-09-10,hospital admissions,2025-09-28,4,PL,quantile,0.01,27.44156725992986
2025-09-10,hospital admissions,2025-09-07,1,PL,quantile,0.025,20.97582775371079
2025-09-10,hospital admissions,2025-09-14,2,PL,quantile,0.025,31.4696055207738
2025-09-10,hospital admissions,2025-09-21,3,PL,quantile,0.025,19.83003503124089
2025-09-10,hospital admissions,2025-09-28,4,PL,quantile,0.025,27.824918900580872
2025-09-10,hospital admissions,2025-09-07,1,PL,quantile,0.05,21.42182496640505
2025-09-10,hospital admissions,2025-09-14,2,PL,quantile,0.05,32.00570111543429
2025-09-10,hospital admissions,2025-09-21,3,PL,quantile,0.05,20.406939515729388
2025-09-10,hospital admissions,2025-09-28,4,PL,quantile,0.05,28.45164057831761
2025-09-10,hospital admissions,2025-09-07,1,PL,quantile,0.1,22.285172462623045
2025-09-10,hospital admissions,2025-09-14,2,PL,quantile,0.1,33.04345824980657
2025-09-10,hospital admissions,2025-09-21,3,PL,quantile,0.1,21.52369322643363
2025-09-10,hospital admissions,2025-09-28,4,PL,quantile,0.1,29.66482885819696
2025-09-10,hospital admissions,2025-09-07,1,PL,quantile,0.15,23.116493895879987
2025-09-10,hospital admissions,2025-09-14,2,PL,quantile,0.15,34.0427195577946
2025-09-10,hospital admissions,2025-09-21,3,PL,quantile,0.15,22.59902071559015
2025-09-10,hospital admissions,2025-09-28,4,PL,quantile,0.15,30.83301365523166
2025-09-10,hospital admissions,2025-09-07,1,PL,quantile,0.2,23.92196421069279
2025-09-10,hospital admissions,2025-09-14,2,PL,quantile,0.2,35.01090741886302
2025-09-10,hospital admissions,2025-09-21,3,PL,quantile,0.2,23.6409093720926
2025-09-10,hospital admissions,2025-09-28,4,PL,quantile,0.2,31.96487208998977
2025-09-10,hospital admissions,2025-09-07,1,PL,quantile,0.25,24.706714296232843
2025-09-10,hospital admissions,2025-09-14,2,PL,quantile,0.25,35.954189241693285
2025-09-10,hospital admissions,2025-09-21,3,PL,quantile,0.25,24.6559960826482
2025-09-10,hospital admissions,2025-09-28,4,PL,quantile,0.25,33.067614161498746
2025-09-10,hospital admissions,2025-09-07,1,PL,quantile,0.3,25.475119517396955
2025-09-10,hospital admissions,2025-09-14,2,PL,quantile,0.3,36.87782428302388
2025-09-10,hospital admissions,2025-09-21,3,PL,quantile,0.3,25.649940451304666
2025-09-10,hospital admissions,2025-09-28,4,PL,quantile,0.3,34.147388195243124
2025-09-10,hospital admissions,2025-09-07,1,PL,quantile,0.35,26.23100773483172
2025-09-10,hospital admissions,2025-09-14,2,PL,quantile,0.35,37.78641369095888
2025-09-10,hospital admissions,2025-09-21,3,PL,quantile,0.35,26.627693876658604
2025-09-10,hospital admissions,2025-09-28,4,PL,quantile,0.35,35.20957315588521
2025-09-10,hospital admissions,2025-09-07,1,PL,quantile,0.4,26.97781525115316
2025-09-10,hospital admissions,2025-09-14,2,PL,quantile,0.4,38.68408795475235
2025-09-10,hospital admissions,2025-09-21,3,PL,quantile,0.4,27.5937012707696
2025-09-10,hospital admissions,2025-09-28,4,PL,quantile,0.4,36.25899778512885
2025-09-10,hospital admissions,2025-09-07,1,PL,quantile,0.45,27.71870887061316
2025-09-10,hospital admissions,2025-09-14,2,PL,quantile,0.45,39.574653622428045
2025-09-10,hospital admissions,2025-09-21,3,PL,quantile,0.45,28.55205894527907
2025-09-10,hospital admissions,2025-09-28,4,PL,quantile,0.45,37.30011212171263
2025-09-10,hospital admissions,2025-09-07,1,PL,quantile,0.5,28.456686311775
2025-09-10,hospital admissions,2025-09-14,2,PL,quantile,0.5,40.46171399837907
2025-09-10,hospital admissions,2025-09-21,3,PL,quantile,0.5,29.50664449680238
2025-09-10,hospital admissions,2025-09-28,4,PL,quantile,0.5,38.33712860274132
2025-09-10,hospital admissions,2025-09-07,1,PL,quantile,0.55,29.19466375293685
2025-09-10,hospital admissions,2025-09-14,2,PL,quantile,0.55,41.34877437433009
2025-09-10,hospital admissions,2025-09-21,3,PL,quantile,0.55,30.46123004832569
2025-09-10,hospital admissions,2025-09-28,4,PL,quantile,0.55,39.37414508377
2025-09-10,hospital admissions,2025-09-07,1,PL,quantile,0.6,29.935557372396843
2025-09-10,hospital admissions,2025-09-14,2,PL,quantile,0.6,42.239340042005786
2025-09-10,hospital admissions,2025-09-21,3,PL,quantile,0.6,31.41958772283516
2025-09-10,hospital admissions,2025-09-28,4,PL,quantile,0.6,40.41525942035378
2025-09-10,hospital admissions,2025-09-07,1,PL,quantile,0.65,30.682364888718286
2025-09-10,hospital admissions,2025-09-14,2,PL,quantile,0.65,43.137014305799255
2025-09-10,hospital admissions,2025-09-21,3,PL,quantile,0.65,32.38559511694616
2025-09-10,hospital admissions,2025-09-28,4,PL,quantile,0.65,41.46468404959742
2025-09-10,hospital admissions,2025-09-07,1,PL,quantile,0.7,31.43825310615305
2025-09-10,hospital admissions,2025-09-14,2,PL,quantile,0.7,44.04560371373426
2025-09-10,hospital admissions,2025-09-21,3,PL,quantile,0.7,33.363348542300095
2025-09-10,hospital admissions,2025-09-28,4,PL,quantile,0.7,42.52686901023951
2025-09-10,hospital admissions,2025-09-07,1,PL,quantile,0.75,32.20665832731716
2025-09-10,hospital admissions,2025-09-14,2,PL,quantile,0.75,44.96923875506485
2025-09-10,hospital admissions,2025-09-21,3,PL,quantile,0.75,34.357292910956566
2025-09-10,hospital admissions,2025-09-28,4,PL,quantile,0.75,43.60664304398389
2025-09-10,hospital admissions,2025-09-07,1,PL,quantile,0.8,32.99140841285721
2025-09-10,hospital admissions,2025-09-14,2,PL,quantile,0.8,45.91252057789512
2025-09-10,hospital admissions,2025-09-21,3,PL,quantile,0.8,35.37237962151217
2025-09-10,hospital admissions,2025-09-28,4,PL,quantile,0.8,44.709385115492864
2025-09-10,hospital admissions,2025-09-07,1,PL,quantile,0.85,33.79687872767002
2025-09-10,hospital admissions,2025-09-14,2,PL,quantile,0.85,46.88070843896354
2025-09-10,hospital admissions,2025-09-21,3,PL,quantile,0.85,36.41426827801461
2025-09-10,hospital admissions,2025-09-28,4,PL,quantile,0.85,45.84124355025097
2025-09-10,hospital admissions,2025-09-07,1,PL,quantile,0.9,34.62820016092696
2025-09-10,hospital admissions,2025-09-14,2,PL,quantile,0.9,47.879969746951566
2025-09-10,hospital admissions,2025-09-21,3,PL,quantile,0.9,37.48959576717113
2025-09-10,hospital admissions,2025-09-28,4,PL,quantile,0.9,47.00942834728568
2025-09-10,hospital admissions,2025-09-07,1,PL,quantile,0.95,35.49154765714495
2025-09-10,hospital admissions,2025-09-14,2,PL,quantile,0.95,48.91772688132384
2025-09-10,hospital admissions,2025-09-21,3,PL,quantile,0.95,38.60634947787537
2025-09-10,hospital admissions,2025-09-28,4,PL,quantile,0.95,48.222616627165024
2025-09-10,hospital admissions,2025-09-07,1,PL,quantile,0.975,35.937544869839215
2025-09-10,hospital admissions,2025-09-14,2,PL,quantile,0.975,49.45382247598434
2025-09-10,hospital admissions,2025-09-21,3,PL,quantile,0.975,39.18325396236387
2025-09-10,hospital admissions,2025-09-28,4,PL,quantile,0.975,48.84933830490176
2025-09-10,hospital admissions,2025-09-07,1,PL,quantile,0.99,36.21035139510504
2025-09-10,hospital admissions,2025-09-14,2,PL,quantile,0.99,49.78174016745632
2025-09-10,hospital admissions,2025-09-21,3,PL,quantile,0.99,39.53613353950927
2025-09-10,hospital admissions,2025-09-28,4,PL,quantile,0.99,49.23268994555277
2025-09-10,hospital admissions,2025-09-07,1,PL,median,,28.456686311775
2025-09-10,hospital admissions,2025-09-14,2,PL,median,,40.46171399837907
2025-09-10,hospital admissions,2025-09-21,3,PL,median,,29.50664449680238
2025-09-10,hospital admissions,2025-09-28,4,PL,median,,38.33712860274132
2025-09-10,hospital admissions,2025-09-07,1,PT,quantile,0.01,0.0
2025-09-10,hospital admissions,2025-09-14,2,PT,quantile,0.01,0.0
2025-09-10,hospital admissions,2025-09-21,3,PT,quantile,0.01,0.0
2025-09-10,hospital admissions,2025-09-28,4,PT,quantile,0.01,0.0
2025-09-10,hospital admissions,2025-09-07,1,PT,quantile,0.025,0.0
2025-09-10,hospital admissions,2025-09-14,2,PT,quantile,0.025,0.0
2025-09-10,hospital admissions,2025-09-21,3,PT,quantile,0.025,0.0
2025-09-10,hospital admissions,2025-09-28,4,PT,quantile,0.025,0.0
2025-09-10,hospital admissions,2025-09-07,1,PT,quantile,0.05,0.0
2025-09-10,hospital admissions,2025-09-14,2,PT,quantile,0.05,0.0
2025-09-10,hospital admissions,2025-09-21,3,PT,quantile,0.05,0.0
2025-09-10,hospital admissions,2025-09-28,4,PT,quantile,0.05,0.0
2025-09-10,hospital admissions,2025-09-07,1,PT,quantile,0.1,0.0
2025-09-10,hospital admissions,2025-09-14,2,PT,quantile,0.1,0.0
2025-09-10,hospital admissions,2025-09-21,3,PT,quantile,0.1,0.0
2025-09-10,hospital admissions,2025-09-28,4,PT,quantile,0.1,0.0
2025-09-10,hospital admissions,2025-09-07,1,PT,quantile,0.15,0.0
2025-09-10,hospital admissions,2025-09-14,2,PT,quantile,0.15,0.0
2025-09-10,hospital admissions,2025-09-21,3,PT,quantile,0.15,0.0
2025-09-10,hospital admissions,2025-09-28,4,PT,quantile,0.15,0.0
2025-09-10,hospital admissions,2025-09-07,1,PT,quantile,0.2,0.0
2025-09-10,hospital admissions,2025-09-14,2,PT,quantile,0.2,0.0
2025-09-10,hospital admissions,2025-09-21,3,PT,quantile,0.2,0.0
2025-09-10,hospital admissions,2025-09-28,4,PT,quantile,0.2,0.0
2025-09-10,hospital admissions,2025-09-07,1,PT,quantile,0.25,0.0
2025-09-10,hospital admissions,2025-09-14,2,PT,quantile,0.25,0.0
2025-09-10,hospital admissions,2025-09-21,3,PT,quantile,0.25,0.0
2025-09-10,hospital admissions,2025-09-28,4,PT,quantile,0.25,0.0
2025-09-10,hospital admissions,2025-09-07,1,PT,quantile,0.3,0.0
2025-09-10,hospital admissions,2025-09-14,2,PT,quantile,0.3,0.0
2025-09-10,hospital admissions,2025-09-21,3,PT,quantile,0.3,0.0
2025-09-10,hospital admissions,2025-09-28,4,PT,quantile,0.3,0.0
2025-09-10,hospital admissions,2025-09-07,1,PT,quantile,0.35,0.0
2025-09-10,hospital admissions,2025-09-14,2,PT,quantile,0.35,0.0
2025-09-10,hospital admissions,2025-09-21,3,PT,quantile,0.35,0.0
2025-09-10,hospital admissions,2025-09-28,4,PT,quantile,0.35,0.0
2025-09-10,hospital admissions,2025-09-07,1,PT,quantile,0.4,0.0
2025-09-10,hospital admissions,2025-09-14,2,PT,quantile,0.4,0.0
2025-09-10,hospital admissions,2025-09-21,3,PT,quantile,0.4,0.0
2025-09-10,hospital admissions,2025-09-28,4,PT,quantile,0.4,0.0
2025-09-10,hospital admissions,2025-09-07,1,PT,quantile,0.45,0.0
2025-09-10,hospital admissions,2025-09-14,2,PT,quantile,0.45,1.8441379326642444
2025-09-10,hospital admissions,2025-09-21,3,PT,quantile,0.45,3.773220821230512
2025-09-10,hospital admissions,2025-09-28,4,PT,quantile,0.45,5.202167198888215
2025-09-10,hospital admissions,2025-09-07,1,PT,quantile,0.5,3.40572139245565
2025-09-10,hospital admissions,2025-09-14,2,PT,quantile,0.5,6.6578361230514895
2025-09-10,hospital admissions,2025-09-21,3,PT,quantile,0.5,9.97672946113812
2025-09-10,hospital admissions,2025-09-28,4,PT,quantile,0.5,12.749000493834826
2025-09-10,hospital admissions,2025-09-07,1,PT,quantile,0.55,6.854236119810755
2025-09-10,hospital admissions,2025-09-14,2,PT,quantile,0.55,11.471534313438736
2025-09-10,hospital admissions,2025-09-21,3,PT,quantile,0.55,16.180238101045727
2025-09-10,hospital admissions,2025-09-28,4,PT,quantile,0.55,20.29583378878144
2025-09-10,hospital admissions,2025-09-07,1,PT,quantile,0.6,10.31637793553989
2025-09-10,hospital admissions,2025-09-14,2,PT,quantile,0.6,16.304254226460937
2025-09-10,hospital admissions,2025-09-21,3,PT,quantile,0.6,22.408260413403248
2025-09-10,hospital admissions,2025-09-28,4,PT,quantile,0.6,27.87248901356889
2025-09-10,hospital admissions,2025-09-07,1,PT,quantile,0.65,13.806154959725616
2025-09-10,hospital admissions,2025-09-14,2,PT,quantile,0.65,21.17554945768701
2025-09-10,hospital admissions,2025-09-21,3,PT,quantile,0.65,28.68599550589368
2025-09-10,hospital admissions,2025-09-28,4,PT,quantile,0.65,35.509621959283166
2025-09-10,hospital admissions,2025-09-07,1,PT,quantile,0.7,17.33836543753383
2025-09-10,hospital admissions,2025-09-14,2,PT,quantile,0.7,26.106076519154133
2025-09-10,hospital admissions,2025-09-21,3,PT,quantile,0.7,35.040063836598264
2025-09-10,hospital admissions,2025-09-28,4,PT,quantile,0.7,43.23961755049449
2025-09-10,hospital admissions,2025-09-07,1,PT,quantile,0.75,20.92906696031906
2025-09-10,hospital admissions,2025-09-14,2,PT,quantile,0.75,31.118249813744832
2025-09-10,hospital admissions,2025-09-21,3,PT,quantile,0.75,41.4993512925088
2025-09-10,hospital admissions,2025-09-28,4,PT,quantile,0.75,51.09761670282946
2025-09-10,hospital admissions,2025-09-07,1,PT,quantile,0.8,24.59614684153801
2025-09-10,hospital admissions,2025-09-14,2,PT,quantile,0.8,36.23703780911112
2025-09-10,hospital admissions,2025-09-21,3,PT,quantile,0.8,48.09603523470576
2025-09-10,hospital admissions,2025-09-28,4,PT,quantile,0.8,59.12276455076624
2025-09-10,hospital admissions,2025-09-07,1,PT,quantile,0.85,28.36005084205356
2025-09-10,hospital admissions,2025-09-14,2,PT,quantile,0.85,41.49098024767774
2025-09-10,hospital admissions,2025-09-21,3,PT,quantile,0.85,54.86689539712971
2025-09-10,hospital admissions,2025-09-28,4,PT,quantile,0.85,67.35980521199592
2025-09-10,hospital admissions,2025-09-07,1,PT,quantile,0.9,32.24475523252799
2025-09-10,hospital admissions,2025-09-14,2,PT,quantile,0.9,46.913545024995166
2025-09-10,hospital admissions,2025-09-21,3,PT,quantile,0.9,61.85506252271371
2025-09-10,hospital admissions,2025-09-28,4,PT,quantile,0.9,75.86120907798524
2025-09-10,hospital admissions,2025-09-07,1,PT,quantile,0.95,36.27911507806144
2025-09-10,hospital admissions,2025-09-14,2,PT,quantile,0.95,52.54501022761298
2025-09-10,hospital admissions,2025-09-21,3,PT,quantile,0.95,69.1124437830391
2025-09-10,hospital admissions,2025-09-28,4,PT,quantile,0.95,84.69012344060971
2025-09-10,hospital admissions,2025-09-07,1,PT,quantile,0.975,38.36322750555529
2025-09-10,hospital admissions,2025-09-14,2,PT,quantile,0.975,55.454172291271945
2025-09-10,hospital admissions,2025-09-21,3,PT,quantile,0.975,72.86153882037215
2025-09-10,hospital admissions,2025-09-28,4,PT,quantile,0.975,89.25105772732095
2025-09-10,hospital admissions,2025-09-07,1,PT,quantile,0.99,39.63803248958928
2025-09-10,hospital admissions,2025-09-14,2,PT,quantile,0.99,57.233641694741046
2025-09-10,hospital admissions,2025-09-21,3,PT,quantile,0.99,75.15477644813122
2025-09-10,hospital admissions,2025-09-28,4,PT,quantile,0.99,92.04087927622017
2025-09-10,hospital admissions,2025-09-07,1,PT,median,,3.40572139245565
2025-09-10,hospital admissions,2025-09-14,2,PT,median,,6.6578361230514895
2025-09-10,hospital admissions,2025-09-21,3,PT,median,,9.97672946113812
2025-09-10,hospital admissions,2025-09-28,4,PT,median,,12.749000493834826
2025-09-10,hospital admissions,2025-09-07,1,SK,quantile,0.01,0.0
2025-09-10,hospital admissions,2025-09-14,2,SK,quantile,0.01,0.0
2025-09-10,hospital admissions,2025-09-21,3,SK,quantile,0.01,0.0
2025-09-10,hospital admissions,2025-09-28,4,SK,quantile,0.01,0.0
2025-09-10,hospital admissions,2025-09-07,1,SK,quantile,0.025,0.0
2025-09-10,hospital admissions,2025-09-14,2,SK,quantile,0.025,0.0
2025-09-10,hospital admissions,2025-09-21,3,SK,quantile,0.025,0.0
2025-09-10,hospital admissions,2025-09-28,4,SK,quantile,0.025,0.0
2025-09-10,hospital admissions,2025-09-07,1,SK,quantile,0.05,0.0
2025-09-10,hospital admissions,2025-09-14,2,SK,quantile,0.05,0.0
2025-09-10,hospital admissions,2025-09-21,3,SK,quantile,0.05,0.0
2025-09-10,hospital admissions,2025-09-28,4,SK,quantile,0.05,0.0
2025-09-10,hospital admissions,2025-09-07,1,SK,quantile,0.1,0.0
2025-09-10,hospital admissions,2025-09-14,2,SK,quantile,0.1,0.0
2025-09-10,hospital admissions,2025-09-21,3,SK,quantile,0.1,0.0
2025-09-10,hospital admissions,2025-09-28,4,SK,quantile,0.1,0.0
2025-09-10,hospital admissions,2025-09-07,1,SK,quantile,0.15,0.0
2025-09-10,hospital admissions,2025-09-14,2,SK,quantile,0.15,0.0
2025-09-10,hospital admissions,2025-09-21,3,SK,quantile,0.15,0.0
2025-09-10,hospital admissions,2025-09-28,4,SK,quantile,0.15,0.0
2025-09-10,hospital admissions,2025-09-07,1,SK,quantile,0.2,0.0
2025-09-10,hospital admissions,2025-09-14,2,SK,quantile,0.2,0.0
2025-09-10,hospital admissions,2025-09-21,3,SK,quantile,0.2,0.0
2025-09-10,hospital admissions,2025-09-28,4,SK,quantile,0.2,0.0
2025-09-10,hospital admissions,2025-09-07,1,SK,quantile,0.25,0.0
2025-09-10,hospital admissions,2025-09-14,2,SK,quantile,0.25,0.0
2025-09-10,hospital admissions,2025-09-21,3,SK,quantile,0.25,0.0
2025-09-10,hospital admissions,2025-09-28,4,SK,quantile,0.25,0.0
2025-09-10,hospital admissions,2025-09-07,1,SK,quantile,0.3,0.0
2025-09-10,hospital admissions,2025-09-14,2,SK,quantile,0.3,0.0
2025-09-10,hospital admissions,2025-09-21,3,SK,quantile,0.3,0.0
2025-09-10,hospital admissions,2025-09-28,4,SK,quantile,0.3,0.0
2025-09-10,hospital admissions,2025-09-07,1,SK,quantile,0.35,0.0
2025-09-10,hospital admissions,2025-09-14,2,SK,quantile,0.35,0.0
2025-09-10,hospital admissions,2025-09-21,3,SK,quantile,0.35,0.0
2025-09-10,hospital admissions,2025-09-28,4,SK,quantile,0.35,0.0
2025-09-10,hospital admissions,2025-09-07,1,SK,quantile,0.4,0.8405645365940577
2025-09-10,hospital admissions,2025-09-14,2,SK,quantile,0.4,0.0
2025-09-10,hospital admissions,2025-09-21,3,SK,quantile,0.4,0.0
2025-09-10,hospital admissions,2025-09-28,4,SK,quantile,0.4,0.0
2025-09-10,hospital admissions,2025-09-07,1,SK,quantile,0.45,3.525846386096824
2025-09-10,hospital admissions,2025-09-14,2,SK,quantile,0.45,2.830914511666427
2025-09-10,hospital admissions,2025-09-21,3,SK,quantile,0.45,2.2565863375657784
2025-09-10,hospital admissions,2025-09-28,4,SK,quantile,0.45,1.7558614028489998
2025-09-10,hospital admissions,2025-09-07,1,SK,quantile,0.5,6.2005588900845945
2025-09-10,hospital admissions,2025-09-14,2,SK,quantile,0.5,6.2005588900845945
2025-09-10,hospital admissions,2025-09-21,3,SK,quantile,0.5,6.2005588900845945
2025-09-10,hospital admissions,2025-09-28,4,SK,quantile,0.5,6.2005588900845945
2025-09-10,hospital admissions,2025-09-07,1,SK,quantile,0.55,8.875271394072366
2025-09-10,hospital admissions,2025-09-14,2,SK,quantile,0.55,9.570203268502762
2025-09-10,hospital admissions,2025-09-21,3,SK,quantile,0.55,10.14453144260341
2025-09-10,hospital admissions,2025-09-28,4,SK,quantile,0.55,10.64525637732019
2025-09-10,hospital admissions,2025-09-07,1,SK,quantile,0.6,11.560553243575132
2025-09-10,hospital admissions,2025-09-14,2,SK,quantile,0.6,12.953163072651757
2025-09-10,hospital admissions,2025-09-21,3,SK,quantile,0.6,14.104088925669746
2025-09-10,hospital admissions,2025-09-28,4,SK,quantile,0.6,15.10751745069156
2025-09-10,hospital admissions,2025-09-07,1,SK,quantile,0.65,14.267269317215844
2025-09-10,hospital admissions,2025-09-14,2,SK,quantile,0.65,16.36312604546449
2025-09-10,hospital admissions,2025-09-21,3,SK,quantile,0.65,18.09525204543856
2025-09-10,hospital admissions,2025-09-28,4,SK,quantile,0.65,19.605396797811885
2025-09-10,hospital admissions,2025-09-07,1,SK,quantile,0.7,17.00689732482371
2025-09-10,hospital admissions,2025-09-14,2,SK,quantile,0.7,19.8145519841511
2025-09-10,hospital admissions,2025-09-21,3,SK,quantile,0.7,22.134945152644605
2025-09-10,hospital admissions,2025-09-28,4,SK,quantile,0.7,24.15796747717287
2025-09-10,hospital admissions,2025-09-07,1,SK,quantile,0.75,19.79189174137579
2025-09-10,hospital admissions,2025-09-14,2,SK,quantile,0.75,23.32313122983425
2025-09-10,hospital admissions,2025-09-21,3,SK,quantile,0.75,26.24153287802572
2025-09-10,hospital admissions,2025-09-28,4,SK,quantile,0.75,28.785925684553646
2025-09-10,hospital admissions,2025-09-07,1,SK,quantile,0.8,22.636126197912684
2025-09-10,hospital admissions,2025-09-14,2,SK,quantile,0.8,26.906341998499585
2025-09-10,hospital admissions,2025-09-21,3,SK,quantile,0.8,30.435472455750546
2025-09-10,hospital admissions,2025-09-28,4,SK,quantile,0.8,33.51232589512979
2025-09-10,hospital admissions,2025-09-07,1,SK,quantile,0.85,25.555458690283924
2025-09-10,hospital admissions,2025-09-14,2,SK,quantile,0.85,30.584162439756707
2025-09-10,hospital admissions,2025-09-21,3,SK,quantile,0.85,34.74014714673975
2025-09-10,hospital admissions,2025-09-28,4,SK,quantile,0.85,38.36352009783465
2025-09-10,hospital admissions,2025-09-07,1,SK,quantile,0.9,28.56848552327858
2025-09-10,hospital admissions,2025-09-14,2,SK,quantile,0.9,34.38002046737146
2025-09-10,hospital admissions,2025-09-21,3,SK,quantile,0.9,39.1829779600016
2025-09-10,hospital admissions,2025-09-28,4,SK,quantile,0.9,43.37041066032256
2025-09-10,hospital admissions,2025-09-07,1,SK,quantile,0.95,31.69758705758191
2025-09-10,hospital admissions,2025-09-14,2,SK,quantile,0.95,38.32211120753315
2025-09-10,hospital admissions,2025-09-21,3,SK,quantile,0.95,43.79696564912232
2025-09-10,hospital admissions,2025-09-28,4,SK,quantile,0.95,48.5701880966218
2025-09-10,hospital admissions,2025-09-07,1,SK,quantile,0.975,33.31405153874406
2025-09-10,hospital admissions,2025-09-14,2,SK,quantile,0.975,40.35855828128025
2025-09-10,hospital admissions,2025-09-21,3,SK,quantile,0.975,46.1805083799093
2025-09-10,hospital admissions,2025-09-28,4,SK,quantile,0.975,51.25634431225814
2025-09-10,hospital admissions,2025-09-07,1,SK,quantile,0.99,34.302806727722704
2025-09-10,hospital admissions,2025-09-14,2,SK,quantile,0.99,41.60420743392985
2025-09-10,hospital admissions,2025-09-21,3,SK,quantile,0.99,47.63846818705803
2025-09-10,hospital admissions,2025-09-28,4,SK,quantile,0.99,52.89940602352332
2025-09-10,hospital admissions,2025-09-07,1,SK,median,,6.2005588900845945
2025-09-10,hospital admissions,2025-09-14,2,SK,median,,6.2005588900845945
2025-09-10,hospital admissions,2025-09-21,3,SK,median,,6.2005588900845945
2025-09-10,hospital admissions,2025-09-28,4,SK,median,,6.2005588900845945
