"origin_date","target","target_end_date","horizon","location","output_type","output_type_id","value"
2025-08-06,"hospital admissions",2025-07-20,-1,"CZ","quantile","0.01",1
2025-08-06,"hospital admissions",2025-07-20,-1,"CZ","quantile","0.025",1
2025-08-06,"hospital admissions",2025-07-20,-1,"CZ","quantile","0.05",1
2025-08-06,"hospital admissions",2025-07-20,-1,"CZ","quantile","0.1",1
2025-08-06,"hospital admissions",2025-07-20,-1,"CZ","quantile","0.15",2
2025-08-06,"hospital admissions",2025-07-20,-1,"CZ","quantile","0.2",2
2025-08-06,"hospital admissions",2025-07-20,-1,"CZ","quantile","0.25",2
2025-08-06,"hospital admissions",2025-07-20,-1,"CZ","quantile","0.3",2
2025-08-06,"hospital admissions",2025-07-20,-1,"CZ","quantile","0.35",3
2025-08-06,"hospital admissions",2025-07-20,-1,"CZ","quantile","0.4",3
2025-08-06,"hospital admissions",2025-07-20,-1,"CZ","quantile","0.45",4
2025-08-06,"hospital admissions",2025-07-20,-1,"CZ","quantile","0.5",4
2025-08-06,"hospital admissions",2025-07-20,-1,"CZ","quantile","0.55",4
2025-08-06,"hospital admissions",2025-07-20,-1,"CZ","quantile","0.6",5
2025-08-06,"hospital admissions",2025-07-20,-1,"CZ","quantile","0.65",5
2025-08-06,"hospital admissions",2025-07-20,-1,"CZ","quantile","0.7",6
2025-08-06,"hospital admissions",2025-07-20,-1,"CZ","quantile","0.75",6
2025-08-06,"hospital admissions",2025-07-20,-1,"CZ","quantile","0.8",6
2025-08-06,"hospital admissions",2025-07-20,-1,"CZ","quantile","0.85",7
2025-08-06,"hospital admissions",2025-07-20,-1,"CZ","quantile","0.9",7
2025-08-06,"hospital admissions",2025-07-20,-1,"CZ","quantile","0.95",8
2025-08-06,"hospital admissions",2025-07-20,-1,"CZ","quantile","0.975",8
2025-08-06,"hospital admissions",2025-07-20,-1,"CZ","quantile","0.99",9
2025-08-06,"hospital admissions",2025-07-20,-1,"EE","quantile","0.01",2
2025-08-06,"hospital admissions",2025-07-20,-1,"EE","quantile","0.025",2
2025-08-06,"hospital admissions",2025-07-20,-1,"EE","quantile","0.05",2
2025-08-06,"hospital admissions",2025-07-20,-1,"EE","quantile","0.1",2
2025-08-06,"hospital admissions",2025-07-20,-1,"EE","quantile","0.15",2
2025-08-06,"hospital admissions",2025-07-20,-1,"EE","quantile","0.2",2
2025-08-06,"hospital admissions",2025-07-20,-1,"EE","quantile","0.25",2
2025-08-06,"hospital admissions",2025-07-20,-1,"EE","quantile","0.3",2
2025-08-06,"hospital admissions",2025-07-20,-1,"EE","quantile","0.35",2
2025-08-06,"hospital admissions",2025-07-20,-1,"EE","quantile","0.4",2
2025-08-06,"hospital admissions",2025-07-20,-1,"EE","quantile","0.45",2
2025-08-06,"hospital admissions",2025-07-20,-1,"EE","quantile","0.5",2
2025-08-06,"hospital admissions",2025-07-20,-1,"EE","quantile","0.55",2
2025-08-06,"hospital admissions",2025-07-20,-1,"EE","quantile","0.6",2
2025-08-06,"hospital admissions",2025-07-20,-1,"EE","quantile","0.65",2
2025-08-06,"hospital admissions",2025-07-20,-1,"EE","quantile","0.7",2
2025-08-06,"hospital admissions",2025-07-20,-1,"EE","quantile","0.75",2
2025-08-06,"hospital admissions",2025-07-20,-1,"EE","quantile","0.8",2
2025-08-06,"hospital admissions",2025-07-20,-1,"EE","quantile","0.85",2
2025-08-06,"hospital admissions",2025-07-20,-1,"EE","quantile","0.9",2
2025-08-06,"hospital admissions",2025-07-20,-1,"EE","quantile","0.95",2
2025-08-06,"hospital admissions",2025-07-20,-1,"EE","quantile","0.975",2
2025-08-06,"hospital admissions",2025-07-20,-1,"EE","quantile","0.99",2
2025-08-06,"hospital admissions",2025-07-20,-1,"GR","quantile","0.01",73
2025-08-06,"hospital admissions",2025-07-20,-1,"GR","quantile","0.025",73
2025-08-06,"hospital admissions",2025-07-20,-1,"GR","quantile","0.05",75
2025-08-06,"hospital admissions",2025-07-20,-1,"GR","quantile","0.1",79
2025-08-06,"hospital admissions",2025-07-20,-1,"GR","quantile","0.15",81
2025-08-06,"hospital admissions",2025-07-20,-1,"GR","quantile","0.2",83
2025-08-06,"hospital admissions",2025-07-20,-1,"GR","quantile","0.25",84
2025-08-06,"hospital admissions",2025-07-20,-1,"GR","quantile","0.3",86
2025-08-06,"hospital admissions",2025-07-20,-1,"GR","quantile","0.35",88
2025-08-06,"hospital admissions",2025-07-20,-1,"GR","quantile","0.4",90
2025-08-06,"hospital admissions",2025-07-20,-1,"GR","quantile","0.45",90
2025-08-06,"hospital admissions",2025-07-20,-1,"GR","quantile","0.5",92
2025-08-06,"hospital admissions",2025-07-20,-1,"GR","quantile","0.55",94
2025-08-06,"hospital admissions",2025-07-20,-1,"GR","quantile","0.6",96
2025-08-06,"hospital admissions",2025-07-20,-1,"GR","quantile","0.65",97
2025-08-06,"hospital admissions",2025-07-20,-1,"GR","quantile","0.7",98
2025-08-06,"hospital admissions",2025-07-20,-1,"GR","quantile","0.75",99
2025-08-06,"hospital admissions",2025-07-20,-1,"GR","quantile","0.8",100
2025-08-06,"hospital admissions",2025-07-20,-1,"GR","quantile","0.85",106
2025-08-06,"hospital admissions",2025-07-20,-1,"GR","quantile","0.9",115
2025-08-06,"hospital admissions",2025-07-20,-1,"GR","quantile","0.95",124
2025-08-06,"hospital admissions",2025-07-20,-1,"GR","quantile","0.975",126
2025-08-06,"hospital admissions",2025-07-20,-1,"GR","quantile","0.99",127
2025-08-06,"hospital admissions",2025-07-20,-1,"LV","quantile","0.01",4
2025-08-06,"hospital admissions",2025-07-20,-1,"LV","quantile","0.025",5
2025-08-06,"hospital admissions",2025-07-20,-1,"LV","quantile","0.05",5
2025-08-06,"hospital admissions",2025-07-20,-1,"LV","quantile","0.1",6
2025-08-06,"hospital admissions",2025-07-20,-1,"LV","quantile","0.15",7
2025-08-06,"hospital admissions",2025-07-20,-1,"LV","quantile","0.2",7
2025-08-06,"hospital admissions",2025-07-20,-1,"LV","quantile","0.25",7
2025-08-06,"hospital admissions",2025-07-20,-1,"LV","quantile","0.3",8
2025-08-06,"hospital admissions",2025-07-20,-1,"LV","quantile","0.35",8
2025-08-06,"hospital admissions",2025-07-20,-1,"LV","quantile","0.4",8
2025-08-06,"hospital admissions",2025-07-20,-1,"LV","quantile","0.45",9
2025-08-06,"hospital admissions",2025-07-20,-1,"LV","quantile","0.5",9
2025-08-06,"hospital admissions",2025-07-20,-1,"LV","quantile","0.55",9
2025-08-06,"hospital admissions",2025-07-20,-1,"LV","quantile","0.6",9
2025-08-06,"hospital admissions",2025-07-20,-1,"LV","quantile","0.65",9
2025-08-06,"hospital admissions",2025-07-20,-1,"LV","quantile","0.7",9
2025-08-06,"hospital admissions",2025-07-20,-1,"LV","quantile","0.75",9
2025-08-06,"hospital admissions",2025-07-20,-1,"LV","quantile","0.8",10
2025-08-06,"hospital admissions",2025-07-20,-1,"LV","quantile","0.85",10
2025-08-06,"hospital admissions",2025-07-20,-1,"LV","quantile","0.9",10
2025-08-06,"hospital admissions",2025-07-20,-1,"LV","quantile","0.95",11
2025-08-06,"hospital admissions",2025-07-20,-1,"LV","quantile","0.975",12
2025-08-06,"hospital admissions",2025-07-20,-1,"LV","quantile","0.99",12
2025-08-06,"hospital admissions",2025-07-20,-1,"PL","quantile","0.01",10
2025-08-06,"hospital admissions",2025-07-20,-1,"PL","quantile","0.025",11
2025-08-06,"hospital admissions",2025-07-20,-1,"PL","quantile","0.05",11
2025-08-06,"hospital admissions",2025-07-20,-1,"PL","quantile","0.1",12
2025-08-06,"hospital admissions",2025-07-20,-1,"PL","quantile","0.15",13
2025-08-06,"hospital admissions",2025-07-20,-1,"PL","quantile","0.2",13
2025-08-06,"hospital admissions",2025-07-20,-1,"PL","quantile","0.25",13
2025-08-06,"hospital admissions",2025-07-20,-1,"PL","quantile","0.3",14
2025-08-06,"hospital admissions",2025-07-20,-1,"PL","quantile","0.35",15
2025-08-06,"hospital admissions",2025-07-20,-1,"PL","quantile","0.4",15
2025-08-06,"hospital admissions",2025-07-20,-1,"PL","quantile","0.45",15
2025-08-06,"hospital admissions",2025-07-20,-1,"PL","quantile","0.5",16
2025-08-06,"hospital admissions",2025-07-20,-1,"PL","quantile","0.55",16
2025-08-06,"hospital admissions",2025-07-20,-1,"PL","quantile","0.6",17
2025-08-06,"hospital admissions",2025-07-20,-1,"PL","quantile","0.65",17
2025-08-06,"hospital admissions",2025-07-20,-1,"PL","quantile","0.7",18
2025-08-06,"hospital admissions",2025-07-20,-1,"PL","quantile","0.75",18
2025-08-06,"hospital admissions",2025-07-20,-1,"PL","quantile","0.8",18
2025-08-06,"hospital admissions",2025-07-20,-1,"PL","quantile","0.85",19
2025-08-06,"hospital admissions",2025-07-20,-1,"PL","quantile","0.9",19
2025-08-06,"hospital admissions",2025-07-20,-1,"PL","quantile","0.95",20
2025-08-06,"hospital admissions",2025-07-20,-1,"PL","quantile","0.975",21
2025-08-06,"hospital admissions",2025-07-20,-1,"PL","quantile","0.99",22
2025-08-06,"hospital admissions",2025-07-20,-1,"SK","quantile","0.01",2
2025-08-06,"hospital admissions",2025-07-20,-1,"SK","quantile","0.025",2
2025-08-06,"hospital admissions",2025-07-20,-1,"SK","quantile","0.05",2
2025-08-06,"hospital admissions",2025-07-20,-1,"SK","quantile","0.1",2
2025-08-06,"hospital admissions",2025-07-20,-1,"SK","quantile","0.15",2
2025-08-06,"hospital admissions",2025-07-20,-1,"SK","quantile","0.2",2
2025-08-06,"hospital admissions",2025-07-20,-1,"SK","quantile","0.25",2
2025-08-06,"hospital admissions",2025-07-20,-1,"SK","quantile","0.3",2
2025-08-06,"hospital admissions",2025-07-20,-1,"SK","quantile","0.35",2
2025-08-06,"hospital admissions",2025-07-20,-1,"SK","quantile","0.4",2
2025-08-06,"hospital admissions",2025-07-20,-1,"SK","quantile","0.45",2
2025-08-06,"hospital admissions",2025-07-20,-1,"SK","quantile","0.5",2
2025-08-06,"hospital admissions",2025-07-20,-1,"SK","quantile","0.55",2
2025-08-06,"hospital admissions",2025-07-20,-1,"SK","quantile","0.6",2
2025-08-06,"hospital admissions",2025-07-20,-1,"SK","quantile","0.65",3
2025-08-06,"hospital admissions",2025-07-20,-1,"SK","quantile","0.7",3
2025-08-06,"hospital admissions",2025-07-20,-1,"SK","quantile","0.75",3
2025-08-06,"hospital admissions",2025-07-20,-1,"SK","quantile","0.8",3
2025-08-06,"hospital admissions",2025-07-20,-1,"SK","quantile","0.85",3
2025-08-06,"hospital admissions",2025-07-20,-1,"SK","quantile","0.9",3
2025-08-06,"hospital admissions",2025-07-20,-1,"SK","quantile","0.95",3
2025-08-06,"hospital admissions",2025-07-20,-1,"SK","quantile","0.975",3
2025-08-06,"hospital admissions",2025-07-20,-1,"SK","quantile","0.99",4
2025-08-06,"hospital admissions",2025-07-27,0,"CZ","quantile","0.01",3
2025-08-06,"hospital admissions",2025-07-27,0,"CZ","quantile","0.025",3
2025-08-06,"hospital admissions",2025-07-27,0,"CZ","quantile","0.05",3
2025-08-06,"hospital admissions",2025-07-27,0,"CZ","quantile","0.1",3
2025-08-06,"hospital admissions",2025-07-27,0,"CZ","quantile","0.15",3
2025-08-06,"hospital admissions",2025-07-27,0,"CZ","quantile","0.2",3
2025-08-06,"hospital admissions",2025-07-27,0,"CZ","quantile","0.25",3
2025-08-06,"hospital admissions",2025-07-27,0,"CZ","quantile","0.3",4
2025-08-06,"hospital admissions",2025-07-27,0,"CZ","quantile","0.35",4
2025-08-06,"hospital admissions",2025-07-27,0,"CZ","quantile","0.4",4
2025-08-06,"hospital admissions",2025-07-27,0,"CZ","quantile","0.45",4
2025-08-06,"hospital admissions",2025-07-27,0,"CZ","quantile","0.5",4
2025-08-06,"hospital admissions",2025-07-27,0,"CZ","quantile","0.55",4
2025-08-06,"hospital admissions",2025-07-27,0,"CZ","quantile","0.6",4
2025-08-06,"hospital admissions",2025-07-27,0,"CZ","quantile","0.65",4
2025-08-06,"hospital admissions",2025-07-27,0,"CZ","quantile","0.7",4
2025-08-06,"hospital admissions",2025-07-27,0,"CZ","quantile","0.75",4
2025-08-06,"hospital admissions",2025-07-27,0,"CZ","quantile","0.8",4
2025-08-06,"hospital admissions",2025-07-27,0,"CZ","quantile","0.85",4
2025-08-06,"hospital admissions",2025-07-27,0,"CZ","quantile","0.9",4
2025-08-06,"hospital admissions",2025-07-27,0,"CZ","quantile","0.95",5
2025-08-06,"hospital admissions",2025-07-27,0,"CZ","quantile","0.975",5
2025-08-06,"hospital admissions",2025-07-27,0,"CZ","quantile","0.99",5
2025-08-06,"hospital admissions",2025-07-27,0,"EE","quantile","0.01",4
2025-08-06,"hospital admissions",2025-07-27,0,"EE","quantile","0.025",4
2025-08-06,"hospital admissions",2025-07-27,0,"EE","quantile","0.05",4
2025-08-06,"hospital admissions",2025-07-27,0,"EE","quantile","0.1",4
2025-08-06,"hospital admissions",2025-07-27,0,"EE","quantile","0.15",4
2025-08-06,"hospital admissions",2025-07-27,0,"EE","quantile","0.2",4
2025-08-06,"hospital admissions",2025-07-27,0,"EE","quantile","0.25",4
2025-08-06,"hospital admissions",2025-07-27,0,"EE","quantile","0.3",4
2025-08-06,"hospital admissions",2025-07-27,0,"EE","quantile","0.35",4
2025-08-06,"hospital admissions",2025-07-27,0,"EE","quantile","0.4",4
2025-08-06,"hospital admissions",2025-07-27,0,"EE","quantile","0.45",4
2025-08-06,"hospital admissions",2025-07-27,0,"EE","quantile","0.5",4
2025-08-06,"hospital admissions",2025-07-27,0,"EE","quantile","0.55",4
2025-08-06,"hospital admissions",2025-07-27,0,"EE","quantile","0.6",4
2025-08-06,"hospital admissions",2025-07-27,0,"EE","quantile","0.65",4
2025-08-06,"hospital admissions",2025-07-27,0,"EE","quantile","0.7",4
2025-08-06,"hospital admissions",2025-07-27,0,"EE","quantile","0.75",4
2025-08-06,"hospital admissions",2025-07-27,0,"EE","quantile","0.8",4
2025-08-06,"hospital admissions",2025-07-27,0,"EE","quantile","0.85",4
2025-08-06,"hospital admissions",2025-07-27,0,"EE","quantile","0.9",4
2025-08-06,"hospital admissions",2025-07-27,0,"EE","quantile","0.95",4
2025-08-06,"hospital admissions",2025-07-27,0,"EE","quantile","0.975",4
2025-08-06,"hospital admissions",2025-07-27,0,"EE","quantile","0.99",4
2025-08-06,"hospital admissions",2025-07-27,0,"GR","quantile","0.01",72
2025-08-06,"hospital admissions",2025-07-27,0,"GR","quantile","0.025",75
2025-08-06,"hospital admissions",2025-07-27,0,"GR","quantile","0.05",77
2025-08-06,"hospital admissions",2025-07-27,0,"GR","quantile","0.1",78
2025-08-06,"hospital admissions",2025-07-27,0,"GR","quantile","0.15",79
2025-08-06,"hospital admissions",2025-07-27,0,"GR","quantile","0.2",82
2025-08-06,"hospital admissions",2025-07-27,0,"GR","quantile","0.25",84
2025-08-06,"hospital admissions",2025-07-27,0,"GR","quantile","0.3",85
2025-08-06,"hospital admissions",2025-07-27,0,"GR","quantile","0.35",86
2025-08-06,"hospital admissions",2025-07-27,0,"GR","quantile","0.4",87
2025-08-06,"hospital admissions",2025-07-27,0,"GR","quantile","0.45",89
2025-08-06,"hospital admissions",2025-07-27,0,"GR","quantile","0.5",90
2025-08-06,"hospital admissions",2025-07-27,0,"GR","quantile","0.55",92
2025-08-06,"hospital admissions",2025-07-27,0,"GR","quantile","0.6",93
2025-08-06,"hospital admissions",2025-07-27,0,"GR","quantile","0.65",94
2025-08-06,"hospital admissions",2025-07-27,0,"GR","quantile","0.7",94
2025-08-06,"hospital admissions",2025-07-27,0,"GR","quantile","0.75",96
2025-08-06,"hospital admissions",2025-07-27,0,"GR","quantile","0.8",100
2025-08-06,"hospital admissions",2025-07-27,0,"GR","quantile","0.85",106
2025-08-06,"hospital admissions",2025-07-27,0,"GR","quantile","0.9",112
2025-08-06,"hospital admissions",2025-07-27,0,"GR","quantile","0.95",124
2025-08-06,"hospital admissions",2025-07-27,0,"GR","quantile","0.975",133
2025-08-06,"hospital admissions",2025-07-27,0,"GR","quantile","0.99",139
2025-08-06,"hospital admissions",2025-07-27,0,"LV","quantile","0.01",6
2025-08-06,"hospital admissions",2025-07-27,0,"LV","quantile","0.025",6
2025-08-06,"hospital admissions",2025-07-27,0,"LV","quantile","0.05",6
2025-08-06,"hospital admissions",2025-07-27,0,"LV","quantile","0.1",7
2025-08-06,"hospital admissions",2025-07-27,0,"LV","quantile","0.15",7
2025-08-06,"hospital admissions",2025-07-27,0,"LV","quantile","0.2",7
2025-08-06,"hospital admissions",2025-07-27,0,"LV","quantile","0.25",7
2025-08-06,"hospital admissions",2025-07-27,0,"LV","quantile","0.3",7
2025-08-06,"hospital admissions",2025-07-27,0,"LV","quantile","0.35",8
2025-08-06,"hospital admissions",2025-07-27,0,"LV","quantile","0.4",8
2025-08-06,"hospital admissions",2025-07-27,0,"LV","quantile","0.45",8
2025-08-06,"hospital admissions",2025-07-27,0,"LV","quantile","0.5",8
2025-08-06,"hospital admissions",2025-07-27,0,"LV","quantile","0.55",8
2025-08-06,"hospital admissions",2025-07-27,0,"LV","quantile","0.6",8
2025-08-06,"hospital admissions",2025-07-27,0,"LV","quantile","0.65",8
2025-08-06,"hospital admissions",2025-07-27,0,"LV","quantile","0.7",8
2025-08-06,"hospital admissions",2025-07-27,0,"LV","quantile","0.75",8
2025-08-06,"hospital admissions",2025-07-27,0,"LV","quantile","0.8",8
2025-08-06,"hospital admissions",2025-07-27,0,"LV","quantile","0.85",8
2025-08-06,"hospital admissions",2025-07-27,0,"LV","quantile","0.9",9
2025-08-06,"hospital admissions",2025-07-27,0,"LV","quantile","0.95",9
2025-08-06,"hospital admissions",2025-07-27,0,"LV","quantile","0.975",9
2025-08-06,"hospital admissions",2025-07-27,0,"LV","quantile","0.99",9
2025-08-06,"hospital admissions",2025-07-27,0,"PL","quantile","0.01",8
2025-08-06,"hospital admissions",2025-07-27,0,"PL","quantile","0.025",8
2025-08-06,"hospital admissions",2025-07-27,0,"PL","quantile","0.05",9
2025-08-06,"hospital admissions",2025-07-27,0,"PL","quantile","0.1",9
2025-08-06,"hospital admissions",2025-07-27,0,"PL","quantile","0.15",9
2025-08-06,"hospital admissions",2025-07-27,0,"PL","quantile","0.2",9
2025-08-06,"hospital admissions",2025-07-27,0,"PL","quantile","0.25",10
2025-08-06,"hospital admissions",2025-07-27,0,"PL","quantile","0.3",10
2025-08-06,"hospital admissions",2025-07-27,0,"PL","quantile","0.35",10
2025-08-06,"hospital admissions",2025-07-27,0,"PL","quantile","0.4",10
2025-08-06,"hospital admissions",2025-07-27,0,"PL","quantile","0.45",10
2025-08-06,"hospital admissions",2025-07-27,0,"PL","quantile","0.5",10
2025-08-06,"hospital admissions",2025-07-27,0,"PL","quantile","0.55",10
2025-08-06,"hospital admissions",2025-07-27,0,"PL","quantile","0.6",10
2025-08-06,"hospital admissions",2025-07-27,0,"PL","quantile","0.65",10
2025-08-06,"hospital admissions",2025-07-27,0,"PL","quantile","0.7",10
2025-08-06,"hospital admissions",2025-07-27,0,"PL","quantile","0.75",10
2025-08-06,"hospital admissions",2025-07-27,0,"PL","quantile","0.8",10
2025-08-06,"hospital admissions",2025-07-27,0,"PL","quantile","0.85",11
2025-08-06,"hospital admissions",2025-07-27,0,"PL","quantile","0.9",11
2025-08-06,"hospital admissions",2025-07-27,0,"PL","quantile","0.95",12
2025-08-06,"hospital admissions",2025-07-27,0,"PL","quantile","0.975",13
2025-08-06,"hospital admissions",2025-07-27,0,"PL","quantile","0.99",13
2025-08-06,"hospital admissions",2025-07-27,0,"SK","median","",3
2025-08-06,"hospital admissions",2025-07-27,0,"SK","quantile","0.01",1.5
2025-08-06,"hospital admissions",2025-07-27,0,"SK","quantile","0.025",1.5
2025-08-06,"hospital admissions",2025-07-27,0,"SK","quantile","0.05",1.5
2025-08-06,"hospital admissions",2025-07-27,0,"SK","quantile","0.1",1.5
2025-08-06,"hospital admissions",2025-07-27,0,"SK","quantile","0.15",1.5
2025-08-06,"hospital admissions",2025-07-27,0,"SK","quantile","0.2",1.5
2025-08-06,"hospital admissions",2025-07-27,0,"SK","quantile","0.25",1.5
2025-08-06,"hospital admissions",2025-07-27,0,"SK","quantile","0.3",1.5
2025-08-06,"hospital admissions",2025-07-27,0,"SK","quantile","0.35",1.5
2025-08-06,"hospital admissions",2025-07-27,0,"SK","quantile","0.4",1.5
2025-08-06,"hospital admissions",2025-07-27,0,"SK","quantile","0.45",1.5
2025-08-06,"hospital admissions",2025-07-27,0,"SK","quantile","0.5",2
2025-08-06,"hospital admissions",2025-07-27,0,"SK","quantile","0.55",2
2025-08-06,"hospital admissions",2025-07-27,0,"SK","quantile","0.6",2
2025-08-06,"hospital admissions",2025-07-27,0,"SK","quantile","0.65",2
2025-08-06,"hospital admissions",2025-07-27,0,"SK","quantile","0.7",2
2025-08-06,"hospital admissions",2025-07-27,0,"SK","quantile","0.75",2
2025-08-06,"hospital admissions",2025-07-27,0,"SK","quantile","0.8",2
2025-08-06,"hospital admissions",2025-07-27,0,"SK","quantile","0.85",2
2025-08-06,"hospital admissions",2025-07-27,0,"SK","quantile","0.9",2.5
2025-08-06,"hospital admissions",2025-07-27,0,"SK","quantile","0.95",3
2025-08-06,"hospital admissions",2025-07-27,0,"SK","quantile","0.975",3
2025-08-06,"hospital admissions",2025-07-27,0,"SK","quantile","0.99",3.5
2025-08-06,"hospital admissions",2025-08-03,1,"CZ","median","",3.5
2025-08-06,"hospital admissions",2025-08-03,1,"CZ","quantile","0.01",0
2025-08-06,"hospital admissions",2025-08-03,1,"CZ","quantile","0.025",0
2025-08-06,"hospital admissions",2025-08-03,1,"CZ","quantile","0.05",0
2025-08-06,"hospital admissions",2025-08-03,1,"CZ","quantile","0.1",1
2025-08-06,"hospital admissions",2025-08-03,1,"CZ","quantile","0.15",1
2025-08-06,"hospital admissions",2025-08-03,1,"CZ","quantile","0.2",1
2025-08-06,"hospital admissions",2025-08-03,1,"CZ","quantile","0.25",1
2025-08-06,"hospital admissions",2025-08-03,1,"CZ","quantile","0.3",1
2025-08-06,"hospital admissions",2025-08-03,1,"CZ","quantile","0.35",2
2025-08-06,"hospital admissions",2025-08-03,1,"CZ","quantile","0.4",2
2025-08-06,"hospital admissions",2025-08-03,1,"CZ","quantile","0.45",2
2025-08-06,"hospital admissions",2025-08-03,1,"CZ","quantile","0.5",4
2025-08-06,"hospital admissions",2025-08-03,1,"CZ","quantile","0.55",6
2025-08-06,"hospital admissions",2025-08-03,1,"CZ","quantile","0.6",7
2025-08-06,"hospital admissions",2025-08-03,1,"CZ","quantile","0.65",7
2025-08-06,"hospital admissions",2025-08-03,1,"CZ","quantile","0.7",7
2025-08-06,"hospital admissions",2025-08-03,1,"CZ","quantile","0.75",8
2025-08-06,"hospital admissions",2025-08-03,1,"CZ","quantile","0.8",8
2025-08-06,"hospital admissions",2025-08-03,1,"CZ","quantile","0.85",9
2025-08-06,"hospital admissions",2025-08-03,1,"CZ","quantile","0.9",10
2025-08-06,"hospital admissions",2025-08-03,1,"CZ","quantile","0.95",11
2025-08-06,"hospital admissions",2025-08-03,1,"CZ","quantile","0.975",13
2025-08-06,"hospital admissions",2025-08-03,1,"CZ","quantile","0.99",15
2025-08-06,"hospital admissions",2025-08-03,1,"EE","median","",4.5
2025-08-06,"hospital admissions",2025-08-03,1,"EE","quantile","0.01",0
2025-08-06,"hospital admissions",2025-08-03,1,"EE","quantile","0.025",0
2025-08-06,"hospital admissions",2025-08-03,1,"EE","quantile","0.05",0
2025-08-06,"hospital admissions",2025-08-03,1,"EE","quantile","0.1",1
2025-08-06,"hospital admissions",2025-08-03,1,"EE","quantile","0.15",1
2025-08-06,"hospital admissions",2025-08-03,1,"EE","quantile","0.2",1
2025-08-06,"hospital admissions",2025-08-03,1,"EE","quantile","0.25",1
2025-08-06,"hospital admissions",2025-08-03,1,"EE","quantile","0.3",1
2025-08-06,"hospital admissions",2025-08-03,1,"EE","quantile","0.35",1
2025-08-06,"hospital admissions",2025-08-03,1,"EE","quantile","0.4",2
2025-08-06,"hospital admissions",2025-08-03,1,"EE","quantile","0.45",2
2025-08-06,"hospital admissions",2025-08-03,1,"EE","quantile","0.5",4
2025-08-06,"hospital admissions",2025-08-03,1,"EE","quantile","0.55",5
2025-08-06,"hospital admissions",2025-08-03,1,"EE","quantile","0.6",5
2025-08-06,"hospital admissions",2025-08-03,1,"EE","quantile","0.65",6
2025-08-06,"hospital admissions",2025-08-03,1,"EE","quantile","0.7",6
2025-08-06,"hospital admissions",2025-08-03,1,"EE","quantile","0.75",7
2025-08-06,"hospital admissions",2025-08-03,1,"EE","quantile","0.8",8
2025-08-06,"hospital admissions",2025-08-03,1,"EE","quantile","0.85",10
2025-08-06,"hospital admissions",2025-08-03,1,"EE","quantile","0.9",12
2025-08-06,"hospital admissions",2025-08-03,1,"EE","quantile","0.95",17
2025-08-06,"hospital admissions",2025-08-03,1,"EE","quantile","0.975",21
2025-08-06,"hospital admissions",2025-08-03,1,"EE","quantile","0.99",28
2025-08-06,"hospital admissions",2025-08-03,1,"GR","median","",163
2025-08-06,"hospital admissions",2025-08-03,1,"GR","quantile","0.01",46
2025-08-06,"hospital admissions",2025-08-03,1,"GR","quantile","0.025",48
2025-08-06,"hospital admissions",2025-08-03,1,"GR","quantile","0.05",55
2025-08-06,"hospital admissions",2025-08-03,1,"GR","quantile","0.1",57
2025-08-06,"hospital admissions",2025-08-03,1,"GR","quantile","0.15",59
2025-08-06,"hospital admissions",2025-08-03,1,"GR","quantile","0.2",62
2025-08-06,"hospital admissions",2025-08-03,1,"GR","quantile","0.25",64
2025-08-06,"hospital admissions",2025-08-03,1,"GR","quantile","0.3",76
2025-08-06,"hospital admissions",2025-08-03,1,"GR","quantile","0.35",98
2025-08-06,"hospital admissions",2025-08-03,1,"GR","quantile","0.4",120
2025-08-06,"hospital admissions",2025-08-03,1,"GR","quantile","0.45",140
2025-08-06,"hospital admissions",2025-08-03,1,"GR","quantile","0.5",160
2025-08-06,"hospital admissions",2025-08-03,1,"GR","quantile","0.55",166
2025-08-06,"hospital admissions",2025-08-03,1,"GR","quantile","0.6",170
2025-08-06,"hospital admissions",2025-08-03,1,"GR","quantile","0.65",174
2025-08-06,"hospital admissions",2025-08-03,1,"GR","quantile","0.7",179
2025-08-06,"hospital admissions",2025-08-03,1,"GR","quantile","0.75",183
2025-08-06,"hospital admissions",2025-08-03,1,"GR","quantile","0.8",189
2025-08-06,"hospital admissions",2025-08-03,1,"GR","quantile","0.85",195
2025-08-06,"hospital admissions",2025-08-03,1,"GR","quantile","0.9",203
2025-08-06,"hospital admissions",2025-08-03,1,"GR","quantile","0.95",217
2025-08-06,"hospital admissions",2025-08-03,1,"GR","quantile","0.975",230
2025-08-06,"hospital admissions",2025-08-03,1,"GR","quantile","0.99",244
2025-08-06,"hospital admissions",2025-08-03,1,"IE","median","",166
2025-08-06,"hospital admissions",2025-08-03,1,"IE","quantile","0.01",74.5
2025-08-06,"hospital admissions",2025-08-03,1,"IE","quantile","0.025",76
2025-08-06,"hospital admissions",2025-08-03,1,"IE","quantile","0.05",77.5
2025-08-06,"hospital admissions",2025-08-03,1,"IE","quantile","0.1",91.5
2025-08-06,"hospital admissions",2025-08-03,1,"IE","quantile","0.15",106.5
2025-08-06,"hospital admissions",2025-08-03,1,"IE","quantile","0.2",117.5
2025-08-06,"hospital admissions",2025-08-03,1,"IE","quantile","0.25",127.5
2025-08-06,"hospital admissions",2025-08-03,1,"IE","quantile","0.3",136.5
2025-08-06,"hospital admissions",2025-08-03,1,"IE","quantile","0.35",144
2025-08-06,"hospital admissions",2025-08-03,1,"IE","quantile","0.4",151.5
2025-08-06,"hospital admissions",2025-08-03,1,"IE","quantile","0.45",158.5
2025-08-06,"hospital admissions",2025-08-03,1,"IE","quantile","0.5",166.5
2025-08-06,"hospital admissions",2025-08-03,1,"IE","quantile","0.55",174.5
2025-08-06,"hospital admissions",2025-08-03,1,"IE","quantile","0.6",181.5
2025-08-06,"hospital admissions",2025-08-03,1,"IE","quantile","0.65",189
2025-08-06,"hospital admissions",2025-08-03,1,"IE","quantile","0.7",197.5
2025-08-06,"hospital admissions",2025-08-03,1,"IE","quantile","0.75",206
2025-08-06,"hospital admissions",2025-08-03,1,"IE","quantile","0.8",216
2025-08-06,"hospital admissions",2025-08-03,1,"IE","quantile","0.85",227
2025-08-06,"hospital admissions",2025-08-03,1,"IE","quantile","0.9",241
2025-08-06,"hospital admissions",2025-08-03,1,"IE","quantile","0.95",261.5
2025-08-06,"hospital admissions",2025-08-03,1,"IE","quantile","0.975",281.5
2025-08-06,"hospital admissions",2025-08-03,1,"IE","quantile","0.99",303.5
2025-08-06,"hospital admissions",2025-08-03,1,"LV","median","",8
2025-08-06,"hospital admissions",2025-08-03,1,"LV","quantile","0.01",1
2025-08-06,"hospital admissions",2025-08-03,1,"LV","quantile","0.025",1
2025-08-06,"hospital admissions",2025-08-03,1,"LV","quantile","0.05",1
2025-08-06,"hospital admissions",2025-08-03,1,"LV","quantile","0.1",2
2025-08-06,"hospital admissions",2025-08-03,1,"LV","quantile","0.15",2
2025-08-06,"hospital admissions",2025-08-03,1,"LV","quantile","0.2",2
2025-08-06,"hospital admissions",2025-08-03,1,"LV","quantile","0.25",2
2025-08-06,"hospital admissions",2025-08-03,1,"LV","quantile","0.3",3
2025-08-06,"hospital admissions",2025-08-03,1,"LV","quantile","0.35",3
2025-08-06,"hospital admissions",2025-08-03,1,"LV","quantile","0.4",4
2025-08-06,"hospital admissions",2025-08-03,1,"LV","quantile","0.45",4
2025-08-06,"hospital admissions",2025-08-03,1,"LV","quantile","0.5",8
2025-08-06,"hospital admissions",2025-08-03,1,"LV","quantile","0.55",9
2025-08-06,"hospital admissions",2025-08-03,1,"LV","quantile","0.6",10
2025-08-06,"hospital admissions",2025-08-03,1,"LV","quantile","0.65",10
2025-08-06,"hospital admissions",2025-08-03,1,"LV","quantile","0.7",11
2025-08-06,"hospital admissions",2025-08-03,1,"LV","quantile","0.75",12
2025-08-06,"hospital admissions",2025-08-03,1,"LV","quantile","0.8",12
2025-08-06,"hospital admissions",2025-08-03,1,"LV","quantile","0.85",13
2025-08-06,"hospital admissions",2025-08-03,1,"LV","quantile","0.9",15
2025-08-06,"hospital admissions",2025-08-03,1,"LV","quantile","0.95",17
2025-08-06,"hospital admissions",2025-08-03,1,"LV","quantile","0.975",19
2025-08-06,"hospital admissions",2025-08-03,1,"LV","quantile","0.99",22
2025-08-06,"hospital admissions",2025-08-03,1,"MT","median","",69
2025-08-06,"hospital admissions",2025-08-03,1,"MT","quantile","0.01",45
2025-08-06,"hospital admissions",2025-08-03,1,"MT","quantile","0.025",48.5
2025-08-06,"hospital admissions",2025-08-03,1,"MT","quantile","0.05",52
2025-08-06,"hospital admissions",2025-08-03,1,"MT","quantile","0.1",56
2025-08-06,"hospital admissions",2025-08-03,1,"MT","quantile","0.15",58.5
2025-08-06,"hospital admissions",2025-08-03,1,"MT","quantile","0.2",60.5
2025-08-06,"hospital admissions",2025-08-03,1,"MT","quantile","0.25",62.5
2025-08-06,"hospital admissions",2025-08-03,1,"MT","quantile","0.3",64
2025-08-06,"hospital admissions",2025-08-03,1,"MT","quantile","0.35",65
2025-08-06,"hospital admissions",2025-08-03,1,"MT","quantile","0.4",66.5
2025-08-06,"hospital admissions",2025-08-03,1,"MT","quantile","0.45",68
2025-08-06,"hospital admissions",2025-08-03,1,"MT","quantile","0.5",69
2025-08-06,"hospital admissions",2025-08-03,1,"MT","quantile","0.55",70.5
2025-08-06,"hospital admissions",2025-08-03,1,"MT","quantile","0.6",72
2025-08-06,"hospital admissions",2025-08-03,1,"MT","quantile","0.65",73
2025-08-06,"hospital admissions",2025-08-03,1,"MT","quantile","0.7",74.5
2025-08-06,"hospital admissions",2025-08-03,1,"MT","quantile","0.75",76
2025-08-06,"hospital admissions",2025-08-03,1,"MT","quantile","0.8",78
2025-08-06,"hospital admissions",2025-08-03,1,"MT","quantile","0.85",80.5
2025-08-06,"hospital admissions",2025-08-03,1,"MT","quantile","0.9",83
2025-08-06,"hospital admissions",2025-08-03,1,"MT","quantile","0.95",87
2025-08-06,"hospital admissions",2025-08-03,1,"MT","quantile","0.975",90
2025-08-06,"hospital admissions",2025-08-03,1,"MT","quantile","0.99",94.5
2025-08-06,"hospital admissions",2025-08-03,1,"PL","median","",5
2025-08-06,"hospital admissions",2025-08-03,1,"PL","quantile","0.01",1
2025-08-06,"hospital admissions",2025-08-03,1,"PL","quantile","0.025",1
2025-08-06,"hospital admissions",2025-08-03,1,"PL","quantile","0.05",2
2025-08-06,"hospital admissions",2025-08-03,1,"PL","quantile","0.1",2
2025-08-06,"hospital admissions",2025-08-03,1,"PL","quantile","0.15",3
2025-08-06,"hospital admissions",2025-08-03,1,"PL","quantile","0.2",4
2025-08-06,"hospital admissions",2025-08-03,1,"PL","quantile","0.25",4
2025-08-06,"hospital admissions",2025-08-03,1,"PL","quantile","0.3",5
2025-08-06,"hospital admissions",2025-08-03,1,"PL","quantile","0.35",5
2025-08-06,"hospital admissions",2025-08-03,1,"PL","quantile","0.4",5
2025-08-06,"hospital admissions",2025-08-03,1,"PL","quantile","0.45",6
2025-08-06,"hospital admissions",2025-08-03,1,"PL","quantile","0.5",6
2025-08-06,"hospital admissions",2025-08-03,1,"PL","quantile","0.55",8
2025-08-06,"hospital admissions",2025-08-03,1,"PL","quantile","0.6",9
2025-08-06,"hospital admissions",2025-08-03,1,"PL","quantile","0.65",9
2025-08-06,"hospital admissions",2025-08-03,1,"PL","quantile","0.7",10
2025-08-06,"hospital admissions",2025-08-03,1,"PL","quantile","0.75",11
2025-08-06,"hospital admissions",2025-08-03,1,"PL","quantile","0.8",12
2025-08-06,"hospital admissions",2025-08-03,1,"PL","quantile","0.85",13
2025-08-06,"hospital admissions",2025-08-03,1,"PL","quantile","0.9",15
2025-08-06,"hospital admissions",2025-08-03,1,"PL","quantile","0.95",17
2025-08-06,"hospital admissions",2025-08-03,1,"PL","quantile","0.975",20
2025-08-06,"hospital admissions",2025-08-03,1,"PL","quantile","0.99",24
2025-08-06,"hospital admissions",2025-08-03,1,"PT","median","",0
2025-08-06,"hospital admissions",2025-08-03,1,"PT","quantile","0.01",0
2025-08-06,"hospital admissions",2025-08-03,1,"PT","quantile","0.025",0
2025-08-06,"hospital admissions",2025-08-03,1,"PT","quantile","0.05",0
2025-08-06,"hospital admissions",2025-08-03,1,"PT","quantile","0.1",0
2025-08-06,"hospital admissions",2025-08-03,1,"PT","quantile","0.15",0
2025-08-06,"hospital admissions",2025-08-03,1,"PT","quantile","0.2",0
2025-08-06,"hospital admissions",2025-08-03,1,"PT","quantile","0.25",0
2025-08-06,"hospital admissions",2025-08-03,1,"PT","quantile","0.3",0
2025-08-06,"hospital admissions",2025-08-03,1,"PT","quantile","0.35",0
2025-08-06,"hospital admissions",2025-08-03,1,"PT","quantile","0.4",0
2025-08-06,"hospital admissions",2025-08-03,1,"PT","quantile","0.45",0
2025-08-06,"hospital admissions",2025-08-03,1,"PT","quantile","0.5",0
2025-08-06,"hospital admissions",2025-08-03,1,"PT","quantile","0.55",4
2025-08-06,"hospital admissions",2025-08-03,1,"PT","quantile","0.6",7.5
2025-08-06,"hospital admissions",2025-08-03,1,"PT","quantile","0.65",11.5
2025-08-06,"hospital admissions",2025-08-03,1,"PT","quantile","0.7",16.5
2025-08-06,"hospital admissions",2025-08-03,1,"PT","quantile","0.75",21
2025-08-06,"hospital admissions",2025-08-03,1,"PT","quantile","0.8",26.5
2025-08-06,"hospital admissions",2025-08-03,1,"PT","quantile","0.85",33
2025-08-06,"hospital admissions",2025-08-03,1,"PT","quantile","0.9",41.5
2025-08-06,"hospital admissions",2025-08-03,1,"PT","quantile","0.95",53.5
2025-08-06,"hospital admissions",2025-08-03,1,"PT","quantile","0.975",64
2025-08-06,"hospital admissions",2025-08-03,1,"PT","quantile","0.99",76.5
2025-08-06,"hospital admissions",2025-08-03,1,"SK","median","",2
2025-08-06,"hospital admissions",2025-08-03,1,"SK","quantile","0.01",1
2025-08-06,"hospital admissions",2025-08-03,1,"SK","quantile","0.025",1
2025-08-06,"hospital admissions",2025-08-03,1,"SK","quantile","0.05",1
2025-08-06,"hospital admissions",2025-08-03,1,"SK","quantile","0.1",1
2025-08-06,"hospital admissions",2025-08-03,1,"SK","quantile","0.15",1
2025-08-06,"hospital admissions",2025-08-03,1,"SK","quantile","0.2",1
2025-08-06,"hospital admissions",2025-08-03,1,"SK","quantile","0.25",1
2025-08-06,"hospital admissions",2025-08-03,1,"SK","quantile","0.3",1
2025-08-06,"hospital admissions",2025-08-03,1,"SK","quantile","0.35",1
2025-08-06,"hospital admissions",2025-08-03,1,"SK","quantile","0.4",1
2025-08-06,"hospital admissions",2025-08-03,1,"SK","quantile","0.45",1
2025-08-06,"hospital admissions",2025-08-03,1,"SK","quantile","0.5",1.5
2025-08-06,"hospital admissions",2025-08-03,1,"SK","quantile","0.55",1.5
2025-08-06,"hospital admissions",2025-08-03,1,"SK","quantile","0.6",1.5
2025-08-06,"hospital admissions",2025-08-03,1,"SK","quantile","0.65",1.5
2025-08-06,"hospital admissions",2025-08-03,1,"SK","quantile","0.7",1.5
2025-08-06,"hospital admissions",2025-08-03,1,"SK","quantile","0.75",1.5
2025-08-06,"hospital admissions",2025-08-03,1,"SK","quantile","0.8",1.5
2025-08-06,"hospital admissions",2025-08-03,1,"SK","quantile","0.85",1.5
2025-08-06,"hospital admissions",2025-08-03,1,"SK","quantile","0.9",1.5
2025-08-06,"hospital admissions",2025-08-03,1,"SK","quantile","0.95",2
2025-08-06,"hospital admissions",2025-08-03,1,"SK","quantile","0.975",2
2025-08-06,"hospital admissions",2025-08-03,1,"SK","quantile","0.99",2
2025-08-06,"hospital admissions",2025-08-10,2,"CZ","median","",3
2025-08-06,"hospital admissions",2025-08-10,2,"CZ","quantile","0.01",0
2025-08-06,"hospital admissions",2025-08-10,2,"CZ","quantile","0.025",0
2025-08-06,"hospital admissions",2025-08-10,2,"CZ","quantile","0.05",0
2025-08-06,"hospital admissions",2025-08-10,2,"CZ","quantile","0.1",0
2025-08-06,"hospital admissions",2025-08-10,2,"CZ","quantile","0.15",0
2025-08-06,"hospital admissions",2025-08-10,2,"CZ","quantile","0.2",0
2025-08-06,"hospital admissions",2025-08-10,2,"CZ","quantile","0.25",0
2025-08-06,"hospital admissions",2025-08-10,2,"CZ","quantile","0.3",1
2025-08-06,"hospital admissions",2025-08-10,2,"CZ","quantile","0.35",1
2025-08-06,"hospital admissions",2025-08-10,2,"CZ","quantile","0.4",1
2025-08-06,"hospital admissions",2025-08-10,2,"CZ","quantile","0.45",1
2025-08-06,"hospital admissions",2025-08-10,2,"CZ","quantile","0.5",5
2025-08-06,"hospital admissions",2025-08-10,2,"CZ","quantile","0.55",7
2025-08-06,"hospital admissions",2025-08-10,2,"CZ","quantile","0.6",7
2025-08-06,"hospital admissions",2025-08-10,2,"CZ","quantile","0.65",7
2025-08-06,"hospital admissions",2025-08-10,2,"CZ","quantile","0.7",8
2025-08-06,"hospital admissions",2025-08-10,2,"CZ","quantile","0.75",8
2025-08-06,"hospital admissions",2025-08-10,2,"CZ","quantile","0.8",9
2025-08-06,"hospital admissions",2025-08-10,2,"CZ","quantile","0.85",9
2025-08-06,"hospital admissions",2025-08-10,2,"CZ","quantile","0.9",10
2025-08-06,"hospital admissions",2025-08-10,2,"CZ","quantile","0.95",12
2025-08-06,"hospital admissions",2025-08-10,2,"CZ","quantile","0.975",13
2025-08-06,"hospital admissions",2025-08-10,2,"CZ","quantile","0.99",14
2025-08-06,"hospital admissions",2025-08-10,2,"EE","median","",7.5
2025-08-06,"hospital admissions",2025-08-10,2,"EE","quantile","0.01",0
2025-08-06,"hospital admissions",2025-08-10,2,"EE","quantile","0.025",0
2025-08-06,"hospital admissions",2025-08-10,2,"EE","quantile","0.05",0
2025-08-06,"hospital admissions",2025-08-10,2,"EE","quantile","0.1",0
2025-08-06,"hospital admissions",2025-08-10,2,"EE","quantile","0.15",0
2025-08-06,"hospital admissions",2025-08-10,2,"EE","quantile","0.2",1
2025-08-06,"hospital admissions",2025-08-10,2,"EE","quantile","0.25",1
2025-08-06,"hospital admissions",2025-08-10,2,"EE","quantile","0.3",1
2025-08-06,"hospital admissions",2025-08-10,2,"EE","quantile","0.35",1
2025-08-06,"hospital admissions",2025-08-10,2,"EE","quantile","0.4",1
2025-08-06,"hospital admissions",2025-08-10,2,"EE","quantile","0.45",2
2025-08-06,"hospital admissions",2025-08-10,2,"EE","quantile","0.5",7
2025-08-06,"hospital admissions",2025-08-10,2,"EE","quantile","0.55",8
2025-08-06,"hospital admissions",2025-08-10,2,"EE","quantile","0.6",9
2025-08-06,"hospital admissions",2025-08-10,2,"EE","quantile","0.65",11
2025-08-06,"hospital admissions",2025-08-10,2,"EE","quantile","0.7",13
2025-08-06,"hospital admissions",2025-08-10,2,"EE","quantile","0.75",15
2025-08-06,"hospital admissions",2025-08-10,2,"EE","quantile","0.8",18
2025-08-06,"hospital admissions",2025-08-10,2,"EE","quantile","0.85",22
2025-08-06,"hospital admissions",2025-08-10,2,"EE","quantile","0.9",29
2025-08-06,"hospital admissions",2025-08-10,2,"EE","quantile","0.95",41
2025-08-06,"hospital admissions",2025-08-10,2,"EE","quantile","0.975",59
2025-08-06,"hospital admissions",2025-08-10,2,"EE","quantile","0.99",88
2025-08-06,"hospital admissions",2025-08-10,2,"GR","median","",168
2025-08-06,"hospital admissions",2025-08-10,2,"GR","quantile","0.01",39
2025-08-06,"hospital admissions",2025-08-10,2,"GR","quantile","0.025",44
2025-08-06,"hospital admissions",2025-08-10,2,"GR","quantile","0.05",47
2025-08-06,"hospital admissions",2025-08-10,2,"GR","quantile","0.1",52
2025-08-06,"hospital admissions",2025-08-10,2,"GR","quantile","0.15",55
2025-08-06,"hospital admissions",2025-08-10,2,"GR","quantile","0.2",56
2025-08-06,"hospital admissions",2025-08-10,2,"GR","quantile","0.25",59
2025-08-06,"hospital admissions",2025-08-10,2,"GR","quantile","0.3",61
2025-08-06,"hospital admissions",2025-08-10,2,"GR","quantile","0.35",62
2025-08-06,"hospital admissions",2025-08-10,2,"GR","quantile","0.4",90
2025-08-06,"hospital admissions",2025-08-10,2,"GR","quantile","0.45",129
2025-08-06,"hospital admissions",2025-08-10,2,"GR","quantile","0.5",163
2025-08-06,"hospital admissions",2025-08-10,2,"GR","quantile","0.55",168
2025-08-06,"hospital admissions",2025-08-10,2,"GR","quantile","0.6",173
2025-08-06,"hospital admissions",2025-08-10,2,"GR","quantile","0.65",178
2025-08-06,"hospital admissions",2025-08-10,2,"GR","quantile","0.7",183
2025-08-06,"hospital admissions",2025-08-10,2,"GR","quantile","0.75",189
2025-08-06,"hospital admissions",2025-08-10,2,"GR","quantile","0.8",196
2025-08-06,"hospital admissions",2025-08-10,2,"GR","quantile","0.85",205
2025-08-06,"hospital admissions",2025-08-10,2,"GR","quantile","0.9",216
2025-08-06,"hospital admissions",2025-08-10,2,"GR","quantile","0.95",235
2025-08-06,"hospital admissions",2025-08-10,2,"GR","quantile","0.975",250
2025-08-06,"hospital admissions",2025-08-10,2,"GR","quantile","0.99",269
2025-08-06,"hospital admissions",2025-08-10,2,"IE","median","",163.5
2025-08-06,"hospital admissions",2025-08-10,2,"IE","quantile","0.01",54
2025-08-06,"hospital admissions",2025-08-10,2,"IE","quantile","0.025",58
2025-08-06,"hospital admissions",2025-08-10,2,"IE","quantile","0.05",62
2025-08-06,"hospital admissions",2025-08-10,2,"IE","quantile","0.1",66.5
2025-08-06,"hospital admissions",2025-08-10,2,"IE","quantile","0.15",74
2025-08-06,"hospital admissions",2025-08-10,2,"IE","quantile","0.2",90.5
2025-08-06,"hospital admissions",2025-08-10,2,"IE","quantile","0.25",105
2025-08-06,"hospital admissions",2025-08-10,2,"IE","quantile","0.3",117.5
2025-08-06,"hospital admissions",2025-08-10,2,"IE","quantile","0.35",130
2025-08-06,"hospital admissions",2025-08-10,2,"IE","quantile","0.4",141.5
2025-08-06,"hospital admissions",2025-08-10,2,"IE","quantile","0.45",153
2025-08-06,"hospital admissions",2025-08-10,2,"IE","quantile","0.5",164.5
2025-08-06,"hospital admissions",2025-08-10,2,"IE","quantile","0.55",175.5
2025-08-06,"hospital admissions",2025-08-10,2,"IE","quantile","0.6",186.5
2025-08-06,"hospital admissions",2025-08-10,2,"IE","quantile","0.65",198
2025-08-06,"hospital admissions",2025-08-10,2,"IE","quantile","0.7",211
2025-08-06,"hospital admissions",2025-08-10,2,"IE","quantile","0.75",224.5
2025-08-06,"hospital admissions",2025-08-10,2,"IE","quantile","0.8",240
2025-08-06,"hospital admissions",2025-08-10,2,"IE","quantile","0.85",257.5
2025-08-06,"hospital admissions",2025-08-10,2,"IE","quantile","0.9",281.5
2025-08-06,"hospital admissions",2025-08-10,2,"IE","quantile","0.95",313.5
2025-08-06,"hospital admissions",2025-08-10,2,"IE","quantile","0.975",345
2025-08-06,"hospital admissions",2025-08-10,2,"IE","quantile","0.99",378.5
2025-08-06,"hospital admissions",2025-08-10,2,"LV","median","",7
2025-08-06,"hospital admissions",2025-08-10,2,"LV","quantile","0.01",0
2025-08-06,"hospital admissions",2025-08-10,2,"LV","quantile","0.025",0
2025-08-06,"hospital admissions",2025-08-10,2,"LV","quantile","0.05",0
2025-08-06,"hospital admissions",2025-08-10,2,"LV","quantile","0.1",1
2025-08-06,"hospital admissions",2025-08-10,2,"LV","quantile","0.15",1
2025-08-06,"hospital admissions",2025-08-10,2,"LV","quantile","0.2",2
2025-08-06,"hospital admissions",2025-08-10,2,"LV","quantile","0.25",2
2025-08-06,"hospital admissions",2025-08-10,2,"LV","quantile","0.3",2
2025-08-06,"hospital admissions",2025-08-10,2,"LV","quantile","0.35",3
2025-08-06,"hospital admissions",2025-08-10,2,"LV","quantile","0.4",3
2025-08-06,"hospital admissions",2025-08-10,2,"LV","quantile","0.45",4
2025-08-06,"hospital admissions",2025-08-10,2,"LV","quantile","0.5",6
2025-08-06,"hospital admissions",2025-08-10,2,"LV","quantile","0.55",6
2025-08-06,"hospital admissions",2025-08-10,2,"LV","quantile","0.6",7
2025-08-06,"hospital admissions",2025-08-10,2,"LV","quantile","0.65",7
2025-08-06,"hospital admissions",2025-08-10,2,"LV","quantile","0.7",7
2025-08-06,"hospital admissions",2025-08-10,2,"LV","quantile","0.75",8
2025-08-06,"hospital admissions",2025-08-10,2,"LV","quantile","0.8",8
2025-08-06,"hospital admissions",2025-08-10,2,"LV","quantile","0.85",9
2025-08-06,"hospital admissions",2025-08-10,2,"LV","quantile","0.9",10
2025-08-06,"hospital admissions",2025-08-10,2,"LV","quantile","0.95",11
2025-08-06,"hospital admissions",2025-08-10,2,"LV","quantile","0.975",13
2025-08-06,"hospital admissions",2025-08-10,2,"LV","quantile","0.99",14
2025-08-06,"hospital admissions",2025-08-10,2,"MT","median","",60.5
2025-08-06,"hospital admissions",2025-08-10,2,"MT","quantile","0.01",33.5
2025-08-06,"hospital admissions",2025-08-10,2,"MT","quantile","0.025",38
2025-08-06,"hospital admissions",2025-08-10,2,"MT","quantile","0.05",41.5
2025-08-06,"hospital admissions",2025-08-10,2,"MT","quantile","0.1",45.5
2025-08-06,"hospital admissions",2025-08-10,2,"MT","quantile","0.15",48
2025-08-06,"hospital admissions",2025-08-10,2,"MT","quantile","0.2",50.5
2025-08-06,"hospital admissions",2025-08-10,2,"MT","quantile","0.25",52.5
2025-08-06,"hospital admissions",2025-08-10,2,"MT","quantile","0.3",54.5
2025-08-06,"hospital admissions",2025-08-10,2,"MT","quantile","0.35",56
2025-08-06,"hospital admissions",2025-08-10,2,"MT","quantile","0.4",57
2025-08-06,"hospital admissions",2025-08-10,2,"MT","quantile","0.45",58.5
2025-08-06,"hospital admissions",2025-08-10,2,"MT","quantile","0.5",60
2025-08-06,"hospital admissions",2025-08-10,2,"MT","quantile","0.55",62
2025-08-06,"hospital admissions",2025-08-10,2,"MT","quantile","0.6",63
2025-08-06,"hospital admissions",2025-08-10,2,"MT","quantile","0.65",64.5
2025-08-06,"hospital admissions",2025-08-10,2,"MT","quantile","0.7",66.5
2025-08-06,"hospital admissions",2025-08-10,2,"MT","quantile","0.75",68.5
2025-08-06,"hospital admissions",2025-08-10,2,"MT","quantile","0.8",70.5
2025-08-06,"hospital admissions",2025-08-10,2,"MT","quantile","0.85",72.5
2025-08-06,"hospital admissions",2025-08-10,2,"MT","quantile","0.9",75.5
2025-08-06,"hospital admissions",2025-08-10,2,"MT","quantile","0.95",80
2025-08-06,"hospital admissions",2025-08-10,2,"MT","quantile","0.975",84.5
2025-08-06,"hospital admissions",2025-08-10,2,"MT","quantile","0.99",88.5
2025-08-06,"hospital admissions",2025-08-10,2,"PL","median","",4
2025-08-06,"hospital admissions",2025-08-10,2,"PL","quantile","0.01",1
2025-08-06,"hospital admissions",2025-08-10,2,"PL","quantile","0.025",1
2025-08-06,"hospital admissions",2025-08-10,2,"PL","quantile","0.05",2
2025-08-06,"hospital admissions",2025-08-10,2,"PL","quantile","0.1",2
2025-08-06,"hospital admissions",2025-08-10,2,"PL","quantile","0.15",2
2025-08-06,"hospital admissions",2025-08-10,2,"PL","quantile","0.2",2
2025-08-06,"hospital admissions",2025-08-10,2,"PL","quantile","0.25",2
2025-08-06,"hospital admissions",2025-08-10,2,"PL","quantile","0.3",3
2025-08-06,"hospital admissions",2025-08-10,2,"PL","quantile","0.35",3
2025-08-06,"hospital admissions",2025-08-10,2,"PL","quantile","0.4",3
2025-08-06,"hospital admissions",2025-08-10,2,"PL","quantile","0.45",3
2025-08-06,"hospital admissions",2025-08-10,2,"PL","quantile","0.5",4
2025-08-06,"hospital admissions",2025-08-10,2,"PL","quantile","0.55",9
2025-08-06,"hospital admissions",2025-08-10,2,"PL","quantile","0.6",9
2025-08-06,"hospital admissions",2025-08-10,2,"PL","quantile","0.65",10
2025-08-06,"hospital admissions",2025-08-10,2,"PL","quantile","0.7",11
2025-08-06,"hospital admissions",2025-08-10,2,"PL","quantile","0.75",12
2025-08-06,"hospital admissions",2025-08-10,2,"PL","quantile","0.8",13
2025-08-06,"hospital admissions",2025-08-10,2,"PL","quantile","0.85",15
2025-08-06,"hospital admissions",2025-08-10,2,"PL","quantile","0.9",17
2025-08-06,"hospital admissions",2025-08-10,2,"PL","quantile","0.95",21
2025-08-06,"hospital admissions",2025-08-10,2,"PL","quantile","0.975",25
2025-08-06,"hospital admissions",2025-08-10,2,"PL","quantile","0.99",30
2025-08-06,"hospital admissions",2025-08-10,2,"PT","median","",1.5
2025-08-06,"hospital admissions",2025-08-10,2,"PT","quantile","0.01",0
2025-08-06,"hospital admissions",2025-08-10,2,"PT","quantile","0.025",0
2025-08-06,"hospital admissions",2025-08-10,2,"PT","quantile","0.05",0
2025-08-06,"hospital admissions",2025-08-10,2,"PT","quantile","0.1",0
2025-08-06,"hospital admissions",2025-08-10,2,"PT","quantile","0.15",0
2025-08-06,"hospital admissions",2025-08-10,2,"PT","quantile","0.2",0
2025-08-06,"hospital admissions",2025-08-10,2,"PT","quantile","0.25",0
2025-08-06,"hospital admissions",2025-08-10,2,"PT","quantile","0.3",0
2025-08-06,"hospital admissions",2025-08-10,2,"PT","quantile","0.35",0
2025-08-06,"hospital admissions",2025-08-10,2,"PT","quantile","0.4",0
2025-08-06,"hospital admissions",2025-08-10,2,"PT","quantile","0.45",0
2025-08-06,"hospital admissions",2025-08-10,2,"PT","quantile","0.5",0.5
2025-08-06,"hospital admissions",2025-08-10,2,"PT","quantile","0.55",8
2025-08-06,"hospital admissions",2025-08-10,2,"PT","quantile","0.6",16
2025-08-06,"hospital admissions",2025-08-10,2,"PT","quantile","0.65",24.5
2025-08-06,"hospital admissions",2025-08-10,2,"PT","quantile","0.7",33
2025-08-06,"hospital admissions",2025-08-10,2,"PT","quantile","0.75",43
2025-08-06,"hospital admissions",2025-08-10,2,"PT","quantile","0.8",53.5
2025-08-06,"hospital admissions",2025-08-10,2,"PT","quantile","0.85",65.5
2025-08-06,"hospital admissions",2025-08-10,2,"PT","quantile","0.9",81.5
2025-08-06,"hospital admissions",2025-08-10,2,"PT","quantile","0.95",102.5
2025-08-06,"hospital admissions",2025-08-10,2,"PT","quantile","0.975",122
2025-08-06,"hospital admissions",2025-08-10,2,"PT","quantile","0.99",143.5
2025-08-06,"hospital admissions",2025-08-10,2,"SK","median","",5
2025-08-06,"hospital admissions",2025-08-10,2,"SK","quantile","0.01",2.5
2025-08-06,"hospital admissions",2025-08-10,2,"SK","quantile","0.025",2.5
2025-08-06,"hospital admissions",2025-08-10,2,"SK","quantile","0.05",2.5
2025-08-06,"hospital admissions",2025-08-10,2,"SK","quantile","0.1",2.5
2025-08-06,"hospital admissions",2025-08-10,2,"SK","quantile","0.15",2.5
2025-08-06,"hospital admissions",2025-08-10,2,"SK","quantile","0.2",2.5
2025-08-06,"hospital admissions",2025-08-10,2,"SK","quantile","0.25",2.5
2025-08-06,"hospital admissions",2025-08-10,2,"SK","quantile","0.3",2.5
2025-08-06,"hospital admissions",2025-08-10,2,"SK","quantile","0.35",2.5
2025-08-06,"hospital admissions",2025-08-10,2,"SK","quantile","0.4",2.5
2025-08-06,"hospital admissions",2025-08-10,2,"SK","quantile","0.45",2.5
2025-08-06,"hospital admissions",2025-08-10,2,"SK","quantile","0.5",3
2025-08-06,"hospital admissions",2025-08-10,2,"SK","quantile","0.55",3
2025-08-06,"hospital admissions",2025-08-10,2,"SK","quantile","0.6",3
2025-08-06,"hospital admissions",2025-08-10,2,"SK","quantile","0.65",3
2025-08-06,"hospital admissions",2025-08-10,2,"SK","quantile","0.7",3
2025-08-06,"hospital admissions",2025-08-10,2,"SK","quantile","0.75",3
2025-08-06,"hospital admissions",2025-08-10,2,"SK","quantile","0.8",3
2025-08-06,"hospital admissions",2025-08-10,2,"SK","quantile","0.85",3
2025-08-06,"hospital admissions",2025-08-10,2,"SK","quantile","0.9",3.5
2025-08-06,"hospital admissions",2025-08-10,2,"SK","quantile","0.95",4
2025-08-06,"hospital admissions",2025-08-10,2,"SK","quantile","0.975",4.5
2025-08-06,"hospital admissions",2025-08-10,2,"SK","quantile","0.99",4.5
2025-08-06,"hospital admissions",2025-08-17,3,"CZ","median","",3
2025-08-06,"hospital admissions",2025-08-17,3,"CZ","quantile","0.01",0
2025-08-06,"hospital admissions",2025-08-17,3,"CZ","quantile","0.025",0
2025-08-06,"hospital admissions",2025-08-17,3,"CZ","quantile","0.05",0
2025-08-06,"hospital admissions",2025-08-17,3,"CZ","quantile","0.1",0
2025-08-06,"hospital admissions",2025-08-17,3,"CZ","quantile","0.15",0
2025-08-06,"hospital admissions",2025-08-17,3,"CZ","quantile","0.2",0
2025-08-06,"hospital admissions",2025-08-17,3,"CZ","quantile","0.25",0
2025-08-06,"hospital admissions",2025-08-17,3,"CZ","quantile","0.3",0
2025-08-06,"hospital admissions",2025-08-17,3,"CZ","quantile","0.35",1
2025-08-06,"hospital admissions",2025-08-17,3,"CZ","quantile","0.4",1
2025-08-06,"hospital admissions",2025-08-17,3,"CZ","quantile","0.45",1
2025-08-06,"hospital admissions",2025-08-17,3,"CZ","quantile","0.5",4
2025-08-06,"hospital admissions",2025-08-17,3,"CZ","quantile","0.55",6
2025-08-06,"hospital admissions",2025-08-17,3,"CZ","quantile","0.6",6
2025-08-06,"hospital admissions",2025-08-17,3,"CZ","quantile","0.65",6
2025-08-06,"hospital admissions",2025-08-17,3,"CZ","quantile","0.7",7
2025-08-06,"hospital admissions",2025-08-17,3,"CZ","quantile","0.75",7
2025-08-06,"hospital admissions",2025-08-17,3,"CZ","quantile","0.8",7
2025-08-06,"hospital admissions",2025-08-17,3,"CZ","quantile","0.85",7
2025-08-06,"hospital admissions",2025-08-17,3,"CZ","quantile","0.9",8
2025-08-06,"hospital admissions",2025-08-17,3,"CZ","quantile","0.95",8
2025-08-06,"hospital admissions",2025-08-17,3,"CZ","quantile","0.975",10
2025-08-06,"hospital admissions",2025-08-17,3,"CZ","quantile","0.99",15
2025-08-06,"hospital admissions",2025-08-17,3,"EE","median","",8.5
2025-08-06,"hospital admissions",2025-08-17,3,"EE","quantile","0.01",0
2025-08-06,"hospital admissions",2025-08-17,3,"EE","quantile","0.025",0
2025-08-06,"hospital admissions",2025-08-17,3,"EE","quantile","0.05",0
2025-08-06,"hospital admissions",2025-08-17,3,"EE","quantile","0.1",0
2025-08-06,"hospital admissions",2025-08-17,3,"EE","quantile","0.15",0
2025-08-06,"hospital admissions",2025-08-17,3,"EE","quantile","0.2",0
2025-08-06,"hospital admissions",2025-08-17,3,"EE","quantile","0.25",0
2025-08-06,"hospital admissions",2025-08-17,3,"EE","quantile","0.3",0
2025-08-06,"hospital admissions",2025-08-17,3,"EE","quantile","0.35",0
2025-08-06,"hospital admissions",2025-08-17,3,"EE","quantile","0.4",0
2025-08-06,"hospital admissions",2025-08-17,3,"EE","quantile","0.45",1
2025-08-06,"hospital admissions",2025-08-17,3,"EE","quantile","0.5",7
2025-08-06,"hospital admissions",2025-08-17,3,"EE","quantile","0.55",8
2025-08-06,"hospital admissions",2025-08-17,3,"EE","quantile","0.6",10
2025-08-06,"hospital admissions",2025-08-17,3,"EE","quantile","0.65",11
2025-08-06,"hospital admissions",2025-08-17,3,"EE","quantile","0.7",13
2025-08-06,"hospital admissions",2025-08-17,3,"EE","quantile","0.75",15
2025-08-06,"hospital admissions",2025-08-17,3,"EE","quantile","0.8",17
2025-08-06,"hospital admissions",2025-08-17,3,"EE","quantile","0.85",21
2025-08-06,"hospital admissions",2025-08-17,3,"EE","quantile","0.9",27
2025-08-06,"hospital admissions",2025-08-17,3,"EE","quantile","0.95",39
2025-08-06,"hospital admissions",2025-08-17,3,"EE","quantile","0.975",54
2025-08-06,"hospital admissions",2025-08-17,3,"EE","quantile","0.99",79
2025-08-06,"hospital admissions",2025-08-17,3,"GR","median","",172
2025-08-06,"hospital admissions",2025-08-17,3,"GR","quantile","0.01",32
2025-08-06,"hospital admissions",2025-08-17,3,"GR","quantile","0.025",36
2025-08-06,"hospital admissions",2025-08-17,3,"GR","quantile","0.05",37
2025-08-06,"hospital admissions",2025-08-17,3,"GR","quantile","0.1",41
2025-08-06,"hospital admissions",2025-08-17,3,"GR","quantile","0.15",44
2025-08-06,"hospital admissions",2025-08-17,3,"GR","quantile","0.2",46
2025-08-06,"hospital admissions",2025-08-17,3,"GR","quantile","0.25",47
2025-08-06,"hospital admissions",2025-08-17,3,"GR","quantile","0.3",51
2025-08-06,"hospital admissions",2025-08-17,3,"GR","quantile","0.35",53
2025-08-06,"hospital admissions",2025-08-17,3,"GR","quantile","0.4",71
2025-08-06,"hospital admissions",2025-08-17,3,"GR","quantile","0.45",123
2025-08-06,"hospital admissions",2025-08-17,3,"GR","quantile","0.5",158
2025-08-06,"hospital admissions",2025-08-17,3,"GR","quantile","0.55",161
2025-08-06,"hospital admissions",2025-08-17,3,"GR","quantile","0.6",165
2025-08-06,"hospital admissions",2025-08-17,3,"GR","quantile","0.65",169
2025-08-06,"hospital admissions",2025-08-17,3,"GR","quantile","0.7",174
2025-08-06,"hospital admissions",2025-08-17,3,"GR","quantile","0.75",179
2025-08-06,"hospital admissions",2025-08-17,3,"GR","quantile","0.8",185
2025-08-06,"hospital admissions",2025-08-17,3,"GR","quantile","0.85",192
2025-08-06,"hospital admissions",2025-08-17,3,"GR","quantile","0.9",201
2025-08-06,"hospital admissions",2025-08-17,3,"GR","quantile","0.95",215
2025-08-06,"hospital admissions",2025-08-17,3,"GR","quantile","0.975",228
2025-08-06,"hospital admissions",2025-08-17,3,"GR","quantile","0.99",246
2025-08-06,"hospital admissions",2025-08-17,3,"IE","median","",157.5
2025-08-06,"hospital admissions",2025-08-17,3,"IE","quantile","0.01",45
2025-08-06,"hospital admissions",2025-08-17,3,"IE","quantile","0.025",49
2025-08-06,"hospital admissions",2025-08-17,3,"IE","quantile","0.05",53
2025-08-06,"hospital admissions",2025-08-17,3,"IE","quantile","0.1",58.5
2025-08-06,"hospital admissions",2025-08-17,3,"IE","quantile","0.15",62
2025-08-06,"hospital admissions",2025-08-17,3,"IE","quantile","0.2",73.5
2025-08-06,"hospital admissions",2025-08-17,3,"IE","quantile","0.25",90.5
2025-08-06,"hospital admissions",2025-08-17,3,"IE","quantile","0.3",103.5
2025-08-06,"hospital admissions",2025-08-17,3,"IE","quantile","0.35",117.5
2025-08-06,"hospital admissions",2025-08-17,3,"IE","quantile","0.4",131.5
2025-08-06,"hospital admissions",2025-08-17,3,"IE","quantile","0.45",144.5
2025-08-06,"hospital admissions",2025-08-17,3,"IE","quantile","0.5",157
2025-08-06,"hospital admissions",2025-08-17,3,"IE","quantile","0.55",170
2025-08-06,"hospital admissions",2025-08-17,3,"IE","quantile","0.6",184
2025-08-06,"hospital admissions",2025-08-17,3,"IE","quantile","0.65",197.5
2025-08-06,"hospital admissions",2025-08-17,3,"IE","quantile","0.7",212.5
2025-08-06,"hospital admissions",2025-08-17,3,"IE","quantile","0.75",228
2025-08-06,"hospital admissions",2025-08-17,3,"IE","quantile","0.8",246
2025-08-06,"hospital admissions",2025-08-17,3,"IE","quantile","0.85",267
2025-08-06,"hospital admissions",2025-08-17,3,"IE","quantile","0.9",294
2025-08-06,"hospital admissions",2025-08-17,3,"IE","quantile","0.95",336.5
2025-08-06,"hospital admissions",2025-08-17,3,"IE","quantile","0.975",374
2025-08-06,"hospital admissions",2025-08-17,3,"IE","quantile","0.99",420.5
2025-08-06,"hospital admissions",2025-08-17,3,"LV","median","",9.5
2025-08-06,"hospital admissions",2025-08-17,3,"LV","quantile","0.01",0
2025-08-06,"hospital admissions",2025-08-17,3,"LV","quantile","0.025",1
2025-08-06,"hospital admissions",2025-08-17,3,"LV","quantile","0.05",1
2025-08-06,"hospital admissions",2025-08-17,3,"LV","quantile","0.1",1
2025-08-06,"hospital admissions",2025-08-17,3,"LV","quantile","0.15",1
2025-08-06,"hospital admissions",2025-08-17,3,"LV","quantile","0.2",2
2025-08-06,"hospital admissions",2025-08-17,3,"LV","quantile","0.25",2
2025-08-06,"hospital admissions",2025-08-17,3,"LV","quantile","0.3",3
2025-08-06,"hospital admissions",2025-08-17,3,"LV","quantile","0.35",3
2025-08-06,"hospital admissions",2025-08-17,3,"LV","quantile","0.4",3
2025-08-06,"hospital admissions",2025-08-17,3,"LV","quantile","0.45",4
2025-08-06,"hospital admissions",2025-08-17,3,"LV","quantile","0.5",9
2025-08-06,"hospital admissions",2025-08-17,3,"LV","quantile","0.55",10
2025-08-06,"hospital admissions",2025-08-17,3,"LV","quantile","0.6",11
2025-08-06,"hospital admissions",2025-08-17,3,"LV","quantile","0.65",12
2025-08-06,"hospital admissions",2025-08-17,3,"LV","quantile","0.7",13
2025-08-06,"hospital admissions",2025-08-17,3,"LV","quantile","0.75",14
2025-08-06,"hospital admissions",2025-08-17,3,"LV","quantile","0.8",16
2025-08-06,"hospital admissions",2025-08-17,3,"LV","quantile","0.85",18
2025-08-06,"hospital admissions",2025-08-17,3,"LV","quantile","0.9",21
2025-08-06,"hospital admissions",2025-08-17,3,"LV","quantile","0.95",27
2025-08-06,"hospital admissions",2025-08-17,3,"LV","quantile","0.975",33
2025-08-06,"hospital admissions",2025-08-17,3,"LV","quantile","0.99",43
2025-08-06,"hospital admissions",2025-08-17,3,"MT","median","",54
2025-08-06,"hospital admissions",2025-08-17,3,"MT","quantile","0.01",25.5
2025-08-06,"hospital admissions",2025-08-17,3,"MT","quantile","0.025",29
2025-08-06,"hospital admissions",2025-08-17,3,"MT","quantile","0.05",33
2025-08-06,"hospital admissions",2025-08-17,3,"MT","quantile","0.1",37
2025-08-06,"hospital admissions",2025-08-17,3,"MT","quantile","0.15",40.5
2025-08-06,"hospital admissions",2025-08-17,3,"MT","quantile","0.2",43
2025-08-06,"hospital admissions",2025-08-17,3,"MT","quantile","0.25",45.5
2025-08-06,"hospital admissions",2025-08-17,3,"MT","quantile","0.3",47
2025-08-06,"hospital admissions",2025-08-17,3,"MT","quantile","0.35",49
2025-08-06,"hospital admissions",2025-08-17,3,"MT","quantile","0.4",50.5
2025-08-06,"hospital admissions",2025-08-17,3,"MT","quantile","0.45",52.5
2025-08-06,"hospital admissions",2025-08-17,3,"MT","quantile","0.5",54
2025-08-06,"hospital admissions",2025-08-17,3,"MT","quantile","0.55",55.5
2025-08-06,"hospital admissions",2025-08-17,3,"MT","quantile","0.6",57
2025-08-06,"hospital admissions",2025-08-17,3,"MT","quantile","0.65",59
2025-08-06,"hospital admissions",2025-08-17,3,"MT","quantile","0.7",60.5
2025-08-06,"hospital admissions",2025-08-17,3,"MT","quantile","0.75",62.5
2025-08-06,"hospital admissions",2025-08-17,3,"MT","quantile","0.8",65
2025-08-06,"hospital admissions",2025-08-17,3,"MT","quantile","0.85",67.5
2025-08-06,"hospital admissions",2025-08-17,3,"MT","quantile","0.9",71
2025-08-06,"hospital admissions",2025-08-17,3,"MT","quantile","0.95",76
2025-08-06,"hospital admissions",2025-08-17,3,"MT","quantile","0.975",80
2025-08-06,"hospital admissions",2025-08-17,3,"MT","quantile","0.99",85
2025-08-06,"hospital admissions",2025-08-17,3,"PL","median","",5.5
2025-08-06,"hospital admissions",2025-08-17,3,"PL","quantile","0.01",1
2025-08-06,"hospital admissions",2025-08-17,3,"PL","quantile","0.025",1
2025-08-06,"hospital admissions",2025-08-17,3,"PL","quantile","0.05",1
2025-08-06,"hospital admissions",2025-08-17,3,"PL","quantile","0.1",1
2025-08-06,"hospital admissions",2025-08-17,3,"PL","quantile","0.15",1
2025-08-06,"hospital admissions",2025-08-17,3,"PL","quantile","0.2",2
2025-08-06,"hospital admissions",2025-08-17,3,"PL","quantile","0.25",2
2025-08-06,"hospital admissions",2025-08-17,3,"PL","quantile","0.3",2
2025-08-06,"hospital admissions",2025-08-17,3,"PL","quantile","0.35",2
2025-08-06,"hospital admissions",2025-08-17,3,"PL","quantile","0.4",2
2025-08-06,"hospital admissions",2025-08-17,3,"PL","quantile","0.45",2
2025-08-06,"hospital admissions",2025-08-17,3,"PL","quantile","0.5",4
2025-08-06,"hospital admissions",2025-08-17,3,"PL","quantile","0.55",12
2025-08-06,"hospital admissions",2025-08-17,3,"PL","quantile","0.6",13
2025-08-06,"hospital admissions",2025-08-17,3,"PL","quantile","0.65",13
2025-08-06,"hospital admissions",2025-08-17,3,"PL","quantile","0.7",14
2025-08-06,"hospital admissions",2025-08-17,3,"PL","quantile","0.75",15
2025-08-06,"hospital admissions",2025-08-17,3,"PL","quantile","0.8",17
2025-08-06,"hospital admissions",2025-08-17,3,"PL","quantile","0.85",18
2025-08-06,"hospital admissions",2025-08-17,3,"PL","quantile","0.9",20
2025-08-06,"hospital admissions",2025-08-17,3,"PL","quantile","0.95",24
2025-08-06,"hospital admissions",2025-08-17,3,"PL","quantile","0.975",28
2025-08-06,"hospital admissions",2025-08-17,3,"PL","quantile","0.99",33
2025-08-06,"hospital admissions",2025-08-17,3,"PT","median","",2.5
2025-08-06,"hospital admissions",2025-08-17,3,"PT","quantile","0.01",0
2025-08-06,"hospital admissions",2025-08-17,3,"PT","quantile","0.025",0
2025-08-06,"hospital admissions",2025-08-17,3,"PT","quantile","0.05",0
2025-08-06,"hospital admissions",2025-08-17,3,"PT","quantile","0.1",0
2025-08-06,"hospital admissions",2025-08-17,3,"PT","quantile","0.15",0
2025-08-06,"hospital admissions",2025-08-17,3,"PT","quantile","0.2",0
2025-08-06,"hospital admissions",2025-08-17,3,"PT","quantile","0.25",0
2025-08-06,"hospital admissions",2025-08-17,3,"PT","quantile","0.3",0
2025-08-06,"hospital admissions",2025-08-17,3,"PT","quantile","0.35",0
2025-08-06,"hospital admissions",2025-08-17,3,"PT","quantile","0.4",0
2025-08-06,"hospital admissions",2025-08-17,3,"PT","quantile","0.45",0
2025-08-06,"hospital admissions",2025-08-17,3,"PT","quantile","0.5",2
2025-08-06,"hospital admissions",2025-08-17,3,"PT","quantile","0.55",13
2025-08-06,"hospital admissions",2025-08-17,3,"PT","quantile","0.6",25
2025-08-06,"hospital admissions",2025-08-17,3,"PT","quantile","0.65",38
2025-08-06,"hospital admissions",2025-08-17,3,"PT","quantile","0.7",51
2025-08-06,"hospital admissions",2025-08-17,3,"PT","quantile","0.75",64
2025-08-06,"hospital admissions",2025-08-17,3,"PT","quantile","0.8",80
2025-08-06,"hospital admissions",2025-08-17,3,"PT","quantile","0.85",97.5
2025-08-06,"hospital admissions",2025-08-17,3,"PT","quantile","0.9",119
2025-08-06,"hospital admissions",2025-08-17,3,"PT","quantile","0.95",153
2025-08-06,"hospital admissions",2025-08-17,3,"PT","quantile","0.975",182.5
2025-08-06,"hospital admissions",2025-08-17,3,"PT","quantile","0.99",217
2025-08-06,"hospital admissions",2025-08-17,3,"SK","median","",3
2025-08-06,"hospital admissions",2025-08-17,3,"SK","quantile","0.01",1.5
2025-08-06,"hospital admissions",2025-08-17,3,"SK","quantile","0.025",1.5
2025-08-06,"hospital admissions",2025-08-17,3,"SK","quantile","0.05",1.5
2025-08-06,"hospital admissions",2025-08-17,3,"SK","quantile","0.1",1.5
2025-08-06,"hospital admissions",2025-08-17,3,"SK","quantile","0.15",1.5
2025-08-06,"hospital admissions",2025-08-17,3,"SK","quantile","0.2",1.5
2025-08-06,"hospital admissions",2025-08-17,3,"SK","quantile","0.25",1.5
2025-08-06,"hospital admissions",2025-08-17,3,"SK","quantile","0.3",1.5
2025-08-06,"hospital admissions",2025-08-17,3,"SK","quantile","0.35",1.5
2025-08-06,"hospital admissions",2025-08-17,3,"SK","quantile","0.4",1.5
2025-08-06,"hospital admissions",2025-08-17,3,"SK","quantile","0.45",1.5
2025-08-06,"hospital admissions",2025-08-17,3,"SK","quantile","0.5",2
2025-08-06,"hospital admissions",2025-08-17,3,"SK","quantile","0.55",2
2025-08-06,"hospital admissions",2025-08-17,3,"SK","quantile","0.6",2
2025-08-06,"hospital admissions",2025-08-17,3,"SK","quantile","0.65",2
2025-08-06,"hospital admissions",2025-08-17,3,"SK","quantile","0.7",2
2025-08-06,"hospital admissions",2025-08-17,3,"SK","quantile","0.75",2
2025-08-06,"hospital admissions",2025-08-17,3,"SK","quantile","0.8",2
2025-08-06,"hospital admissions",2025-08-17,3,"SK","quantile","0.85",2
2025-08-06,"hospital admissions",2025-08-17,3,"SK","quantile","0.9",2
2025-08-06,"hospital admissions",2025-08-17,3,"SK","quantile","0.95",2.5
2025-08-06,"hospital admissions",2025-08-17,3,"SK","quantile","0.975",2.5
2025-08-06,"hospital admissions",2025-08-17,3,"SK","quantile","0.99",3
2025-08-06,"hospital admissions",2025-08-24,4,"CZ","median","",4
2025-08-06,"hospital admissions",2025-08-24,4,"CZ","quantile","0.01",0
2025-08-06,"hospital admissions",2025-08-24,4,"CZ","quantile","0.025",0
2025-08-06,"hospital admissions",2025-08-24,4,"CZ","quantile","0.05",0
2025-08-06,"hospital admissions",2025-08-24,4,"CZ","quantile","0.1",0
2025-08-06,"hospital admissions",2025-08-24,4,"CZ","quantile","0.15",0
2025-08-06,"hospital admissions",2025-08-24,4,"CZ","quantile","0.2",0
2025-08-06,"hospital admissions",2025-08-24,4,"CZ","quantile","0.25",0
2025-08-06,"hospital admissions",2025-08-24,4,"CZ","quantile","0.3",0
2025-08-06,"hospital admissions",2025-08-24,4,"CZ","quantile","0.35",0
2025-08-06,"hospital admissions",2025-08-24,4,"CZ","quantile","0.4",0
2025-08-06,"hospital admissions",2025-08-24,4,"CZ","quantile","0.45",1
2025-08-06,"hospital admissions",2025-08-24,4,"CZ","quantile","0.5",1
2025-08-06,"hospital admissions",2025-08-24,4,"CZ","quantile","0.55",9
2025-08-06,"hospital admissions",2025-08-24,4,"CZ","quantile","0.6",11
2025-08-06,"hospital admissions",2025-08-24,4,"CZ","quantile","0.65",12
2025-08-06,"hospital admissions",2025-08-24,4,"CZ","quantile","0.7",14
2025-08-06,"hospital admissions",2025-08-24,4,"CZ","quantile","0.75",16
2025-08-06,"hospital admissions",2025-08-24,4,"CZ","quantile","0.8",18
2025-08-06,"hospital admissions",2025-08-24,4,"CZ","quantile","0.85",22
2025-08-06,"hospital admissions",2025-08-24,4,"CZ","quantile","0.9",27
2025-08-06,"hospital admissions",2025-08-24,4,"CZ","quantile","0.95",37
2025-08-06,"hospital admissions",2025-08-24,4,"CZ","quantile","0.975",51
2025-08-06,"hospital admissions",2025-08-24,4,"CZ","quantile","0.99",70
2025-08-06,"hospital admissions",2025-08-24,4,"EE","median","",12
2025-08-06,"hospital admissions",2025-08-24,4,"EE","quantile","0.01",0
2025-08-06,"hospital admissions",2025-08-24,4,"EE","quantile","0.025",0
2025-08-06,"hospital admissions",2025-08-24,4,"EE","quantile","0.05",0
2025-08-06,"hospital admissions",2025-08-24,4,"EE","quantile","0.1",0
2025-08-06,"hospital admissions",2025-08-24,4,"EE","quantile","0.15",0
2025-08-06,"hospital admissions",2025-08-24,4,"EE","quantile","0.2",0
2025-08-06,"hospital admissions",2025-08-24,4,"EE","quantile","0.25",0
2025-08-06,"hospital admissions",2025-08-24,4,"EE","quantile","0.3",0
2025-08-06,"hospital admissions",2025-08-24,4,"EE","quantile","0.35",0
2025-08-06,"hospital admissions",2025-08-24,4,"EE","quantile","0.4",0
2025-08-06,"hospital admissions",2025-08-24,4,"EE","quantile","0.45",1.5
2025-08-06,"hospital admissions",2025-08-24,4,"EE","quantile","0.5",6.5
2025-08-06,"hospital admissions",2025-08-24,4,"EE","quantile","0.55",11
2025-08-06,"hospital admissions",2025-08-24,4,"EE","quantile","0.6",15
2025-08-06,"hospital admissions",2025-08-24,4,"EE","quantile","0.65",20
2025-08-06,"hospital admissions",2025-08-24,4,"EE","quantile","0.7",25
2025-08-06,"hospital admissions",2025-08-24,4,"EE","quantile","0.75",31
2025-08-06,"hospital admissions",2025-08-24,4,"EE","quantile","0.8",37
2025-08-06,"hospital admissions",2025-08-24,4,"EE","quantile","0.85",44
2025-08-06,"hospital admissions",2025-08-24,4,"EE","quantile","0.9",53
2025-08-06,"hospital admissions",2025-08-24,4,"EE","quantile","0.95",66.5
2025-08-06,"hospital admissions",2025-08-24,4,"EE","quantile","0.975",77
2025-08-06,"hospital admissions",2025-08-24,4,"EE","quantile","0.99",89.5
2025-08-06,"hospital admissions",2025-08-24,4,"GR","median","",184
2025-08-06,"hospital admissions",2025-08-24,4,"GR","quantile","0.01",18
2025-08-06,"hospital admissions",2025-08-24,4,"GR","quantile","0.025",22
2025-08-06,"hospital admissions",2025-08-24,4,"GR","quantile","0.05",26
2025-08-06,"hospital admissions",2025-08-24,4,"GR","quantile","0.1",33
2025-08-06,"hospital admissions",2025-08-24,4,"GR","quantile","0.15",36
2025-08-06,"hospital admissions",2025-08-24,4,"GR","quantile","0.2",39
2025-08-06,"hospital admissions",2025-08-24,4,"GR","quantile","0.25",41
2025-08-06,"hospital admissions",2025-08-24,4,"GR","quantile","0.3",44
2025-08-06,"hospital admissions",2025-08-24,4,"GR","quantile","0.35",44
2025-08-06,"hospital admissions",2025-08-24,4,"GR","quantile","0.4",59
2025-08-06,"hospital admissions",2025-08-24,4,"GR","quantile","0.45",123
2025-08-06,"hospital admissions",2025-08-24,4,"GR","quantile","0.5",170
2025-08-06,"hospital admissions",2025-08-24,4,"GR","quantile","0.55",174
2025-08-06,"hospital admissions",2025-08-24,4,"GR","quantile","0.6",177
2025-08-06,"hospital admissions",2025-08-24,4,"GR","quantile","0.65",181
2025-08-06,"hospital admissions",2025-08-24,4,"GR","quantile","0.7",185
2025-08-06,"hospital admissions",2025-08-24,4,"GR","quantile","0.75",190
2025-08-06,"hospital admissions",2025-08-24,4,"GR","quantile","0.8",195
2025-08-06,"hospital admissions",2025-08-24,4,"GR","quantile","0.85",201
2025-08-06,"hospital admissions",2025-08-24,4,"GR","quantile","0.9",209
2025-08-06,"hospital admissions",2025-08-24,4,"GR","quantile","0.95",223
2025-08-06,"hospital admissions",2025-08-24,4,"GR","quantile","0.975",236
2025-08-06,"hospital admissions",2025-08-24,4,"GR","quantile","0.99",251
2025-08-06,"hospital admissions",2025-08-24,4,"IE","median","",165.5
2025-08-06,"hospital admissions",2025-08-24,4,"IE","quantile","0.01",51
2025-08-06,"hospital admissions",2025-08-24,4,"IE","quantile","0.025",56.5
2025-08-06,"hospital admissions",2025-08-24,4,"IE","quantile","0.05",62
2025-08-06,"hospital admissions",2025-08-24,4,"IE","quantile","0.1",68
2025-08-06,"hospital admissions",2025-08-24,4,"IE","quantile","0.15",72.5
2025-08-06,"hospital admissions",2025-08-24,4,"IE","quantile","0.2",76.5
2025-08-06,"hospital admissions",2025-08-24,4,"IE","quantile","0.25",82.5
2025-08-06,"hospital admissions",2025-08-24,4,"IE","quantile","0.3",100
2025-08-06,"hospital admissions",2025-08-24,4,"IE","quantile","0.35",116.5
2025-08-06,"hospital admissions",2025-08-24,4,"IE","quantile","0.4",133
2025-08-06,"hospital admissions",2025-08-24,4,"IE","quantile","0.45",148.5
2025-08-06,"hospital admissions",2025-08-24,4,"IE","quantile","0.5",164
2025-08-06,"hospital admissions",2025-08-24,4,"IE","quantile","0.55",179.5
2025-08-06,"hospital admissions",2025-08-24,4,"IE","quantile","0.6",197.5
2025-08-06,"hospital admissions",2025-08-24,4,"IE","quantile","0.65",213
2025-08-06,"hospital admissions",2025-08-24,4,"IE","quantile","0.7",231.5
2025-08-06,"hospital admissions",2025-08-24,4,"IE","quantile","0.75",250.5
2025-08-06,"hospital admissions",2025-08-24,4,"IE","quantile","0.8",273
2025-08-06,"hospital admissions",2025-08-24,4,"IE","quantile","0.85",298
2025-08-06,"hospital admissions",2025-08-24,4,"IE","quantile","0.9",331.5
2025-08-06,"hospital admissions",2025-08-24,4,"IE","quantile","0.95",382.5
2025-08-06,"hospital admissions",2025-08-24,4,"IE","quantile","0.975",427.5
2025-08-06,"hospital admissions",2025-08-24,4,"IE","quantile","0.99",481.5
2025-08-06,"hospital admissions",2025-08-24,4,"LV","median","",9
2025-08-06,"hospital admissions",2025-08-24,4,"LV","quantile","0.01",0
2025-08-06,"hospital admissions",2025-08-24,4,"LV","quantile","0.025",0
2025-08-06,"hospital admissions",2025-08-24,4,"LV","quantile","0.05",0
2025-08-06,"hospital admissions",2025-08-24,4,"LV","quantile","0.1",0
2025-08-06,"hospital admissions",2025-08-24,4,"LV","quantile","0.15",1
2025-08-06,"hospital admissions",2025-08-24,4,"LV","quantile","0.2",1
2025-08-06,"hospital admissions",2025-08-24,4,"LV","quantile","0.25",1
2025-08-06,"hospital admissions",2025-08-24,4,"LV","quantile","0.3",1
2025-08-06,"hospital admissions",2025-08-24,4,"LV","quantile","0.35",2
2025-08-06,"hospital admissions",2025-08-24,4,"LV","quantile","0.4",2
2025-08-06,"hospital admissions",2025-08-24,4,"LV","quantile","0.45",2
2025-08-06,"hospital admissions",2025-08-24,4,"LV","quantile","0.5",6
2025-08-06,"hospital admissions",2025-08-24,4,"LV","quantile","0.55",6
2025-08-06,"hospital admissions",2025-08-24,4,"LV","quantile","0.6",7
2025-08-06,"hospital admissions",2025-08-24,4,"LV","quantile","0.65",7
2025-08-06,"hospital admissions",2025-08-24,4,"LV","quantile","0.7",8
2025-08-06,"hospital admissions",2025-08-24,4,"LV","quantile","0.75",8
2025-08-06,"hospital admissions",2025-08-24,4,"LV","quantile","0.8",9
2025-08-06,"hospital admissions",2025-08-24,4,"LV","quantile","0.85",10
2025-08-06,"hospital admissions",2025-08-24,4,"LV","quantile","0.9",11
2025-08-06,"hospital admissions",2025-08-24,4,"LV","quantile","0.95",13
2025-08-06,"hospital admissions",2025-08-24,4,"LV","quantile","0.975",14
2025-08-06,"hospital admissions",2025-08-24,4,"LV","quantile","0.99",17
2025-08-06,"hospital admissions",2025-08-24,4,"MT","median","",47
2025-08-06,"hospital admissions",2025-08-24,4,"MT","quantile","0.01",24.5
2025-08-06,"hospital admissions",2025-08-24,4,"MT","quantile","0.025",25.5
2025-08-06,"hospital admissions",2025-08-24,4,"MT","quantile","0.05",28.5
2025-08-06,"hospital admissions",2025-08-24,4,"MT","quantile","0.1",32
2025-08-06,"hospital admissions",2025-08-24,4,"MT","quantile","0.15",35
2025-08-06,"hospital admissions",2025-08-24,4,"MT","quantile","0.2",37.5
2025-08-06,"hospital admissions",2025-08-24,4,"MT","quantile","0.25",39
2025-08-06,"hospital admissions",2025-08-24,4,"MT","quantile","0.3",41
2025-08-06,"hospital admissions",2025-08-24,4,"MT","quantile","0.35",42.5
2025-08-06,"hospital admissions",2025-08-24,4,"MT","quantile","0.4",44
2025-08-06,"hospital admissions",2025-08-24,4,"MT","quantile","0.45",45.5
2025-08-06,"hospital admissions",2025-08-24,4,"MT","quantile","0.5",47
2025-08-06,"hospital admissions",2025-08-24,4,"MT","quantile","0.55",48.5
2025-08-06,"hospital admissions",2025-08-24,4,"MT","quantile","0.6",50
2025-08-06,"hospital admissions",2025-08-24,4,"MT","quantile","0.65",51.5
2025-08-06,"hospital admissions",2025-08-24,4,"MT","quantile","0.7",53.5
2025-08-06,"hospital admissions",2025-08-24,4,"MT","quantile","0.75",54.5
2025-08-06,"hospital admissions",2025-08-24,4,"MT","quantile","0.8",56.5
2025-08-06,"hospital admissions",2025-08-24,4,"MT","quantile","0.85",59
2025-08-06,"hospital admissions",2025-08-24,4,"MT","quantile","0.9",62
2025-08-06,"hospital admissions",2025-08-24,4,"MT","quantile","0.95",66.5
2025-08-06,"hospital admissions",2025-08-24,4,"MT","quantile","0.975",70
2025-08-06,"hospital admissions",2025-08-24,4,"MT","quantile","0.99",74
2025-08-06,"hospital admissions",2025-08-24,4,"PL","median","",4
2025-08-06,"hospital admissions",2025-08-24,4,"PL","quantile","0.01",0
2025-08-06,"hospital admissions",2025-08-24,4,"PL","quantile","0.025",0
2025-08-06,"hospital admissions",2025-08-24,4,"PL","quantile","0.05",0
2025-08-06,"hospital admissions",2025-08-24,4,"PL","quantile","0.1",0
2025-08-06,"hospital admissions",2025-08-24,4,"PL","quantile","0.15",0
2025-08-06,"hospital admissions",2025-08-24,4,"PL","quantile","0.2",1
2025-08-06,"hospital admissions",2025-08-24,4,"PL","quantile","0.25",1
2025-08-06,"hospital admissions",2025-08-24,4,"PL","quantile","0.3",1
2025-08-06,"hospital admissions",2025-08-24,4,"PL","quantile","0.35",1
2025-08-06,"hospital admissions",2025-08-24,4,"PL","quantile","0.4",1
2025-08-06,"hospital admissions",2025-08-24,4,"PL","quantile","0.45",2
2025-08-06,"hospital admissions",2025-08-24,4,"PL","quantile","0.5",7
2025-08-06,"hospital admissions",2025-08-24,4,"PL","quantile","0.55",8
2025-08-06,"hospital admissions",2025-08-24,4,"PL","quantile","0.6",10
2025-08-06,"hospital admissions",2025-08-24,4,"PL","quantile","0.65",12
2025-08-06,"hospital admissions",2025-08-24,4,"PL","quantile","0.7",14
2025-08-06,"hospital admissions",2025-08-24,4,"PL","quantile","0.75",17
2025-08-06,"hospital admissions",2025-08-24,4,"PL","quantile","0.8",21
2025-08-06,"hospital admissions",2025-08-24,4,"PL","quantile","0.85",27
2025-08-06,"hospital admissions",2025-08-24,4,"PL","quantile","0.9",37
2025-08-06,"hospital admissions",2025-08-24,4,"PL","quantile","0.95",59
2025-08-06,"hospital admissions",2025-08-24,4,"PL","quantile","0.975",86
2025-08-06,"hospital admissions",2025-08-24,4,"PL","quantile","0.99",136
2025-08-06,"hospital admissions",2025-08-24,4,"PT","median","",3
2025-08-06,"hospital admissions",2025-08-24,4,"PT","quantile","0.01",0
2025-08-06,"hospital admissions",2025-08-24,4,"PT","quantile","0.025",0
2025-08-06,"hospital admissions",2025-08-24,4,"PT","quantile","0.05",0
2025-08-06,"hospital admissions",2025-08-24,4,"PT","quantile","0.1",0
2025-08-06,"hospital admissions",2025-08-24,4,"PT","quantile","0.15",0
2025-08-06,"hospital admissions",2025-08-24,4,"PT","quantile","0.2",0
2025-08-06,"hospital admissions",2025-08-24,4,"PT","quantile","0.25",0
2025-08-06,"hospital admissions",2025-08-24,4,"PT","quantile","0.3",0
2025-08-06,"hospital admissions",2025-08-24,4,"PT","quantile","0.35",0
2025-08-06,"hospital admissions",2025-08-24,4,"PT","quantile","0.4",0
2025-08-06,"hospital admissions",2025-08-24,4,"PT","quantile","0.45",0
2025-08-06,"hospital admissions",2025-08-24,4,"PT","quantile","0.5",2.5
2025-08-06,"hospital admissions",2025-08-24,4,"PT","quantile","0.55",18
2025-08-06,"hospital admissions",2025-08-24,4,"PT","quantile","0.6",33
2025-08-06,"hospital admissions",2025-08-24,4,"PT","quantile","0.65",49
2025-08-06,"hospital admissions",2025-08-24,4,"PT","quantile","0.7",66
2025-08-06,"hospital admissions",2025-08-24,4,"PT","quantile","0.75",84
2025-08-06,"hospital admissions",2025-08-24,4,"PT","quantile","0.8",105.5
2025-08-06,"hospital admissions",2025-08-24,4,"PT","quantile","0.85",130.5
2025-08-06,"hospital admissions",2025-08-24,4,"PT","quantile","0.9",158.5
2025-08-06,"hospital admissions",2025-08-24,4,"PT","quantile","0.95",203.5
2025-08-06,"hospital admissions",2025-08-24,4,"PT","quantile","0.975",242
2025-08-06,"hospital admissions",2025-08-24,4,"PT","quantile","0.99",286
2025-08-06,"hospital admissions",2025-08-24,4,"SK","median","",2
2025-08-06,"hospital admissions",2025-08-24,4,"SK","quantile","0.01",1
2025-08-06,"hospital admissions",2025-08-24,4,"SK","quantile","0.025",1
2025-08-06,"hospital admissions",2025-08-24,4,"SK","quantile","0.05",1
2025-08-06,"hospital admissions",2025-08-24,4,"SK","quantile","0.1",1
2025-08-06,"hospital admissions",2025-08-24,4,"SK","quantile","0.15",1
2025-08-06,"hospital admissions",2025-08-24,4,"SK","quantile","0.2",1
2025-08-06,"hospital admissions",2025-08-24,4,"SK","quantile","0.25",1
2025-08-06,"hospital admissions",2025-08-24,4,"SK","quantile","0.3",1
2025-08-06,"hospital admissions",2025-08-24,4,"SK","quantile","0.35",1
2025-08-06,"hospital admissions",2025-08-24,4,"SK","quantile","0.4",1
2025-08-06,"hospital admissions",2025-08-24,4,"SK","quantile","0.45",1
2025-08-06,"hospital admissions",2025-08-24,4,"SK","quantile","0.5",1.5
2025-08-06,"hospital admissions",2025-08-24,4,"SK","quantile","0.55",1.5
2025-08-06,"hospital admissions",2025-08-24,4,"SK","quantile","0.6",1.5
2025-08-06,"hospital admissions",2025-08-24,4,"SK","quantile","0.65",1.5
2025-08-06,"hospital admissions",2025-08-24,4,"SK","quantile","0.7",1.5
2025-08-06,"hospital admissions",2025-08-24,4,"SK","quantile","0.75",1.5
2025-08-06,"hospital admissions",2025-08-24,4,"SK","quantile","0.8",1.5
2025-08-06,"hospital admissions",2025-08-24,4,"SK","quantile","0.85",1.5
2025-08-06,"hospital admissions",2025-08-24,4,"SK","quantile","0.9",1.5
2025-08-06,"hospital admissions",2025-08-24,4,"SK","quantile","0.95",1.5
2025-08-06,"hospital admissions",2025-08-24,4,"SK","quantile","0.975",2
2025-08-06,"hospital admissions",2025-08-24,4,"SK","quantile","0.99",2
