origin_date,target,horizon,target_end_date,location,output_type,output_type_id,value
2025-06-11,hospital admissions,1,2025-06-08,CY,quantile,0.010,0.0
2025-06-11,hospital admissions,1,2025-06-08,CY,quantile,0.025,0.0
2025-06-11,hospital admissions,1,2025-06-08,CY,quantile,0.050,0.0
2025-06-11,hospital admissions,1,2025-06-08,CY,quantile,0.100,0.0
2025-06-11,hospital admissions,1,2025-06-08,CY,quantile,0.150,0.0
2025-06-11,hospital admissions,1,2025-06-08,CY,quantile,0.200,0.0
2025-06-11,hospital admissions,1,2025-06-08,CY,quantile,0.250,0.0
2025-06-11,hospital admissions,1,2025-06-08,CY,quantile,0.300,0.0
2025-06-11,hospital admissions,1,2025-06-08,CY,quantile,0.350,0.0
2025-06-11,hospital admissions,1,2025-06-08,CY,quantile,0.400,3.0
2025-06-11,hospital admissions,1,2025-06-08,CY,quantile,0.450,11.0
2025-06-11,hospital admissions,1,2025-06-08,CY,quantile,0.500,18.0
2025-06-11,hospital admissions,1,2025-06-08,CY,quantile,0.550,26.0
2025-06-11,hospital admissions,1,2025-06-08,CY,quantile,0.600,34.0
2025-06-11,hospital admissions,1,2025-06-08,CY,quantile,0.650,42.0
2025-06-11,hospital admissions,1,2025-06-08,CY,quantile,0.700,51.0
2025-06-11,hospital admissions,1,2025-06-08,CY,quantile,0.750,60.0
2025-06-11,hospital admissions,1,2025-06-08,CY,quantile,0.800,70.0
2025-06-11,hospital admissions,1,2025-06-08,CY,quantile,0.850,83.0
2025-06-11,hospital admissions,1,2025-06-08,CY,quantile,0.900,99.10000000000036
2025-06-11,hospital admissions,1,2025-06-08,CY,quantile,0.950,124.0
2025-06-11,hospital admissions,1,2025-06-08,CY,quantile,0.975,145.0
2025-06-11,hospital admissions,1,2025-06-08,CY,quantile,0.990,176.0
2025-06-11,hospital admissions,1,2025-06-08,CY,median,,18.0
2025-06-11,hospital admissions,2,2025-06-15,CY,quantile,0.010,0.0
2025-06-11,hospital admissions,2,2025-06-15,CY,quantile,0.025,0.0
2025-06-11,hospital admissions,2,2025-06-15,CY,quantile,0.050,0.0
2025-06-11,hospital admissions,2,2025-06-15,CY,quantile,0.100,0.0
2025-06-11,hospital admissions,2,2025-06-15,CY,quantile,0.150,0.0
2025-06-11,hospital admissions,2,2025-06-15,CY,quantile,0.200,0.0
2025-06-11,hospital admissions,2,2025-06-15,CY,quantile,0.250,0.0
2025-06-11,hospital admissions,2,2025-06-15,CY,quantile,0.300,0.0
2025-06-11,hospital admissions,2,2025-06-15,CY,quantile,0.350,0.0
2025-06-11,hospital admissions,2,2025-06-15,CY,quantile,0.400,3.0
2025-06-11,hospital admissions,2,2025-06-15,CY,quantile,0.450,11.0
2025-06-11,hospital admissions,2,2025-06-15,CY,quantile,0.500,18.0
2025-06-11,hospital admissions,2,2025-06-15,CY,quantile,0.550,26.0
2025-06-11,hospital admissions,2,2025-06-15,CY,quantile,0.600,34.0
2025-06-11,hospital admissions,2,2025-06-15,CY,quantile,0.650,43.0
2025-06-11,hospital admissions,2,2025-06-15,CY,quantile,0.700,52.0
2025-06-11,hospital admissions,2,2025-06-15,CY,quantile,0.750,61.0
2025-06-11,hospital admissions,2,2025-06-15,CY,quantile,0.800,71.0
2025-06-11,hospital admissions,2,2025-06-15,CY,quantile,0.850,85.0
2025-06-11,hospital admissions,2,2025-06-15,CY,quantile,0.900,101.0
2025-06-11,hospital admissions,2,2025-06-15,CY,quantile,0.950,125.0
2025-06-11,hospital admissions,2,2025-06-15,CY,quantile,0.975,148.0
2025-06-11,hospital admissions,2,2025-06-15,CY,quantile,0.990,177.0
2025-06-11,hospital admissions,2,2025-06-15,CY,median,,18.0
2025-06-11,hospital admissions,3,2025-06-22,CY,quantile,0.010,0.0
2025-06-11,hospital admissions,3,2025-06-22,CY,quantile,0.025,0.0
2025-06-11,hospital admissions,3,2025-06-22,CY,quantile,0.050,0.0
2025-06-11,hospital admissions,3,2025-06-22,CY,quantile,0.100,0.0
2025-06-11,hospital admissions,3,2025-06-22,CY,quantile,0.150,0.0
2025-06-11,hospital admissions,3,2025-06-22,CY,quantile,0.200,0.0
2025-06-11,hospital admissions,3,2025-06-22,CY,quantile,0.250,0.0
2025-06-11,hospital admissions,3,2025-06-22,CY,quantile,0.300,0.0
2025-06-11,hospital admissions,3,2025-06-22,CY,quantile,0.350,0.0
2025-06-11,hospital admissions,3,2025-06-22,CY,quantile,0.400,2.0
2025-06-11,hospital admissions,3,2025-06-22,CY,quantile,0.450,10.0
2025-06-11,hospital admissions,3,2025-06-22,CY,quantile,0.500,18.0
2025-06-11,hospital admissions,3,2025-06-22,CY,quantile,0.550,26.0
2025-06-11,hospital admissions,3,2025-06-22,CY,quantile,0.600,34.0
2025-06-11,hospital admissions,3,2025-06-22,CY,quantile,0.650,43.0
2025-06-11,hospital admissions,3,2025-06-22,CY,quantile,0.700,52.0
2025-06-11,hospital admissions,3,2025-06-22,CY,quantile,0.750,62.0
2025-06-11,hospital admissions,3,2025-06-22,CY,quantile,0.800,72.0
2025-06-11,hospital admissions,3,2025-06-22,CY,quantile,0.850,86.0
2025-06-11,hospital admissions,3,2025-06-22,CY,quantile,0.900,103.0
2025-06-11,hospital admissions,3,2025-06-22,CY,quantile,0.950,127.0
2025-06-11,hospital admissions,3,2025-06-22,CY,quantile,0.975,150.0
2025-06-11,hospital admissions,3,2025-06-22,CY,quantile,0.990,179.0
2025-06-11,hospital admissions,3,2025-06-22,CY,median,,18.0
2025-06-11,hospital admissions,4,2025-06-29,CY,quantile,0.010,0.0
2025-06-11,hospital admissions,4,2025-06-29,CY,quantile,0.025,0.0
2025-06-11,hospital admissions,4,2025-06-29,CY,quantile,0.050,0.0
2025-06-11,hospital admissions,4,2025-06-29,CY,quantile,0.100,0.0
2025-06-11,hospital admissions,4,2025-06-29,CY,quantile,0.150,0.0
2025-06-11,hospital admissions,4,2025-06-29,CY,quantile,0.200,0.0
2025-06-11,hospital admissions,4,2025-06-29,CY,quantile,0.250,0.0
2025-06-11,hospital admissions,4,2025-06-29,CY,quantile,0.300,0.0
2025-06-11,hospital admissions,4,2025-06-29,CY,quantile,0.350,0.0
2025-06-11,hospital admissions,4,2025-06-29,CY,quantile,0.400,2.0
2025-06-11,hospital admissions,4,2025-06-29,CY,quantile,0.450,10.0
2025-06-11,hospital admissions,4,2025-06-29,CY,quantile,0.500,18.0
2025-06-11,hospital admissions,4,2025-06-29,CY,quantile,0.550,26.0
2025-06-11,hospital admissions,4,2025-06-29,CY,quantile,0.600,35.0
2025-06-11,hospital admissions,4,2025-06-29,CY,quantile,0.650,44.0
2025-06-11,hospital admissions,4,2025-06-29,CY,quantile,0.700,52.0
2025-06-11,hospital admissions,4,2025-06-29,CY,quantile,0.750,62.0
2025-06-11,hospital admissions,4,2025-06-29,CY,quantile,0.800,74.0
2025-06-11,hospital admissions,4,2025-06-29,CY,quantile,0.850,87.0
2025-06-11,hospital admissions,4,2025-06-29,CY,quantile,0.900,104.0
2025-06-11,hospital admissions,4,2025-06-29,CY,quantile,0.950,128.0
2025-06-11,hospital admissions,4,2025-06-29,CY,quantile,0.975,151.02499999999964
2025-06-11,hospital admissions,4,2025-06-29,CY,quantile,0.990,182.0
2025-06-11,hospital admissions,4,2025-06-29,CY,median,,18.0
2025-06-11,hospital admissions,1,2025-06-08,CZ,quantile,0.010,0.0
2025-06-11,hospital admissions,1,2025-06-08,CZ,quantile,0.025,0.0
2025-06-11,hospital admissions,1,2025-06-08,CZ,quantile,0.050,0.0
2025-06-11,hospital admissions,1,2025-06-08,CZ,quantile,0.100,0.0
2025-06-11,hospital admissions,1,2025-06-08,CZ,quantile,0.150,0.0
2025-06-11,hospital admissions,1,2025-06-08,CZ,quantile,0.200,0.0
2025-06-11,hospital admissions,1,2025-06-08,CZ,quantile,0.250,5.0
2025-06-11,hospital admissions,1,2025-06-08,CZ,quantile,0.300,8.0
2025-06-11,hospital admissions,1,2025-06-08,CZ,quantile,0.350,9.0
2025-06-11,hospital admissions,1,2025-06-08,CZ,quantile,0.400,10.0
2025-06-11,hospital admissions,1,2025-06-08,CZ,quantile,0.450,10.0
2025-06-11,hospital admissions,1,2025-06-08,CZ,quantile,0.500,11.0
2025-06-11,hospital admissions,1,2025-06-08,CZ,quantile,0.550,12.0
2025-06-11,hospital admissions,1,2025-06-08,CZ,quantile,0.600,12.0
2025-06-11,hospital admissions,1,2025-06-08,CZ,quantile,0.650,13.0
2025-06-11,hospital admissions,1,2025-06-08,CZ,quantile,0.700,14.0
2025-06-11,hospital admissions,1,2025-06-08,CZ,quantile,0.750,16.0
2025-06-11,hospital admissions,1,2025-06-08,CZ,quantile,0.800,23.0
2025-06-11,hospital admissions,1,2025-06-08,CZ,quantile,0.850,31.0
2025-06-11,hospital admissions,1,2025-06-08,CZ,quantile,0.900,38.0
2025-06-11,hospital admissions,1,2025-06-08,CZ,quantile,0.950,96.0
2025-06-11,hospital admissions,1,2025-06-08,CZ,quantile,0.975,131.0
2025-06-11,hospital admissions,1,2025-06-08,CZ,quantile,0.990,212.0
2025-06-11,hospital admissions,1,2025-06-08,CZ,median,,11.0
2025-06-11,hospital admissions,2,2025-06-15,CZ,quantile,0.010,0.0
2025-06-11,hospital admissions,2,2025-06-15,CZ,quantile,0.025,0.0
2025-06-11,hospital admissions,2,2025-06-15,CZ,quantile,0.050,0.0
2025-06-11,hospital admissions,2,2025-06-15,CZ,quantile,0.100,0.0
2025-06-11,hospital admissions,2,2025-06-15,CZ,quantile,0.150,0.0
2025-06-11,hospital admissions,2,2025-06-15,CZ,quantile,0.200,0.0
2025-06-11,hospital admissions,2,2025-06-15,CZ,quantile,0.250,0.0
2025-06-11,hospital admissions,2,2025-06-15,CZ,quantile,0.300,0.0
2025-06-11,hospital admissions,2,2025-06-15,CZ,quantile,0.350,4.0
2025-06-11,hospital admissions,2,2025-06-15,CZ,quantile,0.400,7.0
2025-06-11,hospital admissions,2,2025-06-15,CZ,quantile,0.450,9.0
2025-06-11,hospital admissions,2,2025-06-15,CZ,quantile,0.500,11.0
2025-06-11,hospital admissions,2,2025-06-15,CZ,quantile,0.550,13.0
2025-06-11,hospital admissions,2,2025-06-15,CZ,quantile,0.600,15.0
2025-06-11,hospital admissions,2,2025-06-15,CZ,quantile,0.650,18.0
2025-06-11,hospital admissions,2,2025-06-15,CZ,quantile,0.700,24.0
2025-06-11,hospital admissions,2,2025-06-15,CZ,quantile,0.750,31.0
2025-06-11,hospital admissions,2,2025-06-15,CZ,quantile,0.800,38.0
2025-06-11,hospital admissions,2,2025-06-15,CZ,quantile,0.850,57.0
2025-06-11,hospital admissions,2,2025-06-15,CZ,quantile,0.900,91.0
2025-06-11,hospital admissions,2,2025-06-15,CZ,quantile,0.950,135.04999999999927
2025-06-11,hospital admissions,2,2025-06-15,CZ,quantile,0.975,182.04999999999927
2025-06-11,hospital admissions,2,2025-06-15,CZ,quantile,0.990,241.0
2025-06-11,hospital admissions,2,2025-06-15,CZ,median,,11.0
2025-06-11,hospital admissions,3,2025-06-22,CZ,quantile,0.010,0.0
2025-06-11,hospital admissions,3,2025-06-22,CZ,quantile,0.025,0.0
2025-06-11,hospital admissions,3,2025-06-22,CZ,quantile,0.050,0.0
2025-06-11,hospital admissions,3,2025-06-22,CZ,quantile,0.100,0.0
2025-06-11,hospital admissions,3,2025-06-22,CZ,quantile,0.150,0.0
2025-06-11,hospital admissions,3,2025-06-22,CZ,quantile,0.200,0.0
2025-06-11,hospital admissions,3,2025-06-22,CZ,quantile,0.250,0.0
2025-06-11,hospital admissions,3,2025-06-22,CZ,quantile,0.300,0.0
2025-06-11,hospital admissions,3,2025-06-22,CZ,quantile,0.350,0.0
2025-06-11,hospital admissions,3,2025-06-22,CZ,quantile,0.400,4.0
2025-06-11,hospital admissions,3,2025-06-22,CZ,quantile,0.450,8.0
2025-06-11,hospital admissions,3,2025-06-22,CZ,quantile,0.500,11.0
2025-06-11,hospital admissions,3,2025-06-22,CZ,quantile,0.550,14.0
2025-06-11,hospital admissions,3,2025-06-22,CZ,quantile,0.600,18.0
2025-06-11,hospital admissions,3,2025-06-22,CZ,quantile,0.650,24.0
2025-06-11,hospital admissions,3,2025-06-22,CZ,quantile,0.700,32.0
2025-06-11,hospital admissions,3,2025-06-22,CZ,quantile,0.750,39.0
2025-06-11,hospital admissions,3,2025-06-22,CZ,quantile,0.800,58.0
2025-06-11,hospital admissions,3,2025-06-22,CZ,quantile,0.850,83.0
2025-06-11,hospital admissions,3,2025-06-22,CZ,quantile,0.900,115.0
2025-06-11,hospital admissions,3,2025-06-22,CZ,quantile,0.950,164.0
2025-06-11,hospital admissions,3,2025-06-22,CZ,quantile,0.975,218.0
2025-06-11,hospital admissions,3,2025-06-22,CZ,quantile,0.990,259.0100000000002
2025-06-11,hospital admissions,3,2025-06-22,CZ,median,,11.0
2025-06-11,hospital admissions,4,2025-06-29,CZ,quantile,0.010,0.0
2025-06-11,hospital admissions,4,2025-06-29,CZ,quantile,0.025,0.0
2025-06-11,hospital admissions,4,2025-06-29,CZ,quantile,0.050,0.0
2025-06-11,hospital admissions,4,2025-06-29,CZ,quantile,0.100,0.0
2025-06-11,hospital admissions,4,2025-06-29,CZ,quantile,0.150,0.0
2025-06-11,hospital admissions,4,2025-06-29,CZ,quantile,0.200,0.0
2025-06-11,hospital admissions,4,2025-06-29,CZ,quantile,0.250,0.0
2025-06-11,hospital admissions,4,2025-06-29,CZ,quantile,0.300,0.0
2025-06-11,hospital admissions,4,2025-06-29,CZ,quantile,0.350,0.0
2025-06-11,hospital admissions,4,2025-06-29,CZ,quantile,0.400,0.0
2025-06-11,hospital admissions,4,2025-06-29,CZ,quantile,0.450,5.0
2025-06-11,hospital admissions,4,2025-06-29,CZ,quantile,0.500,11.0
2025-06-11,hospital admissions,4,2025-06-29,CZ,quantile,0.550,16.0
2025-06-11,hospital admissions,4,2025-06-29,CZ,quantile,0.600,22.0
2025-06-11,hospital admissions,4,2025-06-29,CZ,quantile,0.650,30.0
2025-06-11,hospital admissions,4,2025-06-29,CZ,quantile,0.700,39.0
2025-06-11,hospital admissions,4,2025-06-29,CZ,quantile,0.750,54.0
2025-06-11,hospital admissions,4,2025-06-29,CZ,quantile,0.800,75.0
2025-06-11,hospital admissions,4,2025-06-29,CZ,quantile,0.850,101.0
2025-06-11,hospital admissions,4,2025-06-29,CZ,quantile,0.900,135.0
2025-06-11,hospital admissions,4,2025-06-29,CZ,quantile,0.950,188.0
2025-06-11,hospital admissions,4,2025-06-29,CZ,quantile,0.975,238.0
2025-06-11,hospital admissions,4,2025-06-29,CZ,quantile,0.990,282.0100000000002
2025-06-11,hospital admissions,4,2025-06-29,CZ,median,,11.0
2025-06-11,hospital admissions,1,2025-06-08,EE,quantile,0.010,0.0
2025-06-11,hospital admissions,1,2025-06-08,EE,quantile,0.025,0.0
2025-06-11,hospital admissions,1,2025-06-08,EE,quantile,0.050,0.0
2025-06-11,hospital admissions,1,2025-06-08,EE,quantile,0.100,0.0
2025-06-11,hospital admissions,1,2025-06-08,EE,quantile,0.150,0.0
2025-06-11,hospital admissions,1,2025-06-08,EE,quantile,0.200,0.0
2025-06-11,hospital admissions,1,2025-06-08,EE,quantile,0.250,0.0
2025-06-11,hospital admissions,1,2025-06-08,EE,quantile,0.300,0.0
2025-06-11,hospital admissions,1,2025-06-08,EE,quantile,0.350,0.0
2025-06-11,hospital admissions,1,2025-06-08,EE,quantile,0.400,1.0
2025-06-11,hospital admissions,1,2025-06-08,EE,quantile,0.450,3.0
2025-06-11,hospital admissions,1,2025-06-08,EE,quantile,0.500,3.0
2025-06-11,hospital admissions,1,2025-06-08,EE,quantile,0.550,3.0
2025-06-11,hospital admissions,1,2025-06-08,EE,quantile,0.600,5.0
2025-06-11,hospital admissions,1,2025-06-08,EE,quantile,0.650,6.0
2025-06-11,hospital admissions,1,2025-06-08,EE,quantile,0.700,7.0
2025-06-11,hospital admissions,1,2025-06-08,EE,quantile,0.750,9.0
2025-06-11,hospital admissions,1,2025-06-08,EE,quantile,0.800,11.0
2025-06-11,hospital admissions,1,2025-06-08,EE,quantile,0.850,12.0
2025-06-11,hospital admissions,1,2025-06-08,EE,quantile,0.900,17.0
2025-06-11,hospital admissions,1,2025-06-08,EE,quantile,0.950,24.0
2025-06-11,hospital admissions,1,2025-06-08,EE,quantile,0.975,37.0
2025-06-11,hospital admissions,1,2025-06-08,EE,quantile,0.990,66.0
2025-06-11,hospital admissions,1,2025-06-08,EE,median,,3.0
2025-06-11,hospital admissions,2,2025-06-15,EE,quantile,0.010,0.0
2025-06-11,hospital admissions,2,2025-06-15,EE,quantile,0.025,0.0
2025-06-11,hospital admissions,2,2025-06-15,EE,quantile,0.050,0.0
2025-06-11,hospital admissions,2,2025-06-15,EE,quantile,0.100,0.0
2025-06-11,hospital admissions,2,2025-06-15,EE,quantile,0.150,0.0
2025-06-11,hospital admissions,2,2025-06-15,EE,quantile,0.200,0.0
2025-06-11,hospital admissions,2,2025-06-15,EE,quantile,0.250,0.0
2025-06-11,hospital admissions,2,2025-06-15,EE,quantile,0.300,0.0
2025-06-11,hospital admissions,2,2025-06-15,EE,quantile,0.350,0.0
2025-06-11,hospital admissions,2,2025-06-15,EE,quantile,0.400,0.0
2025-06-11,hospital admissions,2,2025-06-15,EE,quantile,0.450,1.0
2025-06-11,hospital admissions,2,2025-06-15,EE,quantile,0.500,3.0
2025-06-11,hospital admissions,2,2025-06-15,EE,quantile,0.550,4.0
2025-06-11,hospital admissions,2,2025-06-15,EE,quantile,0.600,6.0
2025-06-11,hospital admissions,2,2025-06-15,EE,quantile,0.650,8.0
2025-06-11,hospital admissions,2,2025-06-15,EE,quantile,0.700,10.0
2025-06-11,hospital admissions,2,2025-06-15,EE,quantile,0.750,12.0
2025-06-11,hospital admissions,2,2025-06-15,EE,quantile,0.800,15.0
2025-06-11,hospital admissions,2,2025-06-15,EE,quantile,0.850,19.0
2025-06-11,hospital admissions,2,2025-06-15,EE,quantile,0.900,25.0
2025-06-11,hospital admissions,2,2025-06-15,EE,quantile,0.950,38.0
2025-06-11,hospital admissions,2,2025-06-15,EE,quantile,0.975,56.0
2025-06-11,hospital admissions,2,2025-06-15,EE,quantile,0.990,74.0
2025-06-11,hospital admissions,2,2025-06-15,EE,median,,3.0
2025-06-11,hospital admissions,3,2025-06-22,EE,quantile,0.010,0.0
2025-06-11,hospital admissions,3,2025-06-22,EE,quantile,0.025,0.0
2025-06-11,hospital admissions,3,2025-06-22,EE,quantile,0.050,0.0
2025-06-11,hospital admissions,3,2025-06-22,EE,quantile,0.100,0.0
2025-06-11,hospital admissions,3,2025-06-22,EE,quantile,0.150,0.0
2025-06-11,hospital admissions,3,2025-06-22,EE,quantile,0.200,0.0
2025-06-11,hospital admissions,3,2025-06-22,EE,quantile,0.250,0.0
2025-06-11,hospital admissions,3,2025-06-22,EE,quantile,0.300,0.0
2025-06-11,hospital admissions,3,2025-06-22,EE,quantile,0.350,0.0
2025-06-11,hospital admissions,3,2025-06-22,EE,quantile,0.400,0.0
2025-06-11,hospital admissions,3,2025-06-22,EE,quantile,0.450,1.0
2025-06-11,hospital admissions,3,2025-06-22,EE,quantile,0.500,3.0
2025-06-11,hospital admissions,3,2025-06-22,EE,quantile,0.550,5.0
2025-06-11,hospital admissions,3,2025-06-22,EE,quantile,0.600,7.0
2025-06-11,hospital admissions,3,2025-06-22,EE,quantile,0.650,10.0
2025-06-11,hospital admissions,3,2025-06-22,EE,quantile,0.700,12.0
2025-06-11,hospital admissions,3,2025-06-22,EE,quantile,0.750,15.0
2025-06-11,hospital admissions,3,2025-06-22,EE,quantile,0.800,19.0
2025-06-11,hospital admissions,3,2025-06-22,EE,quantile,0.850,24.0
2025-06-11,hospital admissions,3,2025-06-22,EE,quantile,0.900,32.100000000000364
2025-06-11,hospital admissions,3,2025-06-22,EE,quantile,0.950,49.0
2025-06-11,hospital admissions,3,2025-06-22,EE,quantile,0.975,66.0
2025-06-11,hospital admissions,3,2025-06-22,EE,quantile,0.990,80.01000000000022
2025-06-11,hospital admissions,3,2025-06-22,EE,median,,3.0
2025-06-11,hospital admissions,4,2025-06-29,EE,quantile,0.010,0.0
2025-06-11,hospital admissions,4,2025-06-29,EE,quantile,0.025,0.0
2025-06-11,hospital admissions,4,2025-06-29,EE,quantile,0.050,0.0
2025-06-11,hospital admissions,4,2025-06-29,EE,quantile,0.100,0.0
2025-06-11,hospital admissions,4,2025-06-29,EE,quantile,0.150,0.0
2025-06-11,hospital admissions,4,2025-06-29,EE,quantile,0.200,0.0
2025-06-11,hospital admissions,4,2025-06-29,EE,quantile,0.250,0.0
2025-06-11,hospital admissions,4,2025-06-29,EE,quantile,0.300,0.0
2025-06-11,hospital admissions,4,2025-06-29,EE,quantile,0.350,0.0
2025-06-11,hospital admissions,4,2025-06-29,EE,quantile,0.400,0.0
2025-06-11,hospital admissions,4,2025-06-29,EE,quantile,0.450,0.0
2025-06-11,hospital admissions,4,2025-06-29,EE,quantile,0.500,3.0
2025-06-11,hospital admissions,4,2025-06-29,EE,quantile,0.550,6.0
2025-06-11,hospital admissions,4,2025-06-29,EE,quantile,0.600,8.0
2025-06-11,hospital admissions,4,2025-06-29,EE,quantile,0.650,11.0
2025-06-11,hospital admissions,4,2025-06-29,EE,quantile,0.700,15.0
2025-06-11,hospital admissions,4,2025-06-29,EE,quantile,0.750,18.25
2025-06-11,hospital admissions,4,2025-06-29,EE,quantile,0.800,23.0
2025-06-11,hospital admissions,4,2025-06-29,EE,quantile,0.850,30.0
2025-06-11,hospital admissions,4,2025-06-29,EE,quantile,0.900,39.0
2025-06-11,hospital admissions,4,2025-06-29,EE,quantile,0.950,56.0
2025-06-11,hospital admissions,4,2025-06-29,EE,quantile,0.975,72.0
2025-06-11,hospital admissions,4,2025-06-29,EE,quantile,0.990,87.0
2025-06-11,hospital admissions,4,2025-06-29,EE,median,,3.0
2025-06-11,hospital admissions,1,2025-06-08,FR,quantile,0.010,0.0
2025-06-11,hospital admissions,1,2025-06-08,FR,quantile,0.025,0.0
2025-06-11,hospital admissions,1,2025-06-08,FR,quantile,0.050,0.0
2025-06-11,hospital admissions,1,2025-06-08,FR,quantile,0.100,0.0
2025-06-11,hospital admissions,1,2025-06-08,FR,quantile,0.150,0.0
2025-06-11,hospital admissions,1,2025-06-08,FR,quantile,0.200,0.0
2025-06-11,hospital admissions,1,2025-06-08,FR,quantile,0.250,0.0
2025-06-11,hospital admissions,1,2025-06-08,FR,quantile,0.300,0.0
2025-06-11,hospital admissions,1,2025-06-08,FR,quantile,0.350,0.0
2025-06-11,hospital admissions,1,2025-06-08,FR,quantile,0.400,0.0
2025-06-11,hospital admissions,1,2025-06-08,FR,quantile,0.450,1.0
2025-06-11,hospital admissions,1,2025-06-08,FR,quantile,0.500,4.0
2025-06-11,hospital admissions,1,2025-06-08,FR,quantile,0.550,7.0
2025-06-11,hospital admissions,1,2025-06-08,FR,quantile,0.600,10.0
2025-06-11,hospital admissions,1,2025-06-08,FR,quantile,0.650,13.0
2025-06-11,hospital admissions,1,2025-06-08,FR,quantile,0.700,16.0
2025-06-11,hospital admissions,1,2025-06-08,FR,quantile,0.750,20.0
2025-06-11,hospital admissions,1,2025-06-08,FR,quantile,0.800,24.0
2025-06-11,hospital admissions,1,2025-06-08,FR,quantile,0.850,28.0
2025-06-11,hospital admissions,1,2025-06-08,FR,quantile,0.900,35.0
2025-06-11,hospital admissions,1,2025-06-08,FR,quantile,0.950,44.04999999999927
2025-06-11,hospital admissions,1,2025-06-08,FR,quantile,0.975,53.0
2025-06-11,hospital admissions,1,2025-06-08,FR,quantile,0.990,64.0
2025-06-11,hospital admissions,1,2025-06-08,FR,median,,4.0
2025-06-11,hospital admissions,2,2025-06-15,FR,quantile,0.010,0.0
2025-06-11,hospital admissions,2,2025-06-15,FR,quantile,0.025,0.0
2025-06-11,hospital admissions,2,2025-06-15,FR,quantile,0.050,0.0
2025-06-11,hospital admissions,2,2025-06-15,FR,quantile,0.100,0.0
2025-06-11,hospital admissions,2,2025-06-15,FR,quantile,0.150,0.0
2025-06-11,hospital admissions,2,2025-06-15,FR,quantile,0.200,0.0
2025-06-11,hospital admissions,2,2025-06-15,FR,quantile,0.250,0.0
2025-06-11,hospital admissions,2,2025-06-15,FR,quantile,0.300,0.0
2025-06-11,hospital admissions,2,2025-06-15,FR,quantile,0.350,0.0
2025-06-11,hospital admissions,2,2025-06-15,FR,quantile,0.400,0.0
2025-06-11,hospital admissions,2,2025-06-15,FR,quantile,0.450,1.0
2025-06-11,hospital admissions,2,2025-06-15,FR,quantile,0.500,4.0
2025-06-11,hospital admissions,2,2025-06-15,FR,quantile,0.550,7.0
2025-06-11,hospital admissions,2,2025-06-15,FR,quantile,0.600,10.0
2025-06-11,hospital admissions,2,2025-06-15,FR,quantile,0.650,14.0
2025-06-11,hospital admissions,2,2025-06-15,FR,quantile,0.700,18.0
2025-06-11,hospital admissions,2,2025-06-15,FR,quantile,0.750,21.0
2025-06-11,hospital admissions,2,2025-06-15,FR,quantile,0.800,25.0
2025-06-11,hospital admissions,2,2025-06-15,FR,quantile,0.850,30.0
2025-06-11,hospital admissions,2,2025-06-15,FR,quantile,0.900,36.0
2025-06-11,hospital admissions,2,2025-06-15,FR,quantile,0.950,46.04999999999927
2025-06-11,hospital admissions,2,2025-06-15,FR,quantile,0.975,55.0
2025-06-11,hospital admissions,2,2025-06-15,FR,quantile,0.990,67.0
2025-06-11,hospital admissions,2,2025-06-15,FR,median,,4.0
2025-06-11,hospital admissions,3,2025-06-22,FR,quantile,0.010,0.0
2025-06-11,hospital admissions,3,2025-06-22,FR,quantile,0.025,0.0
2025-06-11,hospital admissions,3,2025-06-22,FR,quantile,0.050,0.0
2025-06-11,hospital admissions,3,2025-06-22,FR,quantile,0.100,0.0
2025-06-11,hospital admissions,3,2025-06-22,FR,quantile,0.150,0.0
2025-06-11,hospital admissions,3,2025-06-22,FR,quantile,0.200,0.0
2025-06-11,hospital admissions,3,2025-06-22,FR,quantile,0.250,0.0
2025-06-11,hospital admissions,3,2025-06-22,FR,quantile,0.300,0.0
2025-06-11,hospital admissions,3,2025-06-22,FR,quantile,0.350,0.0
2025-06-11,hospital admissions,3,2025-06-22,FR,quantile,0.400,0.0
2025-06-11,hospital admissions,3,2025-06-22,FR,quantile,0.450,1.0
2025-06-11,hospital admissions,3,2025-06-22,FR,quantile,0.500,4.0
2025-06-11,hospital admissions,3,2025-06-22,FR,quantile,0.550,8.0
2025-06-11,hospital admissions,3,2025-06-22,FR,quantile,0.600,11.0
2025-06-11,hospital admissions,3,2025-06-22,FR,quantile,0.650,14.0
2025-06-11,hospital admissions,3,2025-06-22,FR,quantile,0.700,18.0
2025-06-11,hospital admissions,3,2025-06-22,FR,quantile,0.750,22.0
2025-06-11,hospital admissions,3,2025-06-22,FR,quantile,0.800,26.0
2025-06-11,hospital admissions,3,2025-06-22,FR,quantile,0.850,31.0
2025-06-11,hospital admissions,3,2025-06-22,FR,quantile,0.900,38.0
2025-06-11,hospital admissions,3,2025-06-22,FR,quantile,0.950,49.0
2025-06-11,hospital admissions,3,2025-06-22,FR,quantile,0.975,58.0
2025-06-11,hospital admissions,3,2025-06-22,FR,quantile,0.990,68.0
2025-06-11,hospital admissions,3,2025-06-22,FR,median,,4.0
2025-06-11,hospital admissions,4,2025-06-29,FR,quantile,0.010,0.0
2025-06-11,hospital admissions,4,2025-06-29,FR,quantile,0.025,0.0
2025-06-11,hospital admissions,4,2025-06-29,FR,quantile,0.050,0.0
2025-06-11,hospital admissions,4,2025-06-29,FR,quantile,0.100,0.0
2025-06-11,hospital admissions,4,2025-06-29,FR,quantile,0.150,0.0
2025-06-11,hospital admissions,4,2025-06-29,FR,quantile,0.200,0.0
2025-06-11,hospital admissions,4,2025-06-29,FR,quantile,0.250,0.0
2025-06-11,hospital admissions,4,2025-06-29,FR,quantile,0.300,0.0
2025-06-11,hospital admissions,4,2025-06-29,FR,quantile,0.350,0.0
2025-06-11,hospital admissions,4,2025-06-29,FR,quantile,0.400,0.0
2025-06-11,hospital admissions,4,2025-06-29,FR,quantile,0.450,1.0
2025-06-11,hospital admissions,4,2025-06-29,FR,quantile,0.500,4.0
2025-06-11,hospital admissions,4,2025-06-29,FR,quantile,0.550,8.0
2025-06-11,hospital admissions,4,2025-06-29,FR,quantile,0.600,11.0
2025-06-11,hospital admissions,4,2025-06-29,FR,quantile,0.650,15.0
2025-06-11,hospital admissions,4,2025-06-29,FR,quantile,0.700,18.0
2025-06-11,hospital admissions,4,2025-06-29,FR,quantile,0.750,22.0
2025-06-11,hospital admissions,4,2025-06-29,FR,quantile,0.800,27.0
2025-06-11,hospital admissions,4,2025-06-29,FR,quantile,0.850,32.0
2025-06-11,hospital admissions,4,2025-06-29,FR,quantile,0.900,40.0
2025-06-11,hospital admissions,4,2025-06-29,FR,quantile,0.950,51.0
2025-06-11,hospital admissions,4,2025-06-29,FR,quantile,0.975,61.0
2025-06-11,hospital admissions,4,2025-06-29,FR,quantile,0.990,71.0
2025-06-11,hospital admissions,4,2025-06-29,FR,median,,4.0
2025-06-11,hospital admissions,1,2025-06-08,GR,quantile,0.010,0.0
2025-06-11,hospital admissions,1,2025-06-08,GR,quantile,0.025,0.0
2025-06-11,hospital admissions,1,2025-06-08,GR,quantile,0.050,0.0
2025-06-11,hospital admissions,1,2025-06-08,GR,quantile,0.100,0.0
2025-06-11,hospital admissions,1,2025-06-08,GR,quantile,0.150,0.0
2025-06-11,hospital admissions,1,2025-06-08,GR,quantile,0.200,0.0
2025-06-11,hospital admissions,1,2025-06-08,GR,quantile,0.250,15.0
2025-06-11,hospital admissions,1,2025-06-08,GR,quantile,0.300,35.0
2025-06-11,hospital admissions,1,2025-06-08,GR,quantile,0.350,41.0
2025-06-11,hospital admissions,1,2025-06-08,GR,quantile,0.400,50.0
2025-06-11,hospital admissions,1,2025-06-08,GR,quantile,0.450,54.0
2025-06-11,hospital admissions,1,2025-06-08,GR,quantile,0.500,56.0
2025-06-11,hospital admissions,1,2025-06-08,GR,quantile,0.550,59.0
2025-06-11,hospital admissions,1,2025-06-08,GR,quantile,0.600,65.0
2025-06-11,hospital admissions,1,2025-06-08,GR,quantile,0.650,72.0
2025-06-11,hospital admissions,1,2025-06-08,GR,quantile,0.700,83.0
2025-06-11,hospital admissions,1,2025-06-08,GR,quantile,0.750,100.0
2025-06-11,hospital admissions,1,2025-06-08,GR,quantile,0.800,121.0
2025-06-11,hospital admissions,1,2025-06-08,GR,quantile,0.850,152.0
2025-06-11,hospital admissions,1,2025-06-08,GR,quantile,0.900,185.0
2025-06-11,hospital admissions,1,2025-06-08,GR,quantile,0.950,219.0
2025-06-11,hospital admissions,1,2025-06-08,GR,quantile,0.975,352.0
2025-06-11,hospital admissions,1,2025-06-08,GR,quantile,0.990,378.0
2025-06-11,hospital admissions,1,2025-06-08,GR,median,,56.0
2025-06-11,hospital admissions,2,2025-06-15,GR,quantile,0.010,0.0
2025-06-11,hospital admissions,2,2025-06-15,GR,quantile,0.025,0.0
2025-06-11,hospital admissions,2,2025-06-15,GR,quantile,0.050,0.0
2025-06-11,hospital admissions,2,2025-06-15,GR,quantile,0.100,0.0
2025-06-11,hospital admissions,2,2025-06-15,GR,quantile,0.150,0.0
2025-06-11,hospital admissions,2,2025-06-15,GR,quantile,0.200,0.0
2025-06-11,hospital admissions,2,2025-06-15,GR,quantile,0.250,0.0
2025-06-11,hospital admissions,2,2025-06-15,GR,quantile,0.300,0.0
2025-06-11,hospital admissions,2,2025-06-15,GR,quantile,0.350,14.0
2025-06-11,hospital admissions,2,2025-06-15,GR,quantile,0.400,32.0
2025-06-11,hospital admissions,2,2025-06-15,GR,quantile,0.450,46.0
2025-06-11,hospital admissions,2,2025-06-15,GR,quantile,0.500,56.0
2025-06-11,hospital admissions,2,2025-06-15,GR,quantile,0.550,67.0
2025-06-11,hospital admissions,2,2025-06-15,GR,quantile,0.600,81.0
2025-06-11,hospital admissions,2,2025-06-15,GR,quantile,0.650,98.0
2025-06-11,hospital admissions,2,2025-06-15,GR,quantile,0.700,120.0
2025-06-11,hospital admissions,2,2025-06-15,GR,quantile,0.750,146.0
2025-06-11,hospital admissions,2,2025-06-15,GR,quantile,0.800,172.0
2025-06-11,hospital admissions,2,2025-06-15,GR,quantile,0.850,200.0
2025-06-11,hospital admissions,2,2025-06-15,GR,quantile,0.900,239.0
2025-06-11,hospital admissions,2,2025-06-15,GR,quantile,0.950,329.0499999999993
2025-06-11,hospital admissions,2,2025-06-15,GR,quantile,0.975,392.0
2025-06-11,hospital admissions,2,2025-06-15,GR,quantile,0.990,539.0100000000002
2025-06-11,hospital admissions,2,2025-06-15,GR,median,,56.0
2025-06-11,hospital admissions,3,2025-06-22,GR,quantile,0.010,0.0
2025-06-11,hospital admissions,3,2025-06-22,GR,quantile,0.025,0.0
2025-06-11,hospital admissions,3,2025-06-22,GR,quantile,0.050,0.0
2025-06-11,hospital admissions,3,2025-06-22,GR,quantile,0.100,0.0
2025-06-11,hospital admissions,3,2025-06-22,GR,quantile,0.150,0.0
2025-06-11,hospital admissions,3,2025-06-22,GR,quantile,0.200,0.0
2025-06-11,hospital admissions,3,2025-06-22,GR,quantile,0.250,0.0
2025-06-11,hospital admissions,3,2025-06-22,GR,quantile,0.300,0.0
2025-06-11,hospital admissions,3,2025-06-22,GR,quantile,0.350,0.0
2025-06-11,hospital admissions,3,2025-06-22,GR,quantile,0.400,20.0
2025-06-11,hospital admissions,3,2025-06-22,GR,quantile,0.450,39.0
2025-06-11,hospital admissions,3,2025-06-22,GR,quantile,0.500,56.0
2025-06-11,hospital admissions,3,2025-06-22,GR,quantile,0.550,74.0
2025-06-11,hospital admissions,3,2025-06-22,GR,quantile,0.600,95.0
2025-06-11,hospital admissions,3,2025-06-22,GR,quantile,0.650,119.0
2025-06-11,hospital admissions,3,2025-06-22,GR,quantile,0.700,143.0
2025-06-11,hospital admissions,3,2025-06-22,GR,quantile,0.750,170.0
2025-06-11,hospital admissions,3,2025-06-22,GR,quantile,0.800,199.0
2025-06-11,hospital admissions,3,2025-06-22,GR,quantile,0.850,238.0
2025-06-11,hospital admissions,3,2025-06-22,GR,quantile,0.900,288.0
2025-06-11,hospital admissions,3,2025-06-22,GR,quantile,0.950,379.0499999999993
2025-06-11,hospital admissions,3,2025-06-22,GR,quantile,0.975,479.0
2025-06-11,hospital admissions,3,2025-06-22,GR,quantile,0.990,587.0
2025-06-11,hospital admissions,3,2025-06-22,GR,median,,56.0
2025-06-11,hospital admissions,4,2025-06-29,GR,quantile,0.010,0.0
2025-06-11,hospital admissions,4,2025-06-29,GR,quantile,0.025,0.0
2025-06-11,hospital admissions,4,2025-06-29,GR,quantile,0.050,0.0
2025-06-11,hospital admissions,4,2025-06-29,GR,quantile,0.100,0.0
2025-06-11,hospital admissions,4,2025-06-29,GR,quantile,0.150,0.0
2025-06-11,hospital admissions,4,2025-06-29,GR,quantile,0.200,0.0
2025-06-11,hospital admissions,4,2025-06-29,GR,quantile,0.250,0.0
2025-06-11,hospital admissions,4,2025-06-29,GR,quantile,0.300,0.0
2025-06-11,hospital admissions,4,2025-06-29,GR,quantile,0.350,0.0
2025-06-11,hospital admissions,4,2025-06-29,GR,quantile,0.400,7.0
2025-06-11,hospital admissions,4,2025-06-29,GR,quantile,0.450,30.0
2025-06-11,hospital admissions,4,2025-06-29,GR,quantile,0.500,54.0
2025-06-11,hospital admissions,4,2025-06-29,GR,quantile,0.550,78.0
2025-06-11,hospital admissions,4,2025-06-29,GR,quantile,0.600,102.0
2025-06-11,hospital admissions,4,2025-06-29,GR,quantile,0.650,128.0
2025-06-11,hospital admissions,4,2025-06-29,GR,quantile,0.700,157.0
2025-06-11,hospital admissions,4,2025-06-29,GR,quantile,0.750,188.0
2025-06-11,hospital admissions,4,2025-06-29,GR,quantile,0.800,222.0
2025-06-11,hospital admissions,4,2025-06-29,GR,quantile,0.850,267.0
2025-06-11,hospital admissions,4,2025-06-29,GR,quantile,0.900,328.0
2025-06-11,hospital admissions,4,2025-06-29,GR,quantile,0.950,428.0
2025-06-11,hospital admissions,4,2025-06-29,GR,quantile,0.975,534.0
2025-06-11,hospital admissions,4,2025-06-29,GR,quantile,0.990,656.0
2025-06-11,hospital admissions,4,2025-06-29,GR,median,,54.0
2025-06-11,hospital admissions,1,2025-06-08,HU,quantile,0.010,0.0
2025-06-11,hospital admissions,1,2025-06-08,HU,quantile,0.025,0.0
2025-06-11,hospital admissions,1,2025-06-08,HU,quantile,0.050,0.0
2025-06-11,hospital admissions,1,2025-06-08,HU,quantile,0.100,0.0
2025-06-11,hospital admissions,1,2025-06-08,HU,quantile,0.150,0.0
2025-06-11,hospital admissions,1,2025-06-08,HU,quantile,0.200,0.0
2025-06-11,hospital admissions,1,2025-06-08,HU,quantile,0.250,0.0
2025-06-11,hospital admissions,1,2025-06-08,HU,quantile,0.300,0.0
2025-06-11,hospital admissions,1,2025-06-08,HU,quantile,0.350,0.0
2025-06-11,hospital admissions,1,2025-06-08,HU,quantile,0.400,0.0
2025-06-11,hospital admissions,1,2025-06-08,HU,quantile,0.450,0.0
2025-06-11,hospital admissions,1,2025-06-08,HU,quantile,0.500,5.0
2025-06-11,hospital admissions,1,2025-06-08,HU,quantile,0.550,16.0
2025-06-11,hospital admissions,1,2025-06-08,HU,quantile,0.600,26.399999999999636
2025-06-11,hospital admissions,1,2025-06-08,HU,quantile,0.650,38.0
2025-06-11,hospital admissions,1,2025-06-08,HU,quantile,0.700,50.0
2025-06-11,hospital admissions,1,2025-06-08,HU,quantile,0.750,64.0
2025-06-11,hospital admissions,1,2025-06-08,HU,quantile,0.800,79.0
2025-06-11,hospital admissions,1,2025-06-08,HU,quantile,0.850,96.0
2025-06-11,hospital admissions,1,2025-06-08,HU,quantile,0.900,118.0
2025-06-11,hospital admissions,1,2025-06-08,HU,quantile,0.950,153.0
2025-06-11,hospital admissions,1,2025-06-08,HU,quantile,0.975,184.0
2025-06-11,hospital admissions,1,2025-06-08,HU,quantile,0.990,222.01000000000022
2025-06-11,hospital admissions,1,2025-06-08,HU,median,,5.0
2025-06-11,hospital admissions,2,2025-06-15,HU,quantile,0.010,0.0
2025-06-11,hospital admissions,2,2025-06-15,HU,quantile,0.025,0.0
2025-06-11,hospital admissions,2,2025-06-15,HU,quantile,0.050,0.0
2025-06-11,hospital admissions,2,2025-06-15,HU,quantile,0.100,0.0
2025-06-11,hospital admissions,2,2025-06-15,HU,quantile,0.150,0.0
2025-06-11,hospital admissions,2,2025-06-15,HU,quantile,0.200,0.0
2025-06-11,hospital admissions,2,2025-06-15,HU,quantile,0.250,0.0
2025-06-11,hospital admissions,2,2025-06-15,HU,quantile,0.300,0.0
2025-06-11,hospital admissions,2,2025-06-15,HU,quantile,0.350,0.0
2025-06-11,hospital admissions,2,2025-06-15,HU,quantile,0.400,0.0
2025-06-11,hospital admissions,2,2025-06-15,HU,quantile,0.450,0.0
2025-06-11,hospital admissions,2,2025-06-15,HU,quantile,0.500,6.0
2025-06-11,hospital admissions,2,2025-06-15,HU,quantile,0.550,17.0
2025-06-11,hospital admissions,2,2025-06-15,HU,quantile,0.600,28.0
2025-06-11,hospital admissions,2,2025-06-15,HU,quantile,0.650,40.0
2025-06-11,hospital admissions,2,2025-06-15,HU,quantile,0.700,52.0
2025-06-11,hospital admissions,2,2025-06-15,HU,quantile,0.750,67.0
2025-06-11,hospital admissions,2,2025-06-15,HU,quantile,0.800,81.0
2025-06-11,hospital admissions,2,2025-06-15,HU,quantile,0.850,99.0
2025-06-11,hospital admissions,2,2025-06-15,HU,quantile,0.900,121.0
2025-06-11,hospital admissions,2,2025-06-15,HU,quantile,0.950,156.0
2025-06-11,hospital admissions,2,2025-06-15,HU,quantile,0.975,187.02499999999964
2025-06-11,hospital admissions,2,2025-06-15,HU,quantile,0.990,227.01000000000022
2025-06-11,hospital admissions,2,2025-06-15,HU,median,,6.0
2025-06-11,hospital admissions,3,2025-06-22,HU,quantile,0.010,0.0
2025-06-11,hospital admissions,3,2025-06-22,HU,quantile,0.025,0.0
2025-06-11,hospital admissions,3,2025-06-22,HU,quantile,0.050,0.0
2025-06-11,hospital admissions,3,2025-06-22,HU,quantile,0.100,0.0
2025-06-11,hospital admissions,3,2025-06-22,HU,quantile,0.150,0.0
2025-06-11,hospital admissions,3,2025-06-22,HU,quantile,0.200,0.0
2025-06-11,hospital admissions,3,2025-06-22,HU,quantile,0.250,0.0
2025-06-11,hospital admissions,3,2025-06-22,HU,quantile,0.300,0.0
2025-06-11,hospital admissions,3,2025-06-22,HU,quantile,0.350,0.0
2025-06-11,hospital admissions,3,2025-06-22,HU,quantile,0.400,0.0
2025-06-11,hospital admissions,3,2025-06-22,HU,quantile,0.450,0.0
2025-06-11,hospital admissions,3,2025-06-22,HU,quantile,0.500,6.0
2025-06-11,hospital admissions,3,2025-06-22,HU,quantile,0.550,17.0
2025-06-11,hospital admissions,3,2025-06-22,HU,quantile,0.600,30.0
2025-06-11,hospital admissions,3,2025-06-22,HU,quantile,0.650,41.0
2025-06-11,hospital admissions,3,2025-06-22,HU,quantile,0.700,54.0
2025-06-11,hospital admissions,3,2025-06-22,HU,quantile,0.750,69.0
2025-06-11,hospital admissions,3,2025-06-22,HU,quantile,0.800,84.0
2025-06-11,hospital admissions,3,2025-06-22,HU,quantile,0.850,101.0
2025-06-11,hospital admissions,3,2025-06-22,HU,quantile,0.900,124.0
2025-06-11,hospital admissions,3,2025-06-22,HU,quantile,0.950,161.0
2025-06-11,hospital admissions,3,2025-06-22,HU,quantile,0.975,193.0
2025-06-11,hospital admissions,3,2025-06-22,HU,quantile,0.990,234.0
2025-06-11,hospital admissions,3,2025-06-22,HU,median,,6.0
2025-06-11,hospital admissions,4,2025-06-29,HU,quantile,0.010,0.0
2025-06-11,hospital admissions,4,2025-06-29,HU,quantile,0.025,0.0
2025-06-11,hospital admissions,4,2025-06-29,HU,quantile,0.050,0.0
2025-06-11,hospital admissions,4,2025-06-29,HU,quantile,0.100,0.0
2025-06-11,hospital admissions,4,2025-06-29,HU,quantile,0.150,0.0
2025-06-11,hospital admissions,4,2025-06-29,HU,quantile,0.200,0.0
2025-06-11,hospital admissions,4,2025-06-29,HU,quantile,0.250,0.0
2025-06-11,hospital admissions,4,2025-06-29,HU,quantile,0.300,0.0
2025-06-11,hospital admissions,4,2025-06-29,HU,quantile,0.350,0.0
2025-06-11,hospital admissions,4,2025-06-29,HU,quantile,0.400,0.0
2025-06-11,hospital admissions,4,2025-06-29,HU,quantile,0.450,0.0
2025-06-11,hospital admissions,4,2025-06-29,HU,quantile,0.500,5.0
2025-06-11,hospital admissions,4,2025-06-29,HU,quantile,0.550,18.0
2025-06-11,hospital admissions,4,2025-06-29,HU,quantile,0.600,30.0
2025-06-11,hospital admissions,4,2025-06-29,HU,quantile,0.650,43.0
2025-06-11,hospital admissions,4,2025-06-29,HU,quantile,0.700,56.0
2025-06-11,hospital admissions,4,2025-06-29,HU,quantile,0.750,71.0
2025-06-11,hospital admissions,4,2025-06-29,HU,quantile,0.800,85.0
2025-06-11,hospital admissions,4,2025-06-29,HU,quantile,0.850,104.0
2025-06-11,hospital admissions,4,2025-06-29,HU,quantile,0.900,127.0
2025-06-11,hospital admissions,4,2025-06-29,HU,quantile,0.950,163.0
2025-06-11,hospital admissions,4,2025-06-29,HU,quantile,0.975,196.0
2025-06-11,hospital admissions,4,2025-06-29,HU,quantile,0.990,235.0
2025-06-11,hospital admissions,4,2025-06-29,HU,median,,5.0
2025-06-11,hospital admissions,1,2025-06-08,IE,quantile,0.010,0.0
2025-06-11,hospital admissions,1,2025-06-08,IE,quantile,0.025,0.0
2025-06-11,hospital admissions,1,2025-06-08,IE,quantile,0.050,0.0
2025-06-11,hospital admissions,1,2025-06-08,IE,quantile,0.100,9.0
2025-06-11,hospital admissions,1,2025-06-08,IE,quantile,0.150,27.0
2025-06-11,hospital admissions,1,2025-06-08,IE,quantile,0.200,36.0
2025-06-11,hospital admissions,1,2025-06-08,IE,quantile,0.250,42.0
2025-06-11,hospital admissions,1,2025-06-08,IE,quantile,0.300,50.0
2025-06-11,hospital admissions,1,2025-06-08,IE,quantile,0.350,53.0
2025-06-11,hospital admissions,1,2025-06-08,IE,quantile,0.400,58.0
2025-06-11,hospital admissions,1,2025-06-08,IE,quantile,0.450,60.0
2025-06-11,hospital admissions,1,2025-06-08,IE,quantile,0.500,64.0
2025-06-11,hospital admissions,1,2025-06-08,IE,quantile,0.550,68.0
2025-06-11,hospital admissions,1,2025-06-08,IE,quantile,0.600,70.0
2025-06-11,hospital admissions,1,2025-06-08,IE,quantile,0.650,75.0
2025-06-11,hospital admissions,1,2025-06-08,IE,quantile,0.700,78.0
2025-06-11,hospital admissions,1,2025-06-08,IE,quantile,0.750,86.0
2025-06-11,hospital admissions,1,2025-06-08,IE,quantile,0.800,92.0
2025-06-11,hospital admissions,1,2025-06-08,IE,quantile,0.850,101.0
2025-06-11,hospital admissions,1,2025-06-08,IE,quantile,0.900,119.0
2025-06-11,hospital admissions,1,2025-06-08,IE,quantile,0.950,150.0
2025-06-11,hospital admissions,1,2025-06-08,IE,quantile,0.975,179.0
2025-06-11,hospital admissions,1,2025-06-08,IE,quantile,0.990,235.0
2025-06-11,hospital admissions,1,2025-06-08,IE,median,,64.0
2025-06-11,hospital admissions,2,2025-06-15,IE,quantile,0.010,0.0
2025-06-11,hospital admissions,2,2025-06-15,IE,quantile,0.025,0.0
2025-06-11,hospital admissions,2,2025-06-15,IE,quantile,0.050,0.0
2025-06-11,hospital admissions,2,2025-06-15,IE,quantile,0.100,0.0
2025-06-11,hospital admissions,2,2025-06-15,IE,quantile,0.150,0.0
2025-06-11,hospital admissions,2,2025-06-15,IE,quantile,0.200,14.0
2025-06-11,hospital admissions,2,2025-06-15,IE,quantile,0.250,26.0
2025-06-11,hospital admissions,2,2025-06-15,IE,quantile,0.300,35.0
2025-06-11,hospital admissions,2,2025-06-15,IE,quantile,0.350,44.0
2025-06-11,hospital admissions,2,2025-06-15,IE,quantile,0.400,50.600000000000364
2025-06-11,hospital admissions,2,2025-06-15,IE,quantile,0.450,57.0
2025-06-11,hospital admissions,2,2025-06-15,IE,quantile,0.500,64.0
2025-06-11,hospital admissions,2,2025-06-15,IE,quantile,0.550,70.0
2025-06-11,hospital admissions,2,2025-06-15,IE,quantile,0.600,76.0
2025-06-11,hospital admissions,2,2025-06-15,IE,quantile,0.650,83.0
2025-06-11,hospital admissions,2,2025-06-15,IE,quantile,0.700,92.0
2025-06-11,hospital admissions,2,2025-06-15,IE,quantile,0.750,102.0
2025-06-11,hospital admissions,2,2025-06-15,IE,quantile,0.800,114.0
2025-06-11,hospital admissions,2,2025-06-15,IE,quantile,0.850,130.0
2025-06-11,hospital admissions,2,2025-06-15,IE,quantile,0.900,150.0
2025-06-11,hospital admissions,2,2025-06-15,IE,quantile,0.950,184.0
2025-06-11,hospital admissions,2,2025-06-15,IE,quantile,0.975,226.0
2025-06-11,hospital admissions,2,2025-06-15,IE,quantile,0.990,269.0100000000002
2025-06-11,hospital admissions,2,2025-06-15,IE,median,,64.0
2025-06-11,hospital admissions,3,2025-06-22,IE,quantile,0.010,0.0
2025-06-11,hospital admissions,3,2025-06-22,IE,quantile,0.025,0.0
2025-06-11,hospital admissions,3,2025-06-22,IE,quantile,0.050,0.0
2025-06-11,hospital admissions,3,2025-06-22,IE,quantile,0.100,0.0
2025-06-11,hospital admissions,3,2025-06-22,IE,quantile,0.150,0.0
2025-06-11,hospital admissions,3,2025-06-22,IE,quantile,0.200,0.0
2025-06-11,hospital admissions,3,2025-06-22,IE,quantile,0.250,13.0
2025-06-11,hospital admissions,3,2025-06-22,IE,quantile,0.300,24.0
2025-06-11,hospital admissions,3,2025-06-22,IE,quantile,0.350,36.0
2025-06-11,hospital admissions,3,2025-06-22,IE,quantile,0.400,45.0
2025-06-11,hospital admissions,3,2025-06-22,IE,quantile,0.450,53.0
2025-06-11,hospital admissions,3,2025-06-22,IE,quantile,0.500,63.0
2025-06-11,hospital admissions,3,2025-06-22,IE,quantile,0.550,72.0
2025-06-11,hospital admissions,3,2025-06-22,IE,quantile,0.600,81.0
2025-06-11,hospital admissions,3,2025-06-22,IE,quantile,0.650,91.0
2025-06-11,hospital admissions,3,2025-06-22,IE,quantile,0.700,102.0
2025-06-11,hospital admissions,3,2025-06-22,IE,quantile,0.750,115.0
2025-06-11,hospital admissions,3,2025-06-22,IE,quantile,0.800,130.0
2025-06-11,hospital admissions,3,2025-06-22,IE,quantile,0.850,149.0
2025-06-11,hospital admissions,3,2025-06-22,IE,quantile,0.900,172.0
2025-06-11,hospital admissions,3,2025-06-22,IE,quantile,0.950,219.0
2025-06-11,hospital admissions,3,2025-06-22,IE,quantile,0.975,255.0
2025-06-11,hospital admissions,3,2025-06-22,IE,quantile,0.990,296.0100000000002
2025-06-11,hospital admissions,3,2025-06-22,IE,median,,63.0
2025-06-11,hospital admissions,4,2025-06-29,IE,quantile,0.010,0.0
2025-06-11,hospital admissions,4,2025-06-29,IE,quantile,0.025,0.0
2025-06-11,hospital admissions,4,2025-06-29,IE,quantile,0.050,0.0
2025-06-11,hospital admissions,4,2025-06-29,IE,quantile,0.100,0.0
2025-06-11,hospital admissions,4,2025-06-29,IE,quantile,0.150,0.0
2025-06-11,hospital admissions,4,2025-06-29,IE,quantile,0.200,0.0
2025-06-11,hospital admissions,4,2025-06-29,IE,quantile,0.250,2.0
2025-06-11,hospital admissions,4,2025-06-29,IE,quantile,0.300,16.0
2025-06-11,hospital admissions,4,2025-06-29,IE,quantile,0.350,29.0
2025-06-11,hospital admissions,4,2025-06-29,IE,quantile,0.400,41.0
2025-06-11,hospital admissions,4,2025-06-29,IE,quantile,0.450,51.0
2025-06-11,hospital admissions,4,2025-06-29,IE,quantile,0.500,63.0
2025-06-11,hospital admissions,4,2025-06-29,IE,quantile,0.550,73.0
2025-06-11,hospital admissions,4,2025-06-29,IE,quantile,0.600,84.0
2025-06-11,hospital admissions,4,2025-06-29,IE,quantile,0.650,97.0
2025-06-11,hospital admissions,4,2025-06-29,IE,quantile,0.700,110.0
2025-06-11,hospital admissions,4,2025-06-29,IE,quantile,0.750,125.0
2025-06-11,hospital admissions,4,2025-06-29,IE,quantile,0.800,142.0
2025-06-11,hospital admissions,4,2025-06-29,IE,quantile,0.850,164.0
2025-06-11,hospital admissions,4,2025-06-29,IE,quantile,0.900,191.0
2025-06-11,hospital admissions,4,2025-06-29,IE,quantile,0.950,239.0
2025-06-11,hospital admissions,4,2025-06-29,IE,quantile,0.975,282.0
2025-06-11,hospital admissions,4,2025-06-29,IE,quantile,0.990,333.0
2025-06-11,hospital admissions,4,2025-06-29,IE,median,,63.0
2025-06-11,hospital admissions,1,2025-06-08,IT,quantile,0.010,0.0
2025-06-11,hospital admissions,1,2025-06-08,IT,quantile,0.025,0.0
2025-06-11,hospital admissions,1,2025-06-08,IT,quantile,0.050,0.0
2025-06-11,hospital admissions,1,2025-06-08,IT,quantile,0.100,0.0
2025-06-11,hospital admissions,1,2025-06-08,IT,quantile,0.150,0.0
2025-06-11,hospital admissions,1,2025-06-08,IT,quantile,0.200,0.0
2025-06-11,hospital admissions,1,2025-06-08,IT,quantile,0.250,0.0
2025-06-11,hospital admissions,1,2025-06-08,IT,quantile,0.300,0.0
2025-06-11,hospital admissions,1,2025-06-08,IT,quantile,0.350,0.0
2025-06-11,hospital admissions,1,2025-06-08,IT,quantile,0.400,0.0
2025-06-11,hospital admissions,1,2025-06-08,IT,quantile,0.450,0.0
2025-06-11,hospital admissions,1,2025-06-08,IT,quantile,0.500,0.0
2025-06-11,hospital admissions,1,2025-06-08,IT,quantile,0.550,44.0
2025-06-11,hospital admissions,1,2025-06-08,IT,quantile,0.600,94.39999999999964
2025-06-11,hospital admissions,1,2025-06-08,IT,quantile,0.650,156.0
2025-06-11,hospital admissions,1,2025-06-08,IT,quantile,0.700,225.0
2025-06-11,hospital admissions,1,2025-06-08,IT,quantile,0.750,305.0
2025-06-11,hospital admissions,1,2025-06-08,IT,quantile,0.800,398.0
2025-06-11,hospital admissions,1,2025-06-08,IT,quantile,0.850,505.14999999999964
2025-06-11,hospital admissions,1,2025-06-08,IT,quantile,0.900,639.0
2025-06-11,hospital admissions,1,2025-06-08,IT,quantile,0.950,821.0499999999993
2025-06-11,hospital admissions,1,2025-06-08,IT,quantile,0.975,1030.0499999999993
2025-06-11,hospital admissions,1,2025-06-08,IT,quantile,0.990,1221.0200000000004
2025-06-11,hospital admissions,1,2025-06-08,IT,median,,0.0
2025-06-11,hospital admissions,2,2025-06-15,IT,quantile,0.010,0.0
2025-06-11,hospital admissions,2,2025-06-15,IT,quantile,0.025,0.0
2025-06-11,hospital admissions,2,2025-06-15,IT,quantile,0.050,0.0
2025-06-11,hospital admissions,2,2025-06-15,IT,quantile,0.100,0.0
2025-06-11,hospital admissions,2,2025-06-15,IT,quantile,0.150,0.0
2025-06-11,hospital admissions,2,2025-06-15,IT,quantile,0.200,0.0
2025-06-11,hospital admissions,2,2025-06-15,IT,quantile,0.250,0.0
2025-06-11,hospital admissions,2,2025-06-15,IT,quantile,0.300,0.0
2025-06-11,hospital admissions,2,2025-06-15,IT,quantile,0.350,0.0
2025-06-11,hospital admissions,2,2025-06-15,IT,quantile,0.400,0.0
2025-06-11,hospital admissions,2,2025-06-15,IT,quantile,0.450,0.0
2025-06-11,hospital admissions,2,2025-06-15,IT,quantile,0.500,1.0
2025-06-11,hospital admissions,2,2025-06-15,IT,quantile,0.550,52.0
2025-06-11,hospital admissions,2,2025-06-15,IT,quantile,0.600,109.0
2025-06-11,hospital admissions,2,2025-06-15,IT,quantile,0.650,175.0
2025-06-11,hospital admissions,2,2025-06-15,IT,quantile,0.700,249.0
2025-06-11,hospital admissions,2,2025-06-15,IT,quantile,0.750,329.25
2025-06-11,hospital admissions,2,2025-06-15,IT,quantile,0.800,433.0
2025-06-11,hospital admissions,2,2025-06-15,IT,quantile,0.850,551.0
2025-06-11,hospital admissions,2,2025-06-15,IT,quantile,0.900,677.0
2025-06-11,hospital admissions,2,2025-06-15,IT,quantile,0.950,887.0499999999993
2025-06-11,hospital admissions,2,2025-06-15,IT,quantile,0.975,1105.0499999999993
2025-06-11,hospital admissions,2,2025-06-15,IT,quantile,0.990,1333.050000000001
2025-06-11,hospital admissions,2,2025-06-15,IT,median,,1.0
2025-06-11,hospital admissions,3,2025-06-22,IT,quantile,0.010,0.0
2025-06-11,hospital admissions,3,2025-06-22,IT,quantile,0.025,0.0
2025-06-11,hospital admissions,3,2025-06-22,IT,quantile,0.050,0.0
2025-06-11,hospital admissions,3,2025-06-22,IT,quantile,0.100,0.0
2025-06-11,hospital admissions,3,2025-06-22,IT,quantile,0.150,0.0
2025-06-11,hospital admissions,3,2025-06-22,IT,quantile,0.200,0.0
2025-06-11,hospital admissions,3,2025-06-22,IT,quantile,0.250,0.0
2025-06-11,hospital admissions,3,2025-06-22,IT,quantile,0.300,0.0
2025-06-11,hospital admissions,3,2025-06-22,IT,quantile,0.350,0.0
2025-06-11,hospital admissions,3,2025-06-22,IT,quantile,0.400,0.0
2025-06-11,hospital admissions,3,2025-06-22,IT,quantile,0.450,0.0
2025-06-11,hospital admissions,3,2025-06-22,IT,quantile,0.500,4.0
2025-06-11,hospital admissions,3,2025-06-22,IT,quantile,0.550,61.0
2025-06-11,hospital admissions,3,2025-06-22,IT,quantile,0.600,128.0
2025-06-11,hospital admissions,3,2025-06-22,IT,quantile,0.650,201.35000000000036
2025-06-11,hospital admissions,3,2025-06-22,IT,quantile,0.700,277.0
2025-06-11,hospital admissions,3,2025-06-22,IT,quantile,0.750,364.0
2025-06-11,hospital admissions,3,2025-06-22,IT,quantile,0.800,473.2000000000007
2025-06-11,hospital admissions,3,2025-06-22,IT,quantile,0.850,586.1499999999996
2025-06-11,hospital admissions,3,2025-06-22,IT,quantile,0.900,727.1000000000004
2025-06-11,hospital admissions,3,2025-06-22,IT,quantile,0.950,970.0
2025-06-11,hospital admissions,3,2025-06-22,IT,quantile,0.975,1176.0
2025-06-11,hospital admissions,3,2025-06-22,IT,quantile,0.990,1400.0100000000002
2025-06-11,hospital admissions,3,2025-06-22,IT,median,,4.0
2025-06-11,hospital admissions,4,2025-06-29,IT,quantile,0.010,0.0
2025-06-11,hospital admissions,4,2025-06-29,IT,quantile,0.025,0.0
2025-06-11,hospital admissions,4,2025-06-29,IT,quantile,0.050,0.0
2025-06-11,hospital admissions,4,2025-06-29,IT,quantile,0.100,0.0
2025-06-11,hospital admissions,4,2025-06-29,IT,quantile,0.150,0.0
2025-06-11,hospital admissions,4,2025-06-29,IT,quantile,0.200,0.0
2025-06-11,hospital admissions,4,2025-06-29,IT,quantile,0.250,0.0
2025-06-11,hospital admissions,4,2025-06-29,IT,quantile,0.300,0.0
2025-06-11,hospital admissions,4,2025-06-29,IT,quantile,0.350,0.0
2025-06-11,hospital admissions,4,2025-06-29,IT,quantile,0.400,0.0
2025-06-11,hospital admissions,4,2025-06-29,IT,quantile,0.450,0.0
2025-06-11,hospital admissions,4,2025-06-29,IT,quantile,0.500,3.0
2025-06-11,hospital admissions,4,2025-06-29,IT,quantile,0.550,67.45000000000073
2025-06-11,hospital admissions,4,2025-06-29,IT,quantile,0.600,138.39999999999964
2025-06-11,hospital admissions,4,2025-06-29,IT,quantile,0.650,219.0
2025-06-11,hospital admissions,4,2025-06-29,IT,quantile,0.700,301.0
2025-06-11,hospital admissions,4,2025-06-29,IT,quantile,0.750,398.0
2025-06-11,hospital admissions,4,2025-06-29,IT,quantile,0.800,512.2000000000007
2025-06-11,hospital admissions,4,2025-06-29,IT,quantile,0.850,628.0
2025-06-11,hospital admissions,4,2025-06-29,IT,quantile,0.900,782.0
2025-06-11,hospital admissions,4,2025-06-29,IT,quantile,0.950,1019.0999999999985
2025-06-11,hospital admissions,4,2025-06-29,IT,quantile,0.975,1206.0249999999996
2025-06-11,hospital admissions,4,2025-06-29,IT,quantile,0.990,1471.0100000000002
2025-06-11,hospital admissions,4,2025-06-29,IT,median,,3.0
2025-06-11,hospital admissions,1,2025-06-08,LV,quantile,0.010,0.0
2025-06-11,hospital admissions,1,2025-06-08,LV,quantile,0.025,0.0
2025-06-11,hospital admissions,1,2025-06-08,LV,quantile,0.050,0.0
2025-06-11,hospital admissions,1,2025-06-08,LV,quantile,0.100,0.0
2025-06-11,hospital admissions,1,2025-06-08,LV,quantile,0.150,0.0
2025-06-11,hospital admissions,1,2025-06-08,LV,quantile,0.200,0.0
2025-06-11,hospital admissions,1,2025-06-08,LV,quantile,0.250,0.0
2025-06-11,hospital admissions,1,2025-06-08,LV,quantile,0.300,0.0
2025-06-11,hospital admissions,1,2025-06-08,LV,quantile,0.350,1.0
2025-06-11,hospital admissions,1,2025-06-08,LV,quantile,0.400,5.0
2025-06-11,hospital admissions,1,2025-06-08,LV,quantile,0.450,9.0
2025-06-11,hospital admissions,1,2025-06-08,LV,quantile,0.500,12.0
2025-06-11,hospital admissions,1,2025-06-08,LV,quantile,0.550,16.0
2025-06-11,hospital admissions,1,2025-06-08,LV,quantile,0.600,20.0
2025-06-11,hospital admissions,1,2025-06-08,LV,quantile,0.650,24.0
2025-06-11,hospital admissions,1,2025-06-08,LV,quantile,0.700,28.0
2025-06-11,hospital admissions,1,2025-06-08,LV,quantile,0.750,33.0
2025-06-11,hospital admissions,1,2025-06-08,LV,quantile,0.800,41.0
2025-06-11,hospital admissions,1,2025-06-08,LV,quantile,0.850,53.0
2025-06-11,hospital admissions,1,2025-06-08,LV,quantile,0.900,74.0
2025-06-11,hospital admissions,1,2025-06-08,LV,quantile,0.950,100.0
2025-06-11,hospital admissions,1,2025-06-08,LV,quantile,0.975,257.0
2025-06-11,hospital admissions,1,2025-06-08,LV,quantile,0.990,278.0
2025-06-11,hospital admissions,1,2025-06-08,LV,median,,12.0
2025-06-11,hospital admissions,2,2025-06-15,LV,quantile,0.010,0.0
2025-06-11,hospital admissions,2,2025-06-15,LV,quantile,0.025,0.0
2025-06-11,hospital admissions,2,2025-06-15,LV,quantile,0.050,0.0
2025-06-11,hospital admissions,2,2025-06-15,LV,quantile,0.100,0.0
2025-06-11,hospital admissions,2,2025-06-15,LV,quantile,0.150,0.0
2025-06-11,hospital admissions,2,2025-06-15,LV,quantile,0.200,0.0
2025-06-11,hospital admissions,2,2025-06-15,LV,quantile,0.250,0.0
2025-06-11,hospital admissions,2,2025-06-15,LV,quantile,0.300,0.0
2025-06-11,hospital admissions,2,2025-06-15,LV,quantile,0.350,0.0
2025-06-11,hospital admissions,2,2025-06-15,LV,quantile,0.400,3.0
2025-06-11,hospital admissions,2,2025-06-15,LV,quantile,0.450,8.0
2025-06-11,hospital admissions,2,2025-06-15,LV,quantile,0.500,12.0
2025-06-11,hospital admissions,2,2025-06-15,LV,quantile,0.550,17.0
2025-06-11,hospital admissions,2,2025-06-15,LV,quantile,0.600,22.0
2025-06-11,hospital admissions,2,2025-06-15,LV,quantile,0.650,27.0
2025-06-11,hospital admissions,2,2025-06-15,LV,quantile,0.700,33.0
2025-06-11,hospital admissions,2,2025-06-15,LV,quantile,0.750,40.0
2025-06-11,hospital admissions,2,2025-06-15,LV,quantile,0.800,50.0
2025-06-11,hospital admissions,2,2025-06-15,LV,quantile,0.850,66.0
2025-06-11,hospital admissions,2,2025-06-15,LV,quantile,0.900,84.0
2025-06-11,hospital admissions,2,2025-06-15,LV,quantile,0.950,131.0
2025-06-11,hospital admissions,2,2025-06-15,LV,quantile,0.975,264.02499999999964
2025-06-11,hospital admissions,2,2025-06-15,LV,quantile,0.990,294.0
2025-06-11,hospital admissions,2,2025-06-15,LV,median,,12.0
2025-06-11,hospital admissions,3,2025-06-22,LV,quantile,0.010,0.0
2025-06-11,hospital admissions,3,2025-06-22,LV,quantile,0.025,0.0
2025-06-11,hospital admissions,3,2025-06-22,LV,quantile,0.050,0.0
2025-06-11,hospital admissions,3,2025-06-22,LV,quantile,0.100,0.0
2025-06-11,hospital admissions,3,2025-06-22,LV,quantile,0.150,0.0
2025-06-11,hospital admissions,3,2025-06-22,LV,quantile,0.200,0.0
2025-06-11,hospital admissions,3,2025-06-22,LV,quantile,0.250,0.0
2025-06-11,hospital admissions,3,2025-06-22,LV,quantile,0.300,0.0
2025-06-11,hospital admissions,3,2025-06-22,LV,quantile,0.350,0.0
2025-06-11,hospital admissions,3,2025-06-22,LV,quantile,0.400,1.6000000000003638
2025-06-11,hospital admissions,3,2025-06-22,LV,quantile,0.450,7.0
2025-06-11,hospital admissions,3,2025-06-22,LV,quantile,0.500,13.0
2025-06-11,hospital admissions,3,2025-06-22,LV,quantile,0.550,18.0
2025-06-11,hospital admissions,3,2025-06-22,LV,quantile,0.600,24.0
2025-06-11,hospital admissions,3,2025-06-22,LV,quantile,0.650,31.0
2025-06-11,hospital admissions,3,2025-06-22,LV,quantile,0.700,38.0
2025-06-11,hospital admissions,3,2025-06-22,LV,quantile,0.750,47.0
2025-06-11,hospital admissions,3,2025-06-22,LV,quantile,0.800,59.0
2025-06-11,hospital admissions,3,2025-06-22,LV,quantile,0.850,74.0
2025-06-11,hospital admissions,3,2025-06-22,LV,quantile,0.900,97.0
2025-06-11,hospital admissions,3,2025-06-22,LV,quantile,0.950,223.0
2025-06-11,hospital admissions,3,2025-06-22,LV,quantile,0.975,275.0
2025-06-11,hospital admissions,3,2025-06-22,LV,quantile,0.990,307.0
2025-06-11,hospital admissions,3,2025-06-22,LV,median,,13.0
2025-06-11,hospital admissions,4,2025-06-29,LV,quantile,0.010,0.0
2025-06-11,hospital admissions,4,2025-06-29,LV,quantile,0.025,0.0
2025-06-11,hospital admissions,4,2025-06-29,LV,quantile,0.050,0.0
2025-06-11,hospital admissions,4,2025-06-29,LV,quantile,0.100,0.0
2025-06-11,hospital admissions,4,2025-06-29,LV,quantile,0.150,0.0
2025-06-11,hospital admissions,4,2025-06-29,LV,quantile,0.200,0.0
2025-06-11,hospital admissions,4,2025-06-29,LV,quantile,0.250,0.0
2025-06-11,hospital admissions,4,2025-06-29,LV,quantile,0.300,0.0
2025-06-11,hospital admissions,4,2025-06-29,LV,quantile,0.350,0.0
2025-06-11,hospital admissions,4,2025-06-29,LV,quantile,0.400,0.0
2025-06-11,hospital admissions,4,2025-06-29,LV,quantile,0.450,7.0
2025-06-11,hospital admissions,4,2025-06-29,LV,quantile,0.500,13.0
2025-06-11,hospital admissions,4,2025-06-29,LV,quantile,0.550,20.0
2025-06-11,hospital admissions,4,2025-06-29,LV,quantile,0.600,27.0
2025-06-11,hospital admissions,4,2025-06-29,LV,quantile,0.650,34.0
2025-06-11,hospital admissions,4,2025-06-29,LV,quantile,0.700,43.0
2025-06-11,hospital admissions,4,2025-06-29,LV,quantile,0.750,54.0
2025-06-11,hospital admissions,4,2025-06-29,LV,quantile,0.800,67.0
2025-06-11,hospital admissions,4,2025-06-29,LV,quantile,0.850,84.0
2025-06-11,hospital admissions,4,2025-06-29,LV,quantile,0.900,113.0
2025-06-11,hospital admissions,4,2025-06-29,LV,quantile,0.950,240.04999999999927
2025-06-11,hospital admissions,4,2025-06-29,LV,quantile,0.975,284.0
2025-06-11,hospital admissions,4,2025-06-29,LV,quantile,0.990,326.0100000000002
2025-06-11,hospital admissions,4,2025-06-29,LV,median,,13.0
2025-06-11,hospital admissions,1,2025-06-08,LT,quantile,0.010,0.0
2025-06-11,hospital admissions,1,2025-06-08,LT,quantile,0.025,0.0
2025-06-11,hospital admissions,1,2025-06-08,LT,quantile,0.050,0.0
2025-06-11,hospital admissions,1,2025-06-08,LT,quantile,0.100,0.0
2025-06-11,hospital admissions,1,2025-06-08,LT,quantile,0.150,0.0
2025-06-11,hospital admissions,1,2025-06-08,LT,quantile,0.200,0.0
2025-06-11,hospital admissions,1,2025-06-08,LT,quantile,0.250,0.0
2025-06-11,hospital admissions,1,2025-06-08,LT,quantile,0.300,0.0
2025-06-11,hospital admissions,1,2025-06-08,LT,quantile,0.350,1.0
2025-06-11,hospital admissions,1,2025-06-08,LT,quantile,0.400,5.0
2025-06-11,hospital admissions,1,2025-06-08,LT,quantile,0.450,7.0
2025-06-11,hospital admissions,1,2025-06-08,LT,quantile,0.500,10.0
2025-06-11,hospital admissions,1,2025-06-08,LT,quantile,0.550,13.0
2025-06-11,hospital admissions,1,2025-06-08,LT,quantile,0.600,15.0
2025-06-11,hospital admissions,1,2025-06-08,LT,quantile,0.650,19.0
2025-06-11,hospital admissions,1,2025-06-08,LT,quantile,0.700,23.0
2025-06-11,hospital admissions,1,2025-06-08,LT,quantile,0.750,28.0
2025-06-11,hospital admissions,1,2025-06-08,LT,quantile,0.800,34.0
2025-06-11,hospital admissions,1,2025-06-08,LT,quantile,0.850,41.0
2025-06-11,hospital admissions,1,2025-06-08,LT,quantile,0.900,54.0
2025-06-11,hospital admissions,1,2025-06-08,LT,quantile,0.950,84.0
2025-06-11,hospital admissions,1,2025-06-08,LT,quantile,0.975,122.02499999999964
2025-06-11,hospital admissions,1,2025-06-08,LT,quantile,0.990,158.0
2025-06-11,hospital admissions,1,2025-06-08,LT,median,,10.0
2025-06-11,hospital admissions,2,2025-06-15,LT,quantile,0.010,0.0
2025-06-11,hospital admissions,2,2025-06-15,LT,quantile,0.025,0.0
2025-06-11,hospital admissions,2,2025-06-15,LT,quantile,0.050,0.0
2025-06-11,hospital admissions,2,2025-06-15,LT,quantile,0.100,0.0
2025-06-11,hospital admissions,2,2025-06-15,LT,quantile,0.150,0.0
2025-06-11,hospital admissions,2,2025-06-15,LT,quantile,0.200,0.0
2025-06-11,hospital admissions,2,2025-06-15,LT,quantile,0.250,0.0
2025-06-11,hospital admissions,2,2025-06-15,LT,quantile,0.300,0.0
2025-06-11,hospital admissions,2,2025-06-15,LT,quantile,0.350,0.0
2025-06-11,hospital admissions,2,2025-06-15,LT,quantile,0.400,2.0
2025-06-11,hospital admissions,2,2025-06-15,LT,quantile,0.450,6.0
2025-06-11,hospital admissions,2,2025-06-15,LT,quantile,0.500,10.0
2025-06-11,hospital admissions,2,2025-06-15,LT,quantile,0.550,13.0
2025-06-11,hospital admissions,2,2025-06-15,LT,quantile,0.600,17.0
2025-06-11,hospital admissions,2,2025-06-15,LT,quantile,0.650,21.0
2025-06-11,hospital admissions,2,2025-06-15,LT,quantile,0.700,26.0
2025-06-11,hospital admissions,2,2025-06-15,LT,quantile,0.750,32.0
2025-06-11,hospital admissions,2,2025-06-15,LT,quantile,0.800,40.0
2025-06-11,hospital admissions,2,2025-06-15,LT,quantile,0.850,49.0
2025-06-11,hospital admissions,2,2025-06-15,LT,quantile,0.900,68.0
2025-06-11,hospital admissions,2,2025-06-15,LT,quantile,0.950,98.0
2025-06-11,hospital admissions,2,2025-06-15,LT,quantile,0.975,145.0
2025-06-11,hospital admissions,2,2025-06-15,LT,quantile,0.990,175.0
2025-06-11,hospital admissions,2,2025-06-15,LT,median,,10.0
2025-06-11,hospital admissions,3,2025-06-22,LT,quantile,0.010,0.0
2025-06-11,hospital admissions,3,2025-06-22,LT,quantile,0.025,0.0
2025-06-11,hospital admissions,3,2025-06-22,LT,quantile,0.050,0.0
2025-06-11,hospital admissions,3,2025-06-22,LT,quantile,0.100,0.0
2025-06-11,hospital admissions,3,2025-06-22,LT,quantile,0.150,0.0
2025-06-11,hospital admissions,3,2025-06-22,LT,quantile,0.200,0.0
2025-06-11,hospital admissions,3,2025-06-22,LT,quantile,0.250,0.0
2025-06-11,hospital admissions,3,2025-06-22,LT,quantile,0.300,0.0
2025-06-11,hospital admissions,3,2025-06-22,LT,quantile,0.350,0.0
2025-06-11,hospital admissions,3,2025-06-22,LT,quantile,0.400,1.0
2025-06-11,hospital admissions,3,2025-06-22,LT,quantile,0.450,6.0
2025-06-11,hospital admissions,3,2025-06-22,LT,quantile,0.500,10.0
2025-06-11,hospital admissions,3,2025-06-22,LT,quantile,0.550,14.0
2025-06-11,hospital admissions,3,2025-06-22,LT,quantile,0.600,19.0
2025-06-11,hospital admissions,3,2025-06-22,LT,quantile,0.650,24.0
2025-06-11,hospital admissions,3,2025-06-22,LT,quantile,0.700,30.0
2025-06-11,hospital admissions,3,2025-06-22,LT,quantile,0.750,37.0
2025-06-11,hospital admissions,3,2025-06-22,LT,quantile,0.800,45.0
2025-06-11,hospital admissions,3,2025-06-22,LT,quantile,0.850,56.0
2025-06-11,hospital admissions,3,2025-06-22,LT,quantile,0.900,75.0
2025-06-11,hospital admissions,3,2025-06-22,LT,quantile,0.950,111.0
2025-06-11,hospital admissions,3,2025-06-22,LT,quantile,0.975,153.0
2025-06-11,hospital admissions,3,2025-06-22,LT,quantile,0.990,184.0
2025-06-11,hospital admissions,3,2025-06-22,LT,median,,10.0
2025-06-11,hospital admissions,4,2025-06-29,LT,quantile,0.010,0.0
2025-06-11,hospital admissions,4,2025-06-29,LT,quantile,0.025,0.0
2025-06-11,hospital admissions,4,2025-06-29,LT,quantile,0.050,0.0
2025-06-11,hospital admissions,4,2025-06-29,LT,quantile,0.100,0.0
2025-06-11,hospital admissions,4,2025-06-29,LT,quantile,0.150,0.0
2025-06-11,hospital admissions,4,2025-06-29,LT,quantile,0.200,0.0
2025-06-11,hospital admissions,4,2025-06-29,LT,quantile,0.250,0.0
2025-06-11,hospital admissions,4,2025-06-29,LT,quantile,0.300,0.0
2025-06-11,hospital admissions,4,2025-06-29,LT,quantile,0.350,0.0
2025-06-11,hospital admissions,4,2025-06-29,LT,quantile,0.400,0.0
2025-06-11,hospital admissions,4,2025-06-29,LT,quantile,0.450,5.0
2025-06-11,hospital admissions,4,2025-06-29,LT,quantile,0.500,10.0
2025-06-11,hospital admissions,4,2025-06-29,LT,quantile,0.550,15.0
2025-06-11,hospital admissions,4,2025-06-29,LT,quantile,0.600,20.0
2025-06-11,hospital admissions,4,2025-06-29,LT,quantile,0.650,26.0
2025-06-11,hospital admissions,4,2025-06-29,LT,quantile,0.700,33.0
2025-06-11,hospital admissions,4,2025-06-29,LT,quantile,0.750,41.0
2025-06-11,hospital admissions,4,2025-06-29,LT,quantile,0.800,50.0
2025-06-11,hospital admissions,4,2025-06-29,LT,quantile,0.850,63.0
2025-06-11,hospital admissions,4,2025-06-29,LT,quantile,0.900,84.0
2025-06-11,hospital admissions,4,2025-06-29,LT,quantile,0.950,126.0
2025-06-11,hospital admissions,4,2025-06-29,LT,quantile,0.975,161.0
2025-06-11,hospital admissions,4,2025-06-29,LT,quantile,0.990,197.0
2025-06-11,hospital admissions,4,2025-06-29,LT,median,,10.0
2025-06-11,hospital admissions,1,2025-06-08,MT,quantile,0.010,0.0
2025-06-11,hospital admissions,1,2025-06-08,MT,quantile,0.025,0.0
2025-06-11,hospital admissions,1,2025-06-08,MT,quantile,0.050,0.0
2025-06-11,hospital admissions,1,2025-06-08,MT,quantile,0.100,0.0
2025-06-11,hospital admissions,1,2025-06-08,MT,quantile,0.150,0.0
2025-06-11,hospital admissions,1,2025-06-08,MT,quantile,0.200,2.0
2025-06-11,hospital admissions,1,2025-06-08,MT,quantile,0.250,3.0
2025-06-11,hospital admissions,1,2025-06-08,MT,quantile,0.300,4.0
2025-06-11,hospital admissions,1,2025-06-08,MT,quantile,0.350,5.0
2025-06-11,hospital admissions,1,2025-06-08,MT,quantile,0.400,6.0
2025-06-11,hospital admissions,1,2025-06-08,MT,quantile,0.450,6.0
2025-06-11,hospital admissions,1,2025-06-08,MT,quantile,0.500,7.0
2025-06-11,hospital admissions,1,2025-06-08,MT,quantile,0.550,8.0
2025-06-11,hospital admissions,1,2025-06-08,MT,quantile,0.600,8.0
2025-06-11,hospital admissions,1,2025-06-08,MT,quantile,0.650,9.0
2025-06-11,hospital admissions,1,2025-06-08,MT,quantile,0.700,10.0
2025-06-11,hospital admissions,1,2025-06-08,MT,quantile,0.750,11.0
2025-06-11,hospital admissions,1,2025-06-08,MT,quantile,0.800,12.0
2025-06-11,hospital admissions,1,2025-06-08,MT,quantile,0.850,14.0
2025-06-11,hospital admissions,1,2025-06-08,MT,quantile,0.900,16.0
2025-06-11,hospital admissions,1,2025-06-08,MT,quantile,0.950,19.0
2025-06-11,hospital admissions,1,2025-06-08,MT,quantile,0.975,22.0
2025-06-11,hospital admissions,1,2025-06-08,MT,quantile,0.990,28.0
2025-06-11,hospital admissions,1,2025-06-08,MT,median,,7.0
2025-06-11,hospital admissions,2,2025-06-15,MT,quantile,0.010,0.0
2025-06-11,hospital admissions,2,2025-06-15,MT,quantile,0.025,0.0
2025-06-11,hospital admissions,2,2025-06-15,MT,quantile,0.050,0.0
2025-06-11,hospital admissions,2,2025-06-15,MT,quantile,0.100,0.0
2025-06-11,hospital admissions,2,2025-06-15,MT,quantile,0.150,0.0
2025-06-11,hospital admissions,2,2025-06-15,MT,quantile,0.200,0.0
2025-06-11,hospital admissions,2,2025-06-15,MT,quantile,0.250,1.0
2025-06-11,hospital admissions,2,2025-06-15,MT,quantile,0.300,2.0
2025-06-11,hospital admissions,2,2025-06-15,MT,quantile,0.350,4.0
2025-06-11,hospital admissions,2,2025-06-15,MT,quantile,0.400,5.0
2025-06-11,hospital admissions,2,2025-06-15,MT,quantile,0.450,6.0
2025-06-11,hospital admissions,2,2025-06-15,MT,quantile,0.500,7.0
2025-06-11,hospital admissions,2,2025-06-15,MT,quantile,0.550,8.0
2025-06-11,hospital admissions,2,2025-06-15,MT,quantile,0.600,9.0
2025-06-11,hospital admissions,2,2025-06-15,MT,quantile,0.650,10.0
2025-06-11,hospital admissions,2,2025-06-15,MT,quantile,0.700,12.0
2025-06-11,hospital admissions,2,2025-06-15,MT,quantile,0.750,13.0
2025-06-11,hospital admissions,2,2025-06-15,MT,quantile,0.800,15.0
2025-06-11,hospital admissions,2,2025-06-15,MT,quantile,0.850,17.0
2025-06-11,hospital admissions,2,2025-06-15,MT,quantile,0.900,20.0
2025-06-11,hospital admissions,2,2025-06-15,MT,quantile,0.950,24.0
2025-06-11,hospital admissions,2,2025-06-15,MT,quantile,0.975,27.0
2025-06-11,hospital admissions,2,2025-06-15,MT,quantile,0.990,31.0
2025-06-11,hospital admissions,2,2025-06-15,MT,median,,7.0
2025-06-11,hospital admissions,3,2025-06-22,MT,quantile,0.010,0.0
2025-06-11,hospital admissions,3,2025-06-22,MT,quantile,0.025,0.0
2025-06-11,hospital admissions,3,2025-06-22,MT,quantile,0.050,0.0
2025-06-11,hospital admissions,3,2025-06-22,MT,quantile,0.100,0.0
2025-06-11,hospital admissions,3,2025-06-22,MT,quantile,0.150,0.0
2025-06-11,hospital admissions,3,2025-06-22,MT,quantile,0.200,0.0
2025-06-11,hospital admissions,3,2025-06-22,MT,quantile,0.250,0.0
2025-06-11,hospital admissions,3,2025-06-22,MT,quantile,0.300,1.0
2025-06-11,hospital admissions,3,2025-06-22,MT,quantile,0.350,3.0
2025-06-11,hospital admissions,3,2025-06-22,MT,quantile,0.400,4.0
2025-06-11,hospital admissions,3,2025-06-22,MT,quantile,0.450,6.0
2025-06-11,hospital admissions,3,2025-06-22,MT,quantile,0.500,7.0
2025-06-11,hospital admissions,3,2025-06-22,MT,quantile,0.550,9.0
2025-06-11,hospital admissions,3,2025-06-22,MT,quantile,0.600,10.0
2025-06-11,hospital admissions,3,2025-06-22,MT,quantile,0.650,11.0
2025-06-11,hospital admissions,3,2025-06-22,MT,quantile,0.700,13.0
2025-06-11,hospital admissions,3,2025-06-22,MT,quantile,0.750,15.0
2025-06-11,hospital admissions,3,2025-06-22,MT,quantile,0.800,17.0
2025-06-11,hospital admissions,3,2025-06-22,MT,quantile,0.850,19.0
2025-06-11,hospital admissions,3,2025-06-22,MT,quantile,0.900,22.0
2025-06-11,hospital admissions,3,2025-06-22,MT,quantile,0.950,27.0
2025-06-11,hospital admissions,3,2025-06-22,MT,quantile,0.975,31.0
2025-06-11,hospital admissions,3,2025-06-22,MT,quantile,0.990,36.0
2025-06-11,hospital admissions,3,2025-06-22,MT,median,,7.0
2025-06-11,hospital admissions,4,2025-06-29,MT,quantile,0.010,0.0
2025-06-11,hospital admissions,4,2025-06-29,MT,quantile,0.025,0.0
2025-06-11,hospital admissions,4,2025-06-29,MT,quantile,0.050,0.0
2025-06-11,hospital admissions,4,2025-06-29,MT,quantile,0.100,0.0
2025-06-11,hospital admissions,4,2025-06-29,MT,quantile,0.150,0.0
2025-06-11,hospital admissions,4,2025-06-29,MT,quantile,0.200,0.0
2025-06-11,hospital admissions,4,2025-06-29,MT,quantile,0.250,0.0
2025-06-11,hospital admissions,4,2025-06-29,MT,quantile,0.300,0.0
2025-06-11,hospital admissions,4,2025-06-29,MT,quantile,0.350,2.0
2025-06-11,hospital admissions,4,2025-06-29,MT,quantile,0.400,4.0
2025-06-11,hospital admissions,4,2025-06-29,MT,quantile,0.450,5.0
2025-06-11,hospital admissions,4,2025-06-29,MT,quantile,0.500,7.0
2025-06-11,hospital admissions,4,2025-06-29,MT,quantile,0.550,9.0
2025-06-11,hospital admissions,4,2025-06-29,MT,quantile,0.600,10.0
2025-06-11,hospital admissions,4,2025-06-29,MT,quantile,0.650,12.0
2025-06-11,hospital admissions,4,2025-06-29,MT,quantile,0.700,14.0
2025-06-11,hospital admissions,4,2025-06-29,MT,quantile,0.750,16.0
2025-06-11,hospital admissions,4,2025-06-29,MT,quantile,0.800,19.0
2025-06-11,hospital admissions,4,2025-06-29,MT,quantile,0.850,21.0
2025-06-11,hospital admissions,4,2025-06-29,MT,quantile,0.900,25.0
2025-06-11,hospital admissions,4,2025-06-29,MT,quantile,0.950,30.0
2025-06-11,hospital admissions,4,2025-06-29,MT,quantile,0.975,35.0
2025-06-11,hospital admissions,4,2025-06-29,MT,quantile,0.990,41.0
2025-06-11,hospital admissions,4,2025-06-29,MT,median,,7.0
2025-06-11,hospital admissions,1,2025-06-08,NL,quantile,0.010,0.0
2025-06-11,hospital admissions,1,2025-06-08,NL,quantile,0.025,0.0
2025-06-11,hospital admissions,1,2025-06-08,NL,quantile,0.050,0.0
2025-06-11,hospital admissions,1,2025-06-08,NL,quantile,0.100,0.0
2025-06-11,hospital admissions,1,2025-06-08,NL,quantile,0.150,0.0
2025-06-11,hospital admissions,1,2025-06-08,NL,quantile,0.200,0.0
2025-06-11,hospital admissions,1,2025-06-08,NL,quantile,0.250,0.0
2025-06-11,hospital admissions,1,2025-06-08,NL,quantile,0.300,0.0
2025-06-11,hospital admissions,1,2025-06-08,NL,quantile,0.350,0.0
2025-06-11,hospital admissions,1,2025-06-08,NL,quantile,0.400,0.0
2025-06-11,hospital admissions,1,2025-06-08,NL,quantile,0.450,16.0
2025-06-11,hospital admissions,1,2025-06-08,NL,quantile,0.500,94.0
2025-06-11,hospital admissions,1,2025-06-08,NL,quantile,0.550,167.0
2025-06-11,hospital admissions,1,2025-06-08,NL,quantile,0.600,246.0
2025-06-11,hospital admissions,1,2025-06-08,NL,quantile,0.650,330.0
2025-06-11,hospital admissions,1,2025-06-08,NL,quantile,0.700,417.0
2025-06-11,hospital admissions,1,2025-06-08,NL,quantile,0.750,502.0
2025-06-11,hospital admissions,1,2025-06-08,NL,quantile,0.800,602.0
2025-06-11,hospital admissions,1,2025-06-08,NL,quantile,0.850,727.0
2025-06-11,hospital admissions,1,2025-06-08,NL,quantile,0.900,884.1000000000004
2025-06-11,hospital admissions,1,2025-06-08,NL,quantile,0.950,1121.0
2025-06-11,hospital admissions,1,2025-06-08,NL,quantile,0.975,1321.1499999999978
2025-06-11,hospital admissions,1,2025-06-08,NL,quantile,0.990,1573.0
2025-06-11,hospital admissions,1,2025-06-08,NL,median,,94.0
2025-06-11,hospital admissions,2,2025-06-15,NL,quantile,0.010,0.0
2025-06-11,hospital admissions,2,2025-06-15,NL,quantile,0.025,0.0
2025-06-11,hospital admissions,2,2025-06-15,NL,quantile,0.050,0.0
2025-06-11,hospital admissions,2,2025-06-15,NL,quantile,0.100,0.0
2025-06-11,hospital admissions,2,2025-06-15,NL,quantile,0.150,0.0
2025-06-11,hospital admissions,2,2025-06-15,NL,quantile,0.200,0.0
2025-06-11,hospital admissions,2,2025-06-15,NL,quantile,0.250,0.0
2025-06-11,hospital admissions,2,2025-06-15,NL,quantile,0.300,0.0
2025-06-11,hospital admissions,2,2025-06-15,NL,quantile,0.350,0.0
2025-06-11,hospital admissions,2,2025-06-15,NL,quantile,0.400,0.0
2025-06-11,hospital admissions,2,2025-06-15,NL,quantile,0.450,12.0
2025-06-11,hospital admissions,2,2025-06-15,NL,quantile,0.500,91.0
2025-06-11,hospital admissions,2,2025-06-15,NL,quantile,0.550,174.0
2025-06-11,hospital admissions,2,2025-06-15,NL,quantile,0.600,253.0
2025-06-11,hospital admissions,2,2025-06-15,NL,quantile,0.650,333.0
2025-06-11,hospital admissions,2,2025-06-15,NL,quantile,0.700,414.2999999999993
2025-06-11,hospital admissions,2,2025-06-15,NL,quantile,0.750,508.0
2025-06-11,hospital admissions,2,2025-06-15,NL,quantile,0.800,611.2000000000007
2025-06-11,hospital admissions,2,2025-06-15,NL,quantile,0.850,735.0
2025-06-11,hospital admissions,2,2025-06-15,NL,quantile,0.900,894.0
2025-06-11,hospital admissions,2,2025-06-15,NL,quantile,0.950,1129.0
2025-06-11,hospital admissions,2,2025-06-15,NL,quantile,0.975,1341.1249999999982
2025-06-11,hospital admissions,2,2025-06-15,NL,quantile,0.990,1596.0200000000004
2025-06-11,hospital admissions,2,2025-06-15,NL,median,,91.0
2025-06-11,hospital admissions,3,2025-06-22,NL,quantile,0.010,0.0
2025-06-11,hospital admissions,3,2025-06-22,NL,quantile,0.025,0.0
2025-06-11,hospital admissions,3,2025-06-22,NL,quantile,0.050,0.0
2025-06-11,hospital admissions,3,2025-06-22,NL,quantile,0.100,0.0
2025-06-11,hospital admissions,3,2025-06-22,NL,quantile,0.150,0.0
2025-06-11,hospital admissions,3,2025-06-22,NL,quantile,0.200,0.0
2025-06-11,hospital admissions,3,2025-06-22,NL,quantile,0.250,0.0
2025-06-11,hospital admissions,3,2025-06-22,NL,quantile,0.300,0.0
2025-06-11,hospital admissions,3,2025-06-22,NL,quantile,0.350,0.0
2025-06-11,hospital admissions,3,2025-06-22,NL,quantile,0.400,0.0
2025-06-11,hospital admissions,3,2025-06-22,NL,quantile,0.450,11.0
2025-06-11,hospital admissions,3,2025-06-22,NL,quantile,0.500,90.0
2025-06-11,hospital admissions,3,2025-06-22,NL,quantile,0.550,172.0
2025-06-11,hospital admissions,3,2025-06-22,NL,quantile,0.600,249.0
2025-06-11,hospital admissions,3,2025-06-22,NL,quantile,0.650,326.35000000000036
2025-06-11,hospital admissions,3,2025-06-22,NL,quantile,0.700,416.0
2025-06-11,hospital admissions,3,2025-06-22,NL,quantile,0.750,504.25
2025-06-11,hospital admissions,3,2025-06-22,NL,quantile,0.800,612.2000000000007
2025-06-11,hospital admissions,3,2025-06-22,NL,quantile,0.850,737.0
2025-06-11,hospital admissions,3,2025-06-22,NL,quantile,0.900,902.0
2025-06-11,hospital admissions,3,2025-06-22,NL,quantile,0.950,1137.0
2025-06-11,hospital admissions,3,2025-06-22,NL,quantile,0.975,1353.0499999999993
2025-06-11,hospital admissions,3,2025-06-22,NL,quantile,0.990,1608.0100000000002
2025-06-11,hospital admissions,3,2025-06-22,NL,median,,90.0
2025-06-11,hospital admissions,4,2025-06-29,NL,quantile,0.010,0.0
2025-06-11,hospital admissions,4,2025-06-29,NL,quantile,0.025,0.0
2025-06-11,hospital admissions,4,2025-06-29,NL,quantile,0.050,0.0
2025-06-11,hospital admissions,4,2025-06-29,NL,quantile,0.100,0.0
2025-06-11,hospital admissions,4,2025-06-29,NL,quantile,0.150,0.0
2025-06-11,hospital admissions,4,2025-06-29,NL,quantile,0.200,0.0
2025-06-11,hospital admissions,4,2025-06-29,NL,quantile,0.250,0.0
2025-06-11,hospital admissions,4,2025-06-29,NL,quantile,0.300,0.0
2025-06-11,hospital admissions,4,2025-06-29,NL,quantile,0.350,0.0
2025-06-11,hospital admissions,4,2025-06-29,NL,quantile,0.400,0.0
2025-06-11,hospital admissions,4,2025-06-29,NL,quantile,0.450,6.550000000000182
2025-06-11,hospital admissions,4,2025-06-29,NL,quantile,0.500,92.0
2025-06-11,hospital admissions,4,2025-06-29,NL,quantile,0.550,171.0
2025-06-11,hospital admissions,4,2025-06-29,NL,quantile,0.600,249.0
2025-06-11,hospital admissions,4,2025-06-29,NL,quantile,0.650,331.0
2025-06-11,hospital admissions,4,2025-06-29,NL,quantile,0.700,416.0
2025-06-11,hospital admissions,4,2025-06-29,NL,quantile,0.750,506.25
2025-06-11,hospital admissions,4,2025-06-29,NL,quantile,0.800,619.0
2025-06-11,hospital admissions,4,2025-06-29,NL,quantile,0.850,741.1499999999996
2025-06-11,hospital admissions,4,2025-06-29,NL,quantile,0.900,909.1000000000004
2025-06-11,hospital admissions,4,2025-06-29,NL,quantile,0.950,1140.0
2025-06-11,hospital admissions,4,2025-06-29,NL,quantile,0.975,1377.0
2025-06-11,hospital admissions,4,2025-06-29,NL,quantile,0.990,1615.1000000000022
2025-06-11,hospital admissions,4,2025-06-29,NL,median,,92.0
2025-06-11,hospital admissions,1,2025-06-08,PL,quantile,0.010,0.0
2025-06-11,hospital admissions,1,2025-06-08,PL,quantile,0.025,0.0
2025-06-11,hospital admissions,1,2025-06-08,PL,quantile,0.050,0.0
2025-06-11,hospital admissions,1,2025-06-08,PL,quantile,0.100,0.0
2025-06-11,hospital admissions,1,2025-06-08,PL,quantile,0.150,0.0
2025-06-11,hospital admissions,1,2025-06-08,PL,quantile,0.200,0.0
2025-06-11,hospital admissions,1,2025-06-08,PL,quantile,0.250,1.0
2025-06-11,hospital admissions,1,2025-06-08,PL,quantile,0.300,2.0
2025-06-11,hospital admissions,1,2025-06-08,PL,quantile,0.350,4.0
2025-06-11,hospital admissions,1,2025-06-08,PL,quantile,0.400,4.0
2025-06-11,hospital admissions,1,2025-06-08,PL,quantile,0.450,5.0
2025-06-11,hospital admissions,1,2025-06-08,PL,quantile,0.500,5.0
2025-06-11,hospital admissions,1,2025-06-08,PL,quantile,0.550,5.0
2025-06-11,hospital admissions,1,2025-06-08,PL,quantile,0.600,6.0
2025-06-11,hospital admissions,1,2025-06-08,PL,quantile,0.650,6.0
2025-06-11,hospital admissions,1,2025-06-08,PL,quantile,0.700,8.0
2025-06-11,hospital admissions,1,2025-06-08,PL,quantile,0.750,9.0
2025-06-11,hospital admissions,1,2025-06-08,PL,quantile,0.800,12.0
2025-06-11,hospital admissions,1,2025-06-08,PL,quantile,0.850,13.0
2025-06-11,hospital admissions,1,2025-06-08,PL,quantile,0.900,15.0
2025-06-11,hospital admissions,1,2025-06-08,PL,quantile,0.950,21.0
2025-06-11,hospital admissions,1,2025-06-08,PL,quantile,0.975,27.0
2025-06-11,hospital admissions,1,2025-06-08,PL,quantile,0.990,39.0
2025-06-11,hospital admissions,1,2025-06-08,PL,median,,5.0
2025-06-11,hospital admissions,2,2025-06-15,PL,quantile,0.010,0.0
2025-06-11,hospital admissions,2,2025-06-15,PL,quantile,0.025,0.0
2025-06-11,hospital admissions,2,2025-06-15,PL,quantile,0.050,0.0
2025-06-11,hospital admissions,2,2025-06-15,PL,quantile,0.100,0.0
2025-06-11,hospital admissions,2,2025-06-15,PL,quantile,0.150,0.0
2025-06-11,hospital admissions,2,2025-06-15,PL,quantile,0.200,0.0
2025-06-11,hospital admissions,2,2025-06-15,PL,quantile,0.250,0.0
2025-06-11,hospital admissions,2,2025-06-15,PL,quantile,0.300,0.0
2025-06-11,hospital admissions,2,2025-06-15,PL,quantile,0.350,1.0
2025-06-11,hospital admissions,2,2025-06-15,PL,quantile,0.400,3.0
2025-06-11,hospital admissions,2,2025-06-15,PL,quantile,0.450,4.0
2025-06-11,hospital admissions,2,2025-06-15,PL,quantile,0.500,5.0
2025-06-11,hospital admissions,2,2025-06-15,PL,quantile,0.550,6.0
2025-06-11,hospital admissions,2,2025-06-15,PL,quantile,0.600,8.0
2025-06-11,hospital admissions,2,2025-06-15,PL,quantile,0.650,9.0
2025-06-11,hospital admissions,2,2025-06-15,PL,quantile,0.700,11.0
2025-06-11,hospital admissions,2,2025-06-15,PL,quantile,0.750,13.0
2025-06-11,hospital admissions,2,2025-06-15,PL,quantile,0.800,15.0
2025-06-11,hospital admissions,2,2025-06-15,PL,quantile,0.850,17.0
2025-06-11,hospital admissions,2,2025-06-15,PL,quantile,0.900,22.0
2025-06-11,hospital admissions,2,2025-06-15,PL,quantile,0.950,30.0
2025-06-11,hospital admissions,2,2025-06-15,PL,quantile,0.975,40.0
2025-06-11,hospital admissions,2,2025-06-15,PL,quantile,0.990,52.0
2025-06-11,hospital admissions,2,2025-06-15,PL,median,,5.0
2025-06-11,hospital admissions,3,2025-06-22,PL,quantile,0.010,0.0
2025-06-11,hospital admissions,3,2025-06-22,PL,quantile,0.025,0.0
2025-06-11,hospital admissions,3,2025-06-22,PL,quantile,0.050,0.0
2025-06-11,hospital admissions,3,2025-06-22,PL,quantile,0.100,0.0
2025-06-11,hospital admissions,3,2025-06-22,PL,quantile,0.150,0.0
2025-06-11,hospital admissions,3,2025-06-22,PL,quantile,0.200,0.0
2025-06-11,hospital admissions,3,2025-06-22,PL,quantile,0.250,0.0
2025-06-11,hospital admissions,3,2025-06-22,PL,quantile,0.300,0.0
2025-06-11,hospital admissions,3,2025-06-22,PL,quantile,0.350,0.0
2025-06-11,hospital admissions,3,2025-06-22,PL,quantile,0.400,2.0
2025-06-11,hospital admissions,3,2025-06-22,PL,quantile,0.450,4.0
2025-06-11,hospital admissions,3,2025-06-22,PL,quantile,0.500,5.0
2025-06-11,hospital admissions,3,2025-06-22,PL,quantile,0.550,7.0
2025-06-11,hospital admissions,3,2025-06-22,PL,quantile,0.600,9.0
2025-06-11,hospital admissions,3,2025-06-22,PL,quantile,0.650,11.0
2025-06-11,hospital admissions,3,2025-06-22,PL,quantile,0.700,13.0
2025-06-11,hospital admissions,3,2025-06-22,PL,quantile,0.750,15.0
2025-06-11,hospital admissions,3,2025-06-22,PL,quantile,0.800,18.0
2025-06-11,hospital admissions,3,2025-06-22,PL,quantile,0.850,22.0
2025-06-11,hospital admissions,3,2025-06-22,PL,quantile,0.900,27.0
2025-06-11,hospital admissions,3,2025-06-22,PL,quantile,0.950,37.0
2025-06-11,hospital admissions,3,2025-06-22,PL,quantile,0.975,47.0
2025-06-11,hospital admissions,3,2025-06-22,PL,quantile,0.990,57.0
2025-06-11,hospital admissions,3,2025-06-22,PL,median,,5.0
2025-06-11,hospital admissions,4,2025-06-29,PL,quantile,0.010,0.0
2025-06-11,hospital admissions,4,2025-06-29,PL,quantile,0.025,0.0
2025-06-11,hospital admissions,4,2025-06-29,PL,quantile,0.050,0.0
2025-06-11,hospital admissions,4,2025-06-29,PL,quantile,0.100,0.0
2025-06-11,hospital admissions,4,2025-06-29,PL,quantile,0.150,0.0
2025-06-11,hospital admissions,4,2025-06-29,PL,quantile,0.200,0.0
2025-06-11,hospital admissions,4,2025-06-29,PL,quantile,0.250,0.0
2025-06-11,hospital admissions,4,2025-06-29,PL,quantile,0.300,0.0
2025-06-11,hospital admissions,4,2025-06-29,PL,quantile,0.350,0.0
2025-06-11,hospital admissions,4,2025-06-29,PL,quantile,0.400,1.0
2025-06-11,hospital admissions,4,2025-06-29,PL,quantile,0.450,3.0
2025-06-11,hospital admissions,4,2025-06-29,PL,quantile,0.500,5.0
2025-06-11,hospital admissions,4,2025-06-29,PL,quantile,0.550,7.0
2025-06-11,hospital admissions,4,2025-06-29,PL,quantile,0.600,10.0
2025-06-11,hospital admissions,4,2025-06-29,PL,quantile,0.650,12.0
2025-06-11,hospital admissions,4,2025-06-29,PL,quantile,0.700,15.0
2025-06-11,hospital admissions,4,2025-06-29,PL,quantile,0.750,18.0
2025-06-11,hospital admissions,4,2025-06-29,PL,quantile,0.800,21.0
2025-06-11,hospital admissions,4,2025-06-29,PL,quantile,0.850,25.0
2025-06-11,hospital admissions,4,2025-06-29,PL,quantile,0.900,32.0
2025-06-11,hospital admissions,4,2025-06-29,PL,quantile,0.950,41.0
2025-06-11,hospital admissions,4,2025-06-29,PL,quantile,0.975,51.0
2025-06-11,hospital admissions,4,2025-06-29,PL,quantile,0.990,62.0
2025-06-11,hospital admissions,4,2025-06-29,PL,median,,5.0
2025-06-11,hospital admissions,1,2025-06-08,PT,quantile,0.010,0.0
2025-06-11,hospital admissions,1,2025-06-08,PT,quantile,0.025,0.0
2025-06-11,hospital admissions,1,2025-06-08,PT,quantile,0.050,0.0
2025-06-11,hospital admissions,1,2025-06-08,PT,quantile,0.100,0.0
2025-06-11,hospital admissions,1,2025-06-08,PT,quantile,0.150,0.0
2025-06-11,hospital admissions,1,2025-06-08,PT,quantile,0.200,0.0
2025-06-11,hospital admissions,1,2025-06-08,PT,quantile,0.250,0.0
2025-06-11,hospital admissions,1,2025-06-08,PT,quantile,0.300,0.0
2025-06-11,hospital admissions,1,2025-06-08,PT,quantile,0.350,0.0
2025-06-11,hospital admissions,1,2025-06-08,PT,quantile,0.400,0.0
2025-06-11,hospital admissions,1,2025-06-08,PT,quantile,0.450,0.0
2025-06-11,hospital admissions,1,2025-06-08,PT,quantile,0.500,1.0
2025-06-11,hospital admissions,1,2025-06-08,PT,quantile,0.550,2.0
2025-06-11,hospital admissions,1,2025-06-08,PT,quantile,0.600,4.0
2025-06-11,hospital admissions,1,2025-06-08,PT,quantile,0.650,5.0
2025-06-11,hospital admissions,1,2025-06-08,PT,quantile,0.700,7.0
2025-06-11,hospital admissions,1,2025-06-08,PT,quantile,0.750,10.0
2025-06-11,hospital admissions,1,2025-06-08,PT,quantile,0.800,18.0
2025-06-11,hospital admissions,1,2025-06-08,PT,quantile,0.850,31.0
2025-06-11,hospital admissions,1,2025-06-08,PT,quantile,0.900,46.0
2025-06-11,hospital admissions,1,2025-06-08,PT,quantile,0.950,62.0
2025-06-11,hospital admissions,1,2025-06-08,PT,quantile,0.975,73.0
2025-06-11,hospital admissions,1,2025-06-08,PT,quantile,0.990,111.0
2025-06-11,hospital admissions,1,2025-06-08,PT,median,,1.0
2025-06-11,hospital admissions,2,2025-06-15,PT,quantile,0.010,0.0
2025-06-11,hospital admissions,2,2025-06-15,PT,quantile,0.025,0.0
2025-06-11,hospital admissions,2,2025-06-15,PT,quantile,0.050,0.0
2025-06-11,hospital admissions,2,2025-06-15,PT,quantile,0.100,0.0
2025-06-11,hospital admissions,2,2025-06-15,PT,quantile,0.150,0.0
2025-06-11,hospital admissions,2,2025-06-15,PT,quantile,0.200,0.0
2025-06-11,hospital admissions,2,2025-06-15,PT,quantile,0.250,0.0
2025-06-11,hospital admissions,2,2025-06-15,PT,quantile,0.300,0.0
2025-06-11,hospital admissions,2,2025-06-15,PT,quantile,0.350,0.0
2025-06-11,hospital admissions,2,2025-06-15,PT,quantile,0.400,0.0
2025-06-11,hospital admissions,2,2025-06-15,PT,quantile,0.450,0.0
2025-06-11,hospital admissions,2,2025-06-15,PT,quantile,0.500,0.0
2025-06-11,hospital admissions,2,2025-06-15,PT,quantile,0.550,3.0
2025-06-11,hospital admissions,2,2025-06-15,PT,quantile,0.600,7.0
2025-06-11,hospital admissions,2,2025-06-15,PT,quantile,0.650,11.0
2025-06-11,hospital admissions,2,2025-06-15,PT,quantile,0.700,18.0
2025-06-11,hospital admissions,2,2025-06-15,PT,quantile,0.750,29.0
2025-06-11,hospital admissions,2,2025-06-15,PT,quantile,0.800,40.0
2025-06-11,hospital admissions,2,2025-06-15,PT,quantile,0.850,51.0
2025-06-11,hospital admissions,2,2025-06-15,PT,quantile,0.900,63.0
2025-06-11,hospital admissions,2,2025-06-15,PT,quantile,0.950,91.0
2025-06-11,hospital admissions,2,2025-06-15,PT,quantile,0.975,111.0
2025-06-11,hospital admissions,2,2025-06-15,PT,quantile,0.990,132.0
2025-06-11,hospital admissions,2,2025-06-15,PT,median,,0.0
2025-06-11,hospital admissions,3,2025-06-22,PT,quantile,0.010,0.0
2025-06-11,hospital admissions,3,2025-06-22,PT,quantile,0.025,0.0
2025-06-11,hospital admissions,3,2025-06-22,PT,quantile,0.050,0.0
2025-06-11,hospital admissions,3,2025-06-22,PT,quantile,0.100,0.0
2025-06-11,hospital admissions,3,2025-06-22,PT,quantile,0.150,0.0
2025-06-11,hospital admissions,3,2025-06-22,PT,quantile,0.200,0.0
2025-06-11,hospital admissions,3,2025-06-22,PT,quantile,0.250,0.0
2025-06-11,hospital admissions,3,2025-06-22,PT,quantile,0.300,0.0
2025-06-11,hospital admissions,3,2025-06-22,PT,quantile,0.350,0.0
2025-06-11,hospital admissions,3,2025-06-22,PT,quantile,0.400,0.0
2025-06-11,hospital admissions,3,2025-06-22,PT,quantile,0.450,0.0
2025-06-11,hospital admissions,3,2025-06-22,PT,quantile,0.500,0.0
2025-06-11,hospital admissions,3,2025-06-22,PT,quantile,0.550,6.0
2025-06-11,hospital admissions,3,2025-06-22,PT,quantile,0.600,12.0
2025-06-11,hospital admissions,3,2025-06-22,PT,quantile,0.650,19.0
2025-06-11,hospital admissions,3,2025-06-22,PT,quantile,0.700,30.0
2025-06-11,hospital admissions,3,2025-06-22,PT,quantile,0.750,40.0
2025-06-11,hospital admissions,3,2025-06-22,PT,quantile,0.800,51.0
2025-06-11,hospital admissions,3,2025-06-22,PT,quantile,0.850,63.0
2025-06-11,hospital admissions,3,2025-06-22,PT,quantile,0.900,78.0
2025-06-11,hospital admissions,3,2025-06-22,PT,quantile,0.950,106.0
2025-06-11,hospital admissions,3,2025-06-22,PT,quantile,0.975,129.0
2025-06-11,hospital admissions,3,2025-06-22,PT,quantile,0.990,155.01000000000022
2025-06-11,hospital admissions,3,2025-06-22,PT,median,,0.0
2025-06-11,hospital admissions,4,2025-06-29,PT,quantile,0.010,0.0
2025-06-11,hospital admissions,4,2025-06-29,PT,quantile,0.025,0.0
2025-06-11,hospital admissions,4,2025-06-29,PT,quantile,0.050,0.0
2025-06-11,hospital admissions,4,2025-06-29,PT,quantile,0.100,0.0
2025-06-11,hospital admissions,4,2025-06-29,PT,quantile,0.150,0.0
2025-06-11,hospital admissions,4,2025-06-29,PT,quantile,0.200,0.0
2025-06-11,hospital admissions,4,2025-06-29,PT,quantile,0.250,0.0
2025-06-11,hospital admissions,4,2025-06-29,PT,quantile,0.300,0.0
2025-06-11,hospital admissions,4,2025-06-29,PT,quantile,0.350,0.0
2025-06-11,hospital admissions,4,2025-06-29,PT,quantile,0.400,0.0
2025-06-11,hospital admissions,4,2025-06-29,PT,quantile,0.450,0.0
2025-06-11,hospital admissions,4,2025-06-29,PT,quantile,0.500,1.0
2025-06-11,hospital admissions,4,2025-06-29,PT,quantile,0.550,8.0
2025-06-11,hospital admissions,4,2025-06-29,PT,quantile,0.600,16.0
2025-06-11,hospital admissions,4,2025-06-29,PT,quantile,0.650,26.0
2025-06-11,hospital admissions,4,2025-06-29,PT,quantile,0.700,37.0
2025-06-11,hospital admissions,4,2025-06-29,PT,quantile,0.750,48.0
2025-06-11,hospital admissions,4,2025-06-29,PT,quantile,0.800,59.0
2025-06-11,hospital admissions,4,2025-06-29,PT,quantile,0.850,74.0
2025-06-11,hospital admissions,4,2025-06-29,PT,quantile,0.900,92.0
2025-06-11,hospital admissions,4,2025-06-29,PT,quantile,0.950,120.0
2025-06-11,hospital admissions,4,2025-06-29,PT,quantile,0.975,148.0
2025-06-11,hospital admissions,4,2025-06-29,PT,quantile,0.990,173.01000000000022
2025-06-11,hospital admissions,4,2025-06-29,PT,median,,1.0
2025-06-11,hospital admissions,1,2025-06-08,SK,quantile,0.010,0.0
2025-06-11,hospital admissions,1,2025-06-08,SK,quantile,0.025,0.0
2025-06-11,hospital admissions,1,2025-06-08,SK,quantile,0.050,0.0
2025-06-11,hospital admissions,1,2025-06-08,SK,quantile,0.100,0.0
2025-06-11,hospital admissions,1,2025-06-08,SK,quantile,0.150,0.0
2025-06-11,hospital admissions,1,2025-06-08,SK,quantile,0.200,0.0
2025-06-11,hospital admissions,1,2025-06-08,SK,quantile,0.250,0.0
2025-06-11,hospital admissions,1,2025-06-08,SK,quantile,0.300,0.0
2025-06-11,hospital admissions,1,2025-06-08,SK,quantile,0.350,0.0
2025-06-11,hospital admissions,1,2025-06-08,SK,quantile,0.400,0.0
2025-06-11,hospital admissions,1,2025-06-08,SK,quantile,0.450,0.0
2025-06-11,hospital admissions,1,2025-06-08,SK,quantile,0.500,1.0
2025-06-11,hospital admissions,1,2025-06-08,SK,quantile,0.550,4.0
2025-06-11,hospital admissions,1,2025-06-08,SK,quantile,0.600,6.0
2025-06-11,hospital admissions,1,2025-06-08,SK,quantile,0.650,10.0
2025-06-11,hospital admissions,1,2025-06-08,SK,quantile,0.700,13.0
2025-06-11,hospital admissions,1,2025-06-08,SK,quantile,0.750,17.0
2025-06-11,hospital admissions,1,2025-06-08,SK,quantile,0.800,22.0
2025-06-11,hospital admissions,1,2025-06-08,SK,quantile,0.850,32.0
2025-06-11,hospital admissions,1,2025-06-08,SK,quantile,0.900,54.0
2025-06-11,hospital admissions,1,2025-06-08,SK,quantile,0.950,82.04999999999927
2025-06-11,hospital admissions,1,2025-06-08,SK,quantile,0.975,100.0
2025-06-11,hospital admissions,1,2025-06-08,SK,quantile,0.990,139.0
2025-06-11,hospital admissions,1,2025-06-08,SK,median,,1.0
2025-06-11,hospital admissions,2,2025-06-15,SK,quantile,0.010,0.0
2025-06-11,hospital admissions,2,2025-06-15,SK,quantile,0.025,0.0
2025-06-11,hospital admissions,2,2025-06-15,SK,quantile,0.050,0.0
2025-06-11,hospital admissions,2,2025-06-15,SK,quantile,0.100,0.0
2025-06-11,hospital admissions,2,2025-06-15,SK,quantile,0.150,0.0
2025-06-11,hospital admissions,2,2025-06-15,SK,quantile,0.200,0.0
2025-06-11,hospital admissions,2,2025-06-15,SK,quantile,0.250,0.0
2025-06-11,hospital admissions,2,2025-06-15,SK,quantile,0.300,0.0
2025-06-11,hospital admissions,2,2025-06-15,SK,quantile,0.350,0.0
2025-06-11,hospital admissions,2,2025-06-15,SK,quantile,0.400,0.0
2025-06-11,hospital admissions,2,2025-06-15,SK,quantile,0.450,0.0
2025-06-11,hospital admissions,2,2025-06-15,SK,quantile,0.500,1.0
2025-06-11,hospital admissions,2,2025-06-15,SK,quantile,0.550,4.0
2025-06-11,hospital admissions,2,2025-06-15,SK,quantile,0.600,8.0
2025-06-11,hospital admissions,2,2025-06-15,SK,quantile,0.650,12.0
2025-06-11,hospital admissions,2,2025-06-15,SK,quantile,0.700,16.0
2025-06-11,hospital admissions,2,2025-06-15,SK,quantile,0.750,22.0
2025-06-11,hospital admissions,2,2025-06-15,SK,quantile,0.800,29.0
2025-06-11,hospital admissions,2,2025-06-15,SK,quantile,0.850,43.0
2025-06-11,hospital admissions,2,2025-06-15,SK,quantile,0.900,65.0
2025-06-11,hospital admissions,2,2025-06-15,SK,quantile,0.950,89.04999999999927
2025-06-11,hospital admissions,2,2025-06-15,SK,quantile,0.975,119.02499999999964
2025-06-11,hospital admissions,2,2025-06-15,SK,quantile,0.990,147.0
2025-06-11,hospital admissions,2,2025-06-15,SK,median,,1.0
2025-06-11,hospital admissions,3,2025-06-22,SK,quantile,0.010,0.0
2025-06-11,hospital admissions,3,2025-06-22,SK,quantile,0.025,0.0
2025-06-11,hospital admissions,3,2025-06-22,SK,quantile,0.050,0.0
2025-06-11,hospital admissions,3,2025-06-22,SK,quantile,0.100,0.0
2025-06-11,hospital admissions,3,2025-06-22,SK,quantile,0.150,0.0
2025-06-11,hospital admissions,3,2025-06-22,SK,quantile,0.200,0.0
2025-06-11,hospital admissions,3,2025-06-22,SK,quantile,0.250,0.0
2025-06-11,hospital admissions,3,2025-06-22,SK,quantile,0.300,0.0
2025-06-11,hospital admissions,3,2025-06-22,SK,quantile,0.350,0.0
2025-06-11,hospital admissions,3,2025-06-22,SK,quantile,0.400,0.0
2025-06-11,hospital admissions,3,2025-06-22,SK,quantile,0.450,0.0
2025-06-11,hospital admissions,3,2025-06-22,SK,quantile,0.500,1.0
2025-06-11,hospital admissions,3,2025-06-22,SK,quantile,0.550,5.0
2025-06-11,hospital admissions,3,2025-06-22,SK,quantile,0.600,9.0
2025-06-11,hospital admissions,3,2025-06-22,SK,quantile,0.650,14.0
2025-06-11,hospital admissions,3,2025-06-22,SK,quantile,0.700,20.0
2025-06-11,hospital admissions,3,2025-06-22,SK,quantile,0.750,26.0
2025-06-11,hospital admissions,3,2025-06-22,SK,quantile,0.800,36.0
2025-06-11,hospital admissions,3,2025-06-22,SK,quantile,0.850,51.149999999999636
2025-06-11,hospital admissions,3,2025-06-22,SK,quantile,0.900,72.0
2025-06-11,hospital admissions,3,2025-06-22,SK,quantile,0.950,98.0
2025-06-11,hospital admissions,3,2025-06-22,SK,quantile,0.975,131.0
2025-06-11,hospital admissions,3,2025-06-22,SK,quantile,0.990,162.0
2025-06-11,hospital admissions,3,2025-06-22,SK,median,,1.0
2025-06-11,hospital admissions,4,2025-06-29,SK,quantile,0.010,0.0
2025-06-11,hospital admissions,4,2025-06-29,SK,quantile,0.025,0.0
2025-06-11,hospital admissions,4,2025-06-29,SK,quantile,0.050,0.0
2025-06-11,hospital admissions,4,2025-06-29,SK,quantile,0.100,0.0
2025-06-11,hospital admissions,4,2025-06-29,SK,quantile,0.150,0.0
2025-06-11,hospital admissions,4,2025-06-29,SK,quantile,0.200,0.0
2025-06-11,hospital admissions,4,2025-06-29,SK,quantile,0.250,0.0
2025-06-11,hospital admissions,4,2025-06-29,SK,quantile,0.300,0.0
2025-06-11,hospital admissions,4,2025-06-29,SK,quantile,0.350,0.0
2025-06-11,hospital admissions,4,2025-06-29,SK,quantile,0.400,0.0
2025-06-11,hospital admissions,4,2025-06-29,SK,quantile,0.450,0.0
2025-06-11,hospital admissions,4,2025-06-29,SK,quantile,0.500,1.0
2025-06-11,hospital admissions,4,2025-06-29,SK,quantile,0.550,6.0
2025-06-11,hospital admissions,4,2025-06-29,SK,quantile,0.600,11.0
2025-06-11,hospital admissions,4,2025-06-29,SK,quantile,0.650,17.0
2025-06-11,hospital admissions,4,2025-06-29,SK,quantile,0.700,23.0
2025-06-11,hospital admissions,4,2025-06-29,SK,quantile,0.750,32.0
2025-06-11,hospital admissions,4,2025-06-29,SK,quantile,0.800,44.0
2025-06-11,hospital admissions,4,2025-06-29,SK,quantile,0.850,60.0
2025-06-11,hospital admissions,4,2025-06-29,SK,quantile,0.900,80.0
2025-06-11,hospital admissions,4,2025-06-29,SK,quantile,0.950,110.0
2025-06-11,hospital admissions,4,2025-06-29,SK,quantile,0.975,139.0
2025-06-11,hospital admissions,4,2025-06-29,SK,quantile,0.990,172.0
2025-06-11,hospital admissions,4,2025-06-29,SK,median,,1.0
