"target_end_date","location","value","output_type_id","origin_date","output_type","target","horizon"
2025-06-15,"CZ",3,"0.01",2025-06-25,"quantile","hospital admissions",0
2025-06-15,"CZ",4,"0.025",2025-06-25,"quantile","hospital admissions",0
2025-06-15,"CZ",5,"0.05",2025-06-25,"quantile","hospital admissions",0
2025-06-15,"CZ",6,"0.1",2025-06-25,"quantile","hospital admissions",0
2025-06-15,"CZ",7,"0.15",2025-06-25,"quantile","hospital admissions",0
2025-06-15,"CZ",8,"0.2",2025-06-25,"quantile","hospital admissions",0
2025-06-15,"CZ",8,"0.25",2025-06-25,"quantile","hospital admissions",0
2025-06-15,"CZ",9,"0.3",2025-06-25,"quantile","hospital admissions",0
2025-06-15,"CZ",9,"0.35",2025-06-25,"quantile","hospital admissions",0
2025-06-15,"CZ",10,"0.4",2025-06-25,"quantile","hospital admissions",0
2025-06-15,"CZ",10,"0.45",2025-06-25,"quantile","hospital admissions",0
2025-06-15,"CZ",11,"0.5",2025-06-25,"quantile","hospital admissions",0
2025-06-15,"CZ",11,"0.55",2025-06-25,"quantile","hospital admissions",0
2025-06-15,"CZ",12,"0.6",2025-06-25,"quantile","hospital admissions",0
2025-06-15,"CZ",13,"0.65",2025-06-25,"quantile","hospital admissions",0
2025-06-15,"CZ",13,"0.7",2025-06-25,"quantile","hospital admissions",0
2025-06-15,"CZ",14,"0.75",2025-06-25,"quantile","hospital admissions",0
2025-06-15,"CZ",15,"0.8",2025-06-25,"quantile","hospital admissions",0
2025-06-15,"CZ",15,"0.85",2025-06-25,"quantile","hospital admissions",0
2025-06-15,"CZ",17,"0.9",2025-06-25,"quantile","hospital admissions",0
2025-06-15,"CZ",19,"0.95",2025-06-25,"quantile","hospital admissions",0
2025-06-15,"CZ",21,"0.975",2025-06-25,"quantile","hospital admissions",0
2025-06-15,"CZ",23,"0.99",2025-06-25,"quantile","hospital admissions",0
2025-06-15,"EE",2,"0.01",2025-06-25,"quantile","hospital admissions",0
2025-06-15,"EE",3,"0.025",2025-06-25,"quantile","hospital admissions",0
2025-06-15,"EE",4,"0.05",2025-06-25,"quantile","hospital admissions",0
2025-06-15,"EE",5,"0.1",2025-06-25,"quantile","hospital admissions",0
2025-06-15,"EE",6,"0.15",2025-06-25,"quantile","hospital admissions",0
2025-06-15,"EE",7,"0.2",2025-06-25,"quantile","hospital admissions",0
2025-06-15,"EE",7,"0.25",2025-06-25,"quantile","hospital admissions",0
2025-06-15,"EE",8,"0.3",2025-06-25,"quantile","hospital admissions",0
2025-06-15,"EE",8,"0.35",2025-06-25,"quantile","hospital admissions",0
2025-06-15,"EE",8,"0.4",2025-06-25,"quantile","hospital admissions",0
2025-06-15,"EE",9,"0.45",2025-06-25,"quantile","hospital admissions",0
2025-06-15,"EE",9,"0.5",2025-06-25,"quantile","hospital admissions",0
2025-06-15,"EE",10,"0.55",2025-06-25,"quantile","hospital admissions",0
2025-06-15,"EE",10,"0.6",2025-06-25,"quantile","hospital admissions",0
2025-06-15,"EE",11,"0.65",2025-06-25,"quantile","hospital admissions",0
2025-06-15,"EE",11,"0.7",2025-06-25,"quantile","hospital admissions",0
2025-06-15,"EE",12,"0.75",2025-06-25,"quantile","hospital admissions",0
2025-06-15,"EE",13,"0.8",2025-06-25,"quantile","hospital admissions",0
2025-06-15,"EE",14,"0.85",2025-06-25,"quantile","hospital admissions",0
2025-06-15,"EE",15,"0.9",2025-06-25,"quantile","hospital admissions",0
2025-06-15,"EE",16,"0.95",2025-06-25,"quantile","hospital admissions",0
2025-06-15,"EE",18,"0.975",2025-06-25,"quantile","hospital admissions",0
2025-06-15,"EE",20,"0.99",2025-06-25,"quantile","hospital admissions",0
2025-06-15,"GR",111,"0.01",2025-06-25,"quantile","hospital admissions",0
2025-06-15,"GR",119,"0.025",2025-06-25,"quantile","hospital admissions",0
2025-06-15,"GR",126,"0.05",2025-06-25,"quantile","hospital admissions",0
2025-06-15,"GR",134,"0.1",2025-06-25,"quantile","hospital admissions",0
2025-06-15,"GR",140,"0.15",2025-06-25,"quantile","hospital admissions",0
2025-06-15,"GR",144,"0.2",2025-06-25,"quantile","hospital admissions",0
2025-06-15,"GR",149,"0.25",2025-06-25,"quantile","hospital admissions",0
2025-06-15,"GR",153,"0.3",2025-06-25,"quantile","hospital admissions",0
2025-06-15,"GR",157,"0.35",2025-06-25,"quantile","hospital admissions",0
2025-06-15,"GR",161,"0.4",2025-06-25,"quantile","hospital admissions",0
2025-06-15,"GR",165,"0.45",2025-06-25,"quantile","hospital admissions",0
2025-06-15,"GR",170,"0.5",2025-06-25,"quantile","hospital admissions",0
2025-06-15,"GR",174,"0.55",2025-06-25,"quantile","hospital admissions",0
2025-06-15,"GR",179,"0.6",2025-06-25,"quantile","hospital admissions",0
2025-06-15,"GR",184,"0.65",2025-06-25,"quantile","hospital admissions",0
2025-06-15,"GR",189,"0.7",2025-06-25,"quantile","hospital admissions",0
2025-06-15,"GR",196,"0.75",2025-06-25,"quantile","hospital admissions",0
2025-06-15,"GR",204,"0.8",2025-06-25,"quantile","hospital admissions",0
2025-06-15,"GR",213,"0.85",2025-06-25,"quantile","hospital admissions",0
2025-06-15,"GR",224,"0.9",2025-06-25,"quantile","hospital admissions",0
2025-06-15,"GR",242,"0.95",2025-06-25,"quantile","hospital admissions",0
2025-06-15,"GR",256,"0.975",2025-06-25,"quantile","hospital admissions",0
2025-06-15,"GR",272,"0.99",2025-06-25,"quantile","hospital admissions",0
2025-06-15,"IE",62,"0.01",2025-06-25,"quantile","hospital admissions",0
2025-06-15,"IE",65,"0.025",2025-06-25,"quantile","hospital admissions",0
2025-06-15,"IE",68,"0.05",2025-06-25,"quantile","hospital admissions",0
2025-06-15,"IE",72,"0.1",2025-06-25,"quantile","hospital admissions",0
2025-06-15,"IE",74,"0.15",2025-06-25,"quantile","hospital admissions",0
2025-06-15,"IE",76,"0.2",2025-06-25,"quantile","hospital admissions",0
2025-06-15,"IE",78,"0.25",2025-06-25,"quantile","hospital admissions",0
2025-06-15,"IE",80,"0.3",2025-06-25,"quantile","hospital admissions",0
2025-06-15,"IE",81,"0.35",2025-06-25,"quantile","hospital admissions",0
2025-06-15,"IE",82,"0.4",2025-06-25,"quantile","hospital admissions",0
2025-06-15,"IE",84,"0.45",2025-06-25,"quantile","hospital admissions",0
2025-06-15,"IE",85,"0.5",2025-06-25,"quantile","hospital admissions",0
2025-06-15,"IE",86,"0.55",2025-06-25,"quantile","hospital admissions",0
2025-06-15,"IE",88,"0.6",2025-06-25,"quantile","hospital admissions",0
2025-06-15,"IE",89,"0.65",2025-06-25,"quantile","hospital admissions",0
2025-06-15,"IE",90,"0.7",2025-06-25,"quantile","hospital admissions",0
2025-06-15,"IE",92,"0.75",2025-06-25,"quantile","hospital admissions",0
2025-06-15,"IE",94,"0.8",2025-06-25,"quantile","hospital admissions",0
2025-06-15,"IE",96,"0.85",2025-06-25,"quantile","hospital admissions",0
2025-06-15,"IE",99,"0.9",2025-06-25,"quantile","hospital admissions",0
2025-06-15,"IE",103,"0.95",2025-06-25,"quantile","hospital admissions",0
2025-06-15,"IE",107,"0.975",2025-06-25,"quantile","hospital admissions",0
2025-06-15,"IE",112,"0.99",2025-06-25,"quantile","hospital admissions",0
2025-06-15,"LT",2,"0.01",2025-06-25,"quantile","hospital admissions",0
2025-06-15,"LT",3,"0.025",2025-06-25,"quantile","hospital admissions",0
2025-06-15,"LT",4,"0.05",2025-06-25,"quantile","hospital admissions",0
2025-06-15,"LT",5,"0.1",2025-06-25,"quantile","hospital admissions",0
2025-06-15,"LT",5,"0.15",2025-06-25,"quantile","hospital admissions",0
2025-06-15,"LT",6,"0.2",2025-06-25,"quantile","hospital admissions",0
2025-06-15,"LT",6,"0.25",2025-06-25,"quantile","hospital admissions",0
2025-06-15,"LT",7,"0.3",2025-06-25,"quantile","hospital admissions",0
2025-06-15,"LT",7,"0.35",2025-06-25,"quantile","hospital admissions",0
2025-06-15,"LT",8,"0.4",2025-06-25,"quantile","hospital admissions",0
2025-06-15,"LT",8,"0.45",2025-06-25,"quantile","hospital admissions",0
2025-06-15,"LT",8,"0.5",2025-06-25,"quantile","hospital admissions",0
2025-06-15,"LT",9,"0.55",2025-06-25,"quantile","hospital admissions",0
2025-06-15,"LT",9,"0.6",2025-06-25,"quantile","hospital admissions",0
2025-06-15,"LT",10,"0.65",2025-06-25,"quantile","hospital admissions",0
2025-06-15,"LT",10,"0.7",2025-06-25,"quantile","hospital admissions",0
2025-06-15,"LT",11,"0.75",2025-06-25,"quantile","hospital admissions",0
2025-06-15,"LT",11,"0.8",2025-06-25,"quantile","hospital admissions",0
2025-06-15,"LT",12,"0.85",2025-06-25,"quantile","hospital admissions",0
2025-06-15,"LT",13,"0.9",2025-06-25,"quantile","hospital admissions",0
2025-06-15,"LT",14,"0.95",2025-06-25,"quantile","hospital admissions",0
2025-06-15,"LT",15,"0.975",2025-06-25,"quantile","hospital admissions",0
2025-06-15,"LT",16,"0.99",2025-06-25,"quantile","hospital admissions",0
2025-06-15,"MT",1,"0.01",2025-06-25,"quantile","hospital admissions",0
2025-06-15,"MT",1,"0.025",2025-06-25,"quantile","hospital admissions",0
2025-06-15,"MT",2,"0.05",2025-06-25,"quantile","hospital admissions",0
2025-06-15,"MT",2,"0.1",2025-06-25,"quantile","hospital admissions",0
2025-06-15,"MT",3,"0.15",2025-06-25,"quantile","hospital admissions",0
2025-06-15,"MT",3,"0.2",2025-06-25,"quantile","hospital admissions",0
2025-06-15,"MT",3,"0.25",2025-06-25,"quantile","hospital admissions",0
2025-06-15,"MT",4,"0.3",2025-06-25,"quantile","hospital admissions",0
2025-06-15,"MT",4,"0.35",2025-06-25,"quantile","hospital admissions",0
2025-06-15,"MT",4,"0.4",2025-06-25,"quantile","hospital admissions",0
2025-06-15,"MT",5,"0.45",2025-06-25,"quantile","hospital admissions",0
2025-06-15,"MT",5,"0.5",2025-06-25,"quantile","hospital admissions",0
2025-06-15,"MT",5,"0.55",2025-06-25,"quantile","hospital admissions",0
2025-06-15,"MT",6,"0.6",2025-06-25,"quantile","hospital admissions",0
2025-06-15,"MT",6,"0.65",2025-06-25,"quantile","hospital admissions",0
2025-06-15,"MT",6,"0.7",2025-06-25,"quantile","hospital admissions",0
2025-06-15,"MT",7,"0.75",2025-06-25,"quantile","hospital admissions",0
2025-06-15,"MT",7,"0.8",2025-06-25,"quantile","hospital admissions",0
2025-06-15,"MT",8,"0.85",2025-06-25,"quantile","hospital admissions",0
2025-06-15,"MT",8,"0.9",2025-06-25,"quantile","hospital admissions",0
2025-06-15,"MT",10,"0.95",2025-06-25,"quantile","hospital admissions",0
2025-06-15,"MT",11,"0.975",2025-06-25,"quantile","hospital admissions",0
2025-06-15,"MT",12,"0.99",2025-06-25,"quantile","hospital admissions",0
2025-06-15,"PL",1,"0.01",2025-06-25,"quantile","hospital admissions",0
2025-06-15,"PL",2,"0.025",2025-06-25,"quantile","hospital admissions",0
2025-06-15,"PL",3,"0.05",2025-06-25,"quantile","hospital admissions",0
2025-06-15,"PL",5,"0.1",2025-06-25,"quantile","hospital admissions",0
2025-06-15,"PL",6,"0.15",2025-06-25,"quantile","hospital admissions",0
2025-06-15,"PL",7,"0.2",2025-06-25,"quantile","hospital admissions",0
2025-06-15,"PL",8,"0.25",2025-06-25,"quantile","hospital admissions",0
2025-06-15,"PL",9,"0.3",2025-06-25,"quantile","hospital admissions",0
2025-06-15,"PL",10,"0.35",2025-06-25,"quantile","hospital admissions",0
2025-06-15,"PL",10,"0.4",2025-06-25,"quantile","hospital admissions",0
2025-06-15,"PL",11,"0.45",2025-06-25,"quantile","hospital admissions",0
2025-06-15,"PL",12,"0.5",2025-06-25,"quantile","hospital admissions",0
2025-06-15,"PL",12,"0.55",2025-06-25,"quantile","hospital admissions",0
2025-06-15,"PL",13,"0.6",2025-06-25,"quantile","hospital admissions",0
2025-06-15,"PL",14,"0.65",2025-06-25,"quantile","hospital admissions",0
2025-06-15,"PL",15,"0.7",2025-06-25,"quantile","hospital admissions",0
2025-06-15,"PL",15,"0.75",2025-06-25,"quantile","hospital admissions",0
2025-06-15,"PL",16,"0.8",2025-06-25,"quantile","hospital admissions",0
2025-06-15,"PL",17.1500000000005,"0.85",2025-06-25,"quantile","hospital admissions",0
2025-06-15,"PL",19,"0.9",2025-06-25,"quantile","hospital admissions",0
2025-06-15,"PL",21,"0.95",2025-06-25,"quantile","hospital admissions",0
2025-06-15,"PL",23,"0.975",2025-06-25,"quantile","hospital admissions",0
2025-06-15,"PL",29,"0.99",2025-06-25,"quantile","hospital admissions",0
2025-06-15,"SK",0,"0.01",2025-06-25,"quantile","hospital admissions",0
2025-06-15,"SK",0,"0.025",2025-06-25,"quantile","hospital admissions",0
2025-06-15,"SK",0,"0.05",2025-06-25,"quantile","hospital admissions",0
2025-06-15,"SK",0,"0.1",2025-06-25,"quantile","hospital admissions",0
2025-06-15,"SK",1,"0.15",2025-06-25,"quantile","hospital admissions",0
2025-06-15,"SK",1,"0.2",2025-06-25,"quantile","hospital admissions",0
2025-06-15,"SK",1,"0.25",2025-06-25,"quantile","hospital admissions",0
2025-06-15,"SK",1,"0.3",2025-06-25,"quantile","hospital admissions",0
2025-06-15,"SK",2,"0.35",2025-06-25,"quantile","hospital admissions",0
2025-06-15,"SK",2,"0.4",2025-06-25,"quantile","hospital admissions",0
2025-06-15,"SK",2,"0.45",2025-06-25,"quantile","hospital admissions",0
2025-06-15,"SK",2,"0.5",2025-06-25,"quantile","hospital admissions",0
2025-06-15,"SK",3,"0.55",2025-06-25,"quantile","hospital admissions",0
2025-06-15,"SK",3,"0.6",2025-06-25,"quantile","hospital admissions",0
2025-06-15,"SK",3,"0.65",2025-06-25,"quantile","hospital admissions",0
2025-06-15,"SK",3,"0.7",2025-06-25,"quantile","hospital admissions",0
2025-06-15,"SK",4,"0.75",2025-06-25,"quantile","hospital admissions",0
2025-06-15,"SK",4,"0.8",2025-06-25,"quantile","hospital admissions",0
2025-06-15,"SK",5,"0.85",2025-06-25,"quantile","hospital admissions",0
2025-06-15,"SK",5,"0.9",2025-06-25,"quantile","hospital admissions",0
2025-06-15,"SK",6,"0.95",2025-06-25,"quantile","hospital admissions",0
2025-06-15,"SK",7,"0.975",2025-06-25,"quantile","hospital admissions",0
2025-06-15,"SK",9,"0.99",2025-06-25,"quantile","hospital admissions",0
2025-06-22,"CZ",4,"0.01",2025-06-25,"quantile","hospital admissions",1
2025-06-22,"CZ",5,"0.025",2025-06-25,"quantile","hospital admissions",1
2025-06-22,"CZ",6.95000000000002,"0.05",2025-06-25,"quantile","hospital admissions",1
2025-06-22,"CZ",8,"0.1",2025-06-25,"quantile","hospital admissions",1
2025-06-22,"CZ",9,"0.15",2025-06-25,"quantile","hospital admissions",1
2025-06-22,"CZ",10,"0.2",2025-06-25,"quantile","hospital admissions",1
2025-06-22,"CZ",11,"0.25",2025-06-25,"quantile","hospital admissions",1
2025-06-22,"CZ",11,"0.3",2025-06-25,"quantile","hospital admissions",1
2025-06-22,"CZ",12,"0.35",2025-06-25,"quantile","hospital admissions",1
2025-06-22,"CZ",13,"0.4",2025-06-25,"quantile","hospital admissions",1
2025-06-22,"CZ",13,"0.45",2025-06-25,"quantile","hospital admissions",1
2025-06-22,"CZ",14,"0.5",2025-06-25,"quantile","hospital admissions",1
2025-06-22,"CZ",15,"0.55",2025-06-25,"quantile","hospital admissions",1
2025-06-22,"CZ",15,"0.6",2025-06-25,"quantile","hospital admissions",1
2025-06-22,"CZ",16,"0.65",2025-06-25,"quantile","hospital admissions",1
2025-06-22,"CZ",17,"0.7",2025-06-25,"quantile","hospital admissions",1
2025-06-22,"CZ",17,"0.75",2025-06-25,"quantile","hospital admissions",1
2025-06-22,"CZ",18,"0.8",2025-06-25,"quantile","hospital admissions",1
2025-06-22,"CZ",19,"0.85",2025-06-25,"quantile","hospital admissions",1
2025-06-22,"CZ",21,"0.9",2025-06-25,"quantile","hospital admissions",1
2025-06-22,"CZ",24,"0.95",2025-06-25,"quantile","hospital admissions",1
2025-06-22,"CZ",26,"0.975",2025-06-25,"quantile","hospital admissions",1
2025-06-22,"CZ",30,"0.99",2025-06-25,"quantile","hospital admissions",1
2025-06-22,"EE",4,"0.01",2025-06-25,"quantile","hospital admissions",1
2025-06-22,"EE",5,"0.025",2025-06-25,"quantile","hospital admissions",1
2025-06-22,"EE",6,"0.05",2025-06-25,"quantile","hospital admissions",1
2025-06-22,"EE",8,"0.1",2025-06-25,"quantile","hospital admissions",1
2025-06-22,"EE",8,"0.15",2025-06-25,"quantile","hospital admissions",1
2025-06-22,"EE",9,"0.2",2025-06-25,"quantile","hospital admissions",1
2025-06-22,"EE",10,"0.25",2025-06-25,"quantile","hospital admissions",1
2025-06-22,"EE",11,"0.3",2025-06-25,"quantile","hospital admissions",1
2025-06-22,"EE",11,"0.35",2025-06-25,"quantile","hospital admissions",1
2025-06-22,"EE",12,"0.4",2025-06-25,"quantile","hospital admissions",1
2025-06-22,"EE",13,"0.45",2025-06-25,"quantile","hospital admissions",1
2025-06-22,"EE",13,"0.5",2025-06-25,"quantile","hospital admissions",1
2025-06-22,"EE",14,"0.55",2025-06-25,"quantile","hospital admissions",1
2025-06-22,"EE",14,"0.6",2025-06-25,"quantile","hospital admissions",1
2025-06-22,"EE",15,"0.65",2025-06-25,"quantile","hospital admissions",1
2025-06-22,"EE",16,"0.7",2025-06-25,"quantile","hospital admissions",1
2025-06-22,"EE",17,"0.75",2025-06-25,"quantile","hospital admissions",1
2025-06-22,"EE",17.2000000000003,"0.8",2025-06-25,"quantile","hospital admissions",1
2025-06-22,"EE",19,"0.85",2025-06-25,"quantile","hospital admissions",1
2025-06-22,"EE",20,"0.9",2025-06-25,"quantile","hospital admissions",1
2025-06-22,"EE",22,"0.95",2025-06-25,"quantile","hospital admissions",1
2025-06-22,"EE",24,"0.975",2025-06-25,"quantile","hospital admissions",1
2025-06-22,"EE",27,"0.99",2025-06-25,"quantile","hospital admissions",1
2025-06-22,"GR",141,"0.01",2025-06-25,"quantile","hospital admissions",1
2025-06-22,"GR",149,"0.025",2025-06-25,"quantile","hospital admissions",1
2025-06-22,"GR",157,"0.05",2025-06-25,"quantile","hospital admissions",1
2025-06-22,"GR",167,"0.1",2025-06-25,"quantile","hospital admissions",1
2025-06-22,"GR",173,"0.15",2025-06-25,"quantile","hospital admissions",1
2025-06-22,"GR",179,"0.2",2025-06-25,"quantile","hospital admissions",1
2025-06-22,"GR",184,"0.25",2025-06-25,"quantile","hospital admissions",1
2025-06-22,"GR",189,"0.3",2025-06-25,"quantile","hospital admissions",1
2025-06-22,"GR",194,"0.35",2025-06-25,"quantile","hospital admissions",1
2025-06-22,"GR",198,"0.4",2025-06-25,"quantile","hospital admissions",1
2025-06-22,"GR",203,"0.45",2025-06-25,"quantile","hospital admissions",1
2025-06-22,"GR",209,"0.5",2025-06-25,"quantile","hospital admissions",1
2025-06-22,"GR",215,"0.55",2025-06-25,"quantile","hospital admissions",1
2025-06-22,"GR",221,"0.6",2025-06-25,"quantile","hospital admissions",1
2025-06-22,"GR",229,"0.65",2025-06-25,"quantile","hospital admissions",1
2025-06-22,"GR",238,"0.7",2025-06-25,"quantile","hospital admissions",1
2025-06-22,"GR",246.25,"0.75",2025-06-25,"quantile","hospital admissions",1
2025-06-22,"GR",256,"0.8",2025-06-25,"quantile","hospital admissions",1
2025-06-22,"GR",266,"0.85",2025-06-25,"quantile","hospital admissions",1
2025-06-22,"GR",280,"0.9",2025-06-25,"quantile","hospital admissions",1
2025-06-22,"GR",300,"0.95",2025-06-25,"quantile","hospital admissions",1
2025-06-22,"GR",313,"0.975",2025-06-25,"quantile","hospital admissions",1
2025-06-22,"GR",331,"0.99",2025-06-25,"quantile","hospital admissions",1
2025-06-22,"IE",63,"0.01",2025-06-25,"quantile","hospital admissions",1
2025-06-22,"IE",67,"0.025",2025-06-25,"quantile","hospital admissions",1
2025-06-22,"IE",70,"0.05",2025-06-25,"quantile","hospital admissions",1
2025-06-22,"IE",74,"0.1",2025-06-25,"quantile","hospital admissions",1
2025-06-22,"IE",77,"0.15",2025-06-25,"quantile","hospital admissions",1
2025-06-22,"IE",79,"0.2",2025-06-25,"quantile","hospital admissions",1
2025-06-22,"IE",80,"0.25",2025-06-25,"quantile","hospital admissions",1
2025-06-22,"IE",82,"0.3",2025-06-25,"quantile","hospital admissions",1
2025-06-22,"IE",84,"0.35",2025-06-25,"quantile","hospital admissions",1
2025-06-22,"IE",85,"0.4",2025-06-25,"quantile","hospital admissions",1
2025-06-22,"IE",86,"0.45",2025-06-25,"quantile","hospital admissions",1
2025-06-22,"IE",88,"0.5",2025-06-25,"quantile","hospital admissions",1
2025-06-22,"IE",89,"0.55",2025-06-25,"quantile","hospital admissions",1
2025-06-22,"IE",91,"0.6",2025-06-25,"quantile","hospital admissions",1
2025-06-22,"IE",92,"0.65",2025-06-25,"quantile","hospital admissions",1
2025-06-22,"IE",94,"0.7",2025-06-25,"quantile","hospital admissions",1
2025-06-22,"IE",96,"0.75",2025-06-25,"quantile","hospital admissions",1
2025-06-22,"IE",98,"0.8",2025-06-25,"quantile","hospital admissions",1
2025-06-22,"IE",100,"0.85",2025-06-25,"quantile","hospital admissions",1
2025-06-22,"IE",103,"0.9",2025-06-25,"quantile","hospital admissions",1
2025-06-22,"IE",108,"0.95",2025-06-25,"quantile","hospital admissions",1
2025-06-22,"IE",111,"0.975",2025-06-25,"quantile","hospital admissions",1
2025-06-22,"IE",116,"0.99",2025-06-25,"quantile","hospital admissions",1
2025-06-22,"LT",3,"0.01",2025-06-25,"quantile","hospital admissions",1
2025-06-22,"LT",4,"0.025",2025-06-25,"quantile","hospital admissions",1
2025-06-22,"LT",4,"0.05",2025-06-25,"quantile","hospital admissions",1
2025-06-22,"LT",5,"0.1",2025-06-25,"quantile","hospital admissions",1
2025-06-22,"LT",6,"0.15",2025-06-25,"quantile","hospital admissions",1
2025-06-22,"LT",6,"0.2",2025-06-25,"quantile","hospital admissions",1
2025-06-22,"LT",7,"0.25",2025-06-25,"quantile","hospital admissions",1
2025-06-22,"LT",7,"0.3",2025-06-25,"quantile","hospital admissions",1
2025-06-22,"LT",8,"0.35",2025-06-25,"quantile","hospital admissions",1
2025-06-22,"LT",8,"0.4",2025-06-25,"quantile","hospital admissions",1
2025-06-22,"LT",8,"0.45",2025-06-25,"quantile","hospital admissions",1
2025-06-22,"LT",9,"0.5",2025-06-25,"quantile","hospital admissions",1
2025-06-22,"LT",9,"0.55",2025-06-25,"quantile","hospital admissions",1
2025-06-22,"LT",9,"0.6",2025-06-25,"quantile","hospital admissions",1
2025-06-22,"LT",10,"0.65",2025-06-25,"quantile","hospital admissions",1
2025-06-22,"LT",10,"0.7",2025-06-25,"quantile","hospital admissions",1
2025-06-22,"LT",11,"0.75",2025-06-25,"quantile","hospital admissions",1
2025-06-22,"LT",11,"0.8",2025-06-25,"quantile","hospital admissions",1
2025-06-22,"LT",12,"0.85",2025-06-25,"quantile","hospital admissions",1
2025-06-22,"LT",13,"0.9",2025-06-25,"quantile","hospital admissions",1
2025-06-22,"LT",14,"0.95",2025-06-25,"quantile","hospital admissions",1
2025-06-22,"LT",15,"0.975",2025-06-25,"quantile","hospital admissions",1
2025-06-22,"LT",17,"0.99",2025-06-25,"quantile","hospital admissions",1
2025-06-22,"MT",1,"0.01",2025-06-25,"quantile","hospital admissions",1
2025-06-22,"MT",1,"0.025",2025-06-25,"quantile","hospital admissions",1
2025-06-22,"MT",2,"0.05",2025-06-25,"quantile","hospital admissions",1
2025-06-22,"MT",2,"0.1",2025-06-25,"quantile","hospital admissions",1
2025-06-22,"MT",3,"0.15",2025-06-25,"quantile","hospital admissions",1
2025-06-22,"MT",3,"0.2",2025-06-25,"quantile","hospital admissions",1
2025-06-22,"MT",4,"0.25",2025-06-25,"quantile","hospital admissions",1
2025-06-22,"MT",4,"0.3",2025-06-25,"quantile","hospital admissions",1
2025-06-22,"MT",4,"0.35",2025-06-25,"quantile","hospital admissions",1
2025-06-22,"MT",4,"0.4",2025-06-25,"quantile","hospital admissions",1
2025-06-22,"MT",5,"0.45",2025-06-25,"quantile","hospital admissions",1
2025-06-22,"MT",5,"0.5",2025-06-25,"quantile","hospital admissions",1
2025-06-22,"MT",5,"0.55",2025-06-25,"quantile","hospital admissions",1
2025-06-22,"MT",6,"0.6",2025-06-25,"quantile","hospital admissions",1
2025-06-22,"MT",6,"0.65",2025-06-25,"quantile","hospital admissions",1
2025-06-22,"MT",6,"0.7",2025-06-25,"quantile","hospital admissions",1
2025-06-22,"MT",7,"0.75",2025-06-25,"quantile","hospital admissions",1
2025-06-22,"MT",7,"0.8",2025-06-25,"quantile","hospital admissions",1
2025-06-22,"MT",8,"0.85",2025-06-25,"quantile","hospital admissions",1
2025-06-22,"MT",8,"0.9",2025-06-25,"quantile","hospital admissions",1
2025-06-22,"MT",10,"0.95",2025-06-25,"quantile","hospital admissions",1
2025-06-22,"MT",11,"0.975",2025-06-25,"quantile","hospital admissions",1
2025-06-22,"MT",12,"0.99",2025-06-25,"quantile","hospital admissions",1
2025-06-22,"PL",1,"0.01",2025-06-25,"quantile","hospital admissions",1
2025-06-22,"PL",2,"0.025",2025-06-25,"quantile","hospital admissions",1
2025-06-22,"PL",3,"0.05",2025-06-25,"quantile","hospital admissions",1
2025-06-22,"PL",5,"0.1",2025-06-25,"quantile","hospital admissions",1
2025-06-22,"PL",6,"0.15",2025-06-25,"quantile","hospital admissions",1
2025-06-22,"PL",7,"0.2",2025-06-25,"quantile","hospital admissions",1
2025-06-22,"PL",8,"0.25",2025-06-25,"quantile","hospital admissions",1
2025-06-22,"PL",9,"0.3",2025-06-25,"quantile","hospital admissions",1
2025-06-22,"PL",10,"0.35",2025-06-25,"quantile","hospital admissions",1
2025-06-22,"PL",11,"0.4",2025-06-25,"quantile","hospital admissions",1
2025-06-22,"PL",11,"0.45",2025-06-25,"quantile","hospital admissions",1
2025-06-22,"PL",12,"0.5",2025-06-25,"quantile","hospital admissions",1
2025-06-22,"PL",13,"0.55",2025-06-25,"quantile","hospital admissions",1
2025-06-22,"PL",13,"0.6",2025-06-25,"quantile","hospital admissions",1
2025-06-22,"PL",14,"0.65",2025-06-25,"quantile","hospital admissions",1
2025-06-22,"PL",15,"0.7",2025-06-25,"quantile","hospital admissions",1
2025-06-22,"PL",16,"0.75",2025-06-25,"quantile","hospital admissions",1
2025-06-22,"PL",17,"0.8",2025-06-25,"quantile","hospital admissions",1
2025-06-22,"PL",18,"0.85",2025-06-25,"quantile","hospital admissions",1
2025-06-22,"PL",19,"0.9",2025-06-25,"quantile","hospital admissions",1
2025-06-22,"PL",22,"0.95",2025-06-25,"quantile","hospital admissions",1
2025-06-22,"PL",24,"0.975",2025-06-25,"quantile","hospital admissions",1
2025-06-22,"PL",32.0100000000002,"0.99",2025-06-25,"quantile","hospital admissions",1
2025-06-22,"SK",0,"0.01",2025-06-25,"quantile","hospital admissions",1
2025-06-22,"SK",0,"0.025",2025-06-25,"quantile","hospital admissions",1
2025-06-22,"SK",0,"0.05",2025-06-25,"quantile","hospital admissions",1
2025-06-22,"SK",1,"0.1",2025-06-25,"quantile","hospital admissions",1
2025-06-22,"SK",1,"0.15",2025-06-25,"quantile","hospital admissions",1
2025-06-22,"SK",1,"0.2",2025-06-25,"quantile","hospital admissions",1
2025-06-22,"SK",2,"0.25",2025-06-25,"quantile","hospital admissions",1
2025-06-22,"SK",2,"0.3",2025-06-25,"quantile","hospital admissions",1
2025-06-22,"SK",2,"0.35",2025-06-25,"quantile","hospital admissions",1
2025-06-22,"SK",3,"0.4",2025-06-25,"quantile","hospital admissions",1
2025-06-22,"SK",3,"0.45",2025-06-25,"quantile","hospital admissions",1
2025-06-22,"SK",3,"0.5",2025-06-25,"quantile","hospital admissions",1
2025-06-22,"SK",4,"0.55",2025-06-25,"quantile","hospital admissions",1
2025-06-22,"SK",4,"0.6",2025-06-25,"quantile","hospital admissions",1
2025-06-22,"SK",4,"0.65",2025-06-25,"quantile","hospital admissions",1
2025-06-22,"SK",5,"0.7",2025-06-25,"quantile","hospital admissions",1
2025-06-22,"SK",5,"0.75",2025-06-25,"quantile","hospital admissions",1
2025-06-22,"SK",6,"0.8",2025-06-25,"quantile","hospital admissions",1
2025-06-22,"SK",7,"0.85",2025-06-25,"quantile","hospital admissions",1
2025-06-22,"SK",7,"0.9",2025-06-25,"quantile","hospital admissions",1
2025-06-22,"SK",9,"0.95",2025-06-25,"quantile","hospital admissions",1
2025-06-22,"SK",10,"0.975",2025-06-25,"quantile","hospital admissions",1
2025-06-22,"SK",12,"0.99",2025-06-25,"quantile","hospital admissions",1
2025-06-29,"CZ",6,"0.01",2025-06-25,"quantile","hospital admissions",2
2025-06-29,"CZ",7,"0.025",2025-06-25,"quantile","hospital admissions",2
2025-06-29,"CZ",9,"0.05",2025-06-25,"quantile","hospital admissions",2
2025-06-29,"CZ",11,"0.1",2025-06-25,"quantile","hospital admissions",2
2025-06-29,"CZ",12,"0.15",2025-06-25,"quantile","hospital admissions",2
2025-06-29,"CZ",13,"0.2",2025-06-25,"quantile","hospital admissions",2
2025-06-29,"CZ",14,"0.25",2025-06-25,"quantile","hospital admissions",2
2025-06-29,"CZ",15,"0.3",2025-06-25,"quantile","hospital admissions",2
2025-06-29,"CZ",16,"0.35",2025-06-25,"quantile","hospital admissions",2
2025-06-29,"CZ",16,"0.4",2025-06-25,"quantile","hospital admissions",2
2025-06-29,"CZ",17,"0.45",2025-06-25,"quantile","hospital admissions",2
2025-06-29,"CZ",18,"0.5",2025-06-25,"quantile","hospital admissions",2
2025-06-29,"CZ",18,"0.55",2025-06-25,"quantile","hospital admissions",2
2025-06-29,"CZ",19,"0.6",2025-06-25,"quantile","hospital admissions",2
2025-06-29,"CZ",20,"0.65",2025-06-25,"quantile","hospital admissions",2
2025-06-29,"CZ",21,"0.7",2025-06-25,"quantile","hospital admissions",2
2025-06-29,"CZ",22,"0.75",2025-06-25,"quantile","hospital admissions",2
2025-06-29,"CZ",23,"0.8",2025-06-25,"quantile","hospital admissions",2
2025-06-29,"CZ",25,"0.85",2025-06-25,"quantile","hospital admissions",2
2025-06-29,"CZ",27,"0.9",2025-06-25,"quantile","hospital admissions",2
2025-06-29,"CZ",31,"0.95",2025-06-25,"quantile","hospital admissions",2
2025-06-29,"CZ",35,"0.975",2025-06-25,"quantile","hospital admissions",2
2025-06-29,"CZ",40,"0.99",2025-06-25,"quantile","hospital admissions",2
2025-06-29,"EE",6,"0.01",2025-06-25,"quantile","hospital admissions",2
2025-06-29,"EE",8,"0.025",2025-06-25,"quantile","hospital admissions",2
2025-06-29,"EE",9,"0.05",2025-06-25,"quantile","hospital admissions",2
2025-06-29,"EE",11,"0.1",2025-06-25,"quantile","hospital admissions",2
2025-06-29,"EE",12,"0.15",2025-06-25,"quantile","hospital admissions",2
2025-06-29,"EE",14,"0.2",2025-06-25,"quantile","hospital admissions",2
2025-06-29,"EE",15,"0.25",2025-06-25,"quantile","hospital admissions",2
2025-06-29,"EE",16,"0.3",2025-06-25,"quantile","hospital admissions",2
2025-06-29,"EE",16,"0.35",2025-06-25,"quantile","hospital admissions",2
2025-06-29,"EE",17,"0.4",2025-06-25,"quantile","hospital admissions",2
2025-06-29,"EE",18,"0.45",2025-06-25,"quantile","hospital admissions",2
2025-06-29,"EE",19,"0.5",2025-06-25,"quantile","hospital admissions",2
2025-06-29,"EE",20,"0.55",2025-06-25,"quantile","hospital admissions",2
2025-06-29,"EE",21,"0.6",2025-06-25,"quantile","hospital admissions",2
2025-06-29,"EE",22,"0.65",2025-06-25,"quantile","hospital admissions",2
2025-06-29,"EE",23,"0.7",2025-06-25,"quantile","hospital admissions",2
2025-06-29,"EE",24,"0.75",2025-06-25,"quantile","hospital admissions",2
2025-06-29,"EE",25,"0.8",2025-06-25,"quantile","hospital admissions",2
2025-06-29,"EE",27,"0.85",2025-06-25,"quantile","hospital admissions",2
2025-06-29,"EE",29,"0.9",2025-06-25,"quantile","hospital admissions",2
2025-06-29,"EE",33,"0.95",2025-06-25,"quantile","hospital admissions",2
2025-06-29,"EE",37,"0.975",2025-06-25,"quantile","hospital admissions",2
2025-06-29,"EE",42,"0.99",2025-06-25,"quantile","hospital admissions",2
2025-06-29,"GR",174,"0.01",2025-06-25,"quantile","hospital admissions",2
2025-06-29,"GR",184.975,"0.025",2025-06-25,"quantile","hospital admissions",2
2025-06-29,"GR",193,"0.05",2025-06-25,"quantile","hospital admissions",2
2025-06-29,"GR",204,"0.1",2025-06-25,"quantile","hospital admissions",2
2025-06-29,"GR",212,"0.15",2025-06-25,"quantile","hospital admissions",2
2025-06-29,"GR",218,"0.2",2025-06-25,"quantile","hospital admissions",2
2025-06-29,"GR",224,"0.25",2025-06-25,"quantile","hospital admissions",2
2025-06-29,"GR",231,"0.3",2025-06-25,"quantile","hospital admissions",2
2025-06-29,"GR",237,"0.35",2025-06-25,"quantile","hospital admissions",2
2025-06-29,"GR",243,"0.4",2025-06-25,"quantile","hospital admissions",2
2025-06-29,"GR",250,"0.45",2025-06-25,"quantile","hospital admissions",2
2025-06-29,"GR",257,"0.5",2025-06-25,"quantile","hospital admissions",2
2025-06-29,"GR",265,"0.55",2025-06-25,"quantile","hospital admissions",2
2025-06-29,"GR",274,"0.6",2025-06-25,"quantile","hospital admissions",2
2025-06-29,"GR",282,"0.65",2025-06-25,"quantile","hospital admissions",2
2025-06-29,"GR",292,"0.7",2025-06-25,"quantile","hospital admissions",2
2025-06-29,"GR",304,"0.75",2025-06-25,"quantile","hospital admissions",2
2025-06-29,"GR",316,"0.8",2025-06-25,"quantile","hospital admissions",2
2025-06-29,"GR",329,"0.85",2025-06-25,"quantile","hospital admissions",2
2025-06-29,"GR",344,"0.9",2025-06-25,"quantile","hospital admissions",2
2025-06-29,"GR",365,"0.95",2025-06-25,"quantile","hospital admissions",2
2025-06-29,"GR",383,"0.975",2025-06-25,"quantile","hospital admissions",2
2025-06-29,"GR",403.02,"0.99",2025-06-25,"quantile","hospital admissions",2
2025-06-29,"IE",65,"0.01",2025-06-25,"quantile","hospital admissions",2
2025-06-29,"IE",68,"0.025",2025-06-25,"quantile","hospital admissions",2
2025-06-29,"IE",72,"0.05",2025-06-25,"quantile","hospital admissions",2
2025-06-29,"IE",76,"0.1",2025-06-25,"quantile","hospital admissions",2
2025-06-29,"IE",79,"0.15",2025-06-25,"quantile","hospital admissions",2
2025-06-29,"IE",81,"0.2",2025-06-25,"quantile","hospital admissions",2
2025-06-29,"IE",83,"0.25",2025-06-25,"quantile","hospital admissions",2
2025-06-29,"IE",84,"0.3",2025-06-25,"quantile","hospital admissions",2
2025-06-29,"IE",86,"0.35",2025-06-25,"quantile","hospital admissions",2
2025-06-29,"IE",88,"0.4",2025-06-25,"quantile","hospital admissions",2
2025-06-29,"IE",89,"0.45",2025-06-25,"quantile","hospital admissions",2
2025-06-29,"IE",91,"0.5",2025-06-25,"quantile","hospital admissions",2
2025-06-29,"IE",92,"0.55",2025-06-25,"quantile","hospital admissions",2
2025-06-29,"IE",94,"0.6",2025-06-25,"quantile","hospital admissions",2
2025-06-29,"IE",95,"0.65",2025-06-25,"quantile","hospital admissions",2
2025-06-29,"IE",97,"0.7",2025-06-25,"quantile","hospital admissions",2
2025-06-29,"IE",99,"0.75",2025-06-25,"quantile","hospital admissions",2
2025-06-29,"IE",101,"0.8",2025-06-25,"quantile","hospital admissions",2
2025-06-29,"IE",103,"0.85",2025-06-25,"quantile","hospital admissions",2
2025-06-29,"IE",106,"0.9",2025-06-25,"quantile","hospital admissions",2
2025-06-29,"IE",111,"0.95",2025-06-25,"quantile","hospital admissions",2
2025-06-29,"IE",115.025,"0.975",2025-06-25,"quantile","hospital admissions",2
2025-06-29,"IE",121,"0.99",2025-06-25,"quantile","hospital admissions",2
2025-06-29,"LT",3,"0.01",2025-06-25,"quantile","hospital admissions",2
2025-06-29,"LT",4,"0.025",2025-06-25,"quantile","hospital admissions",2
2025-06-29,"LT",5,"0.05",2025-06-25,"quantile","hospital admissions",2
2025-06-29,"LT",5.90000000000003,"0.1",2025-06-25,"quantile","hospital admissions",2
2025-06-29,"LT",6,"0.15",2025-06-25,"quantile","hospital admissions",2
2025-06-29,"LT",7,"0.2",2025-06-25,"quantile","hospital admissions",2
2025-06-29,"LT",7,"0.25",2025-06-25,"quantile","hospital admissions",2
2025-06-29,"LT",8,"0.3",2025-06-25,"quantile","hospital admissions",2
2025-06-29,"LT",8,"0.35",2025-06-25,"quantile","hospital admissions",2
2025-06-29,"LT",9,"0.4",2025-06-25,"quantile","hospital admissions",2
2025-06-29,"LT",9,"0.45",2025-06-25,"quantile","hospital admissions",2
2025-06-29,"LT",9,"0.5",2025-06-25,"quantile","hospital admissions",2
2025-06-29,"LT",10,"0.55",2025-06-25,"quantile","hospital admissions",2
2025-06-29,"LT",10,"0.6",2025-06-25,"quantile","hospital admissions",2
2025-06-29,"LT",11,"0.65",2025-06-25,"quantile","hospital admissions",2
2025-06-29,"LT",11,"0.7",2025-06-25,"quantile","hospital admissions",2
2025-06-29,"LT",11.2500000000005,"0.75",2025-06-25,"quantile","hospital admissions",2
2025-06-29,"LT",12,"0.8",2025-06-25,"quantile","hospital admissions",2
2025-06-29,"LT",13,"0.85",2025-06-25,"quantile","hospital admissions",2
2025-06-29,"LT",14,"0.9",2025-06-25,"quantile","hospital admissions",2
2025-06-29,"LT",15,"0.95",2025-06-25,"quantile","hospital admissions",2
2025-06-29,"LT",16,"0.975",2025-06-25,"quantile","hospital admissions",2
2025-06-29,"LT",17,"0.99",2025-06-25,"quantile","hospital admissions",2
2025-06-29,"MT",1,"0.01",2025-06-25,"quantile","hospital admissions",2
2025-06-29,"MT",1,"0.025",2025-06-25,"quantile","hospital admissions",2
2025-06-29,"MT",2,"0.05",2025-06-25,"quantile","hospital admissions",2
2025-06-29,"MT",2,"0.1",2025-06-25,"quantile","hospital admissions",2
2025-06-29,"MT",3,"0.15",2025-06-25,"quantile","hospital admissions",2
2025-06-29,"MT",3,"0.2",2025-06-25,"quantile","hospital admissions",2
2025-06-29,"MT",4,"0.25",2025-06-25,"quantile","hospital admissions",2
2025-06-29,"MT",4,"0.3",2025-06-25,"quantile","hospital admissions",2
2025-06-29,"MT",4,"0.35",2025-06-25,"quantile","hospital admissions",2
2025-06-29,"MT",5,"0.4",2025-06-25,"quantile","hospital admissions",2
2025-06-29,"MT",5,"0.45",2025-06-25,"quantile","hospital admissions",2
2025-06-29,"MT",5,"0.5",2025-06-25,"quantile","hospital admissions",2
2025-06-29,"MT",5,"0.55",2025-06-25,"quantile","hospital admissions",2
2025-06-29,"MT",6,"0.6",2025-06-25,"quantile","hospital admissions",2
2025-06-29,"MT",6,"0.65",2025-06-25,"quantile","hospital admissions",2
2025-06-29,"MT",6,"0.7",2025-06-25,"quantile","hospital admissions",2
2025-06-29,"MT",7,"0.75",2025-06-25,"quantile","hospital admissions",2
2025-06-29,"MT",7,"0.8",2025-06-25,"quantile","hospital admissions",2
2025-06-29,"MT",8,"0.85",2025-06-25,"quantile","hospital admissions",2
2025-06-29,"MT",8,"0.9",2025-06-25,"quantile","hospital admissions",2
2025-06-29,"MT",9,"0.95",2025-06-25,"quantile","hospital admissions",2
2025-06-29,"MT",11,"0.975",2025-06-25,"quantile","hospital admissions",2
2025-06-29,"MT",12,"0.99",2025-06-25,"quantile","hospital admissions",2
2025-06-29,"PL",2,"0.01",2025-06-25,"quantile","hospital admissions",2
2025-06-29,"PL",3,"0.025",2025-06-25,"quantile","hospital admissions",2
2025-06-29,"PL",4,"0.05",2025-06-25,"quantile","hospital admissions",2
2025-06-29,"PL",6,"0.1",2025-06-25,"quantile","hospital admissions",2
2025-06-29,"PL",7,"0.15",2025-06-25,"quantile","hospital admissions",2
2025-06-29,"PL",8,"0.2",2025-06-25,"quantile","hospital admissions",2
2025-06-29,"PL",9,"0.25",2025-06-25,"quantile","hospital admissions",2
2025-06-29,"PL",10,"0.3",2025-06-25,"quantile","hospital admissions",2
2025-06-29,"PL",10,"0.35",2025-06-25,"quantile","hospital admissions",2
2025-06-29,"PL",11,"0.4",2025-06-25,"quantile","hospital admissions",2
2025-06-29,"PL",12,"0.45",2025-06-25,"quantile","hospital admissions",2
2025-06-29,"PL",13,"0.5",2025-06-25,"quantile","hospital admissions",2
2025-06-29,"PL",13,"0.55",2025-06-25,"quantile","hospital admissions",2
2025-06-29,"PL",14,"0.6",2025-06-25,"quantile","hospital admissions",2
2025-06-29,"PL",15,"0.65",2025-06-25,"quantile","hospital admissions",2
2025-06-29,"PL",15,"0.7",2025-06-25,"quantile","hospital admissions",2
2025-06-29,"PL",16,"0.75",2025-06-25,"quantile","hospital admissions",2
2025-06-29,"PL",17,"0.8",2025-06-25,"quantile","hospital admissions",2
2025-06-29,"PL",18,"0.85",2025-06-25,"quantile","hospital admissions",2
2025-06-29,"PL",20,"0.9",2025-06-25,"quantile","hospital admissions",2
2025-06-29,"PL",23,"0.95",2025-06-25,"quantile","hospital admissions",2
2025-06-29,"PL",26,"0.975",2025-06-25,"quantile","hospital admissions",2
2025-06-29,"PL",36.0100000000002,"0.99",2025-06-25,"quantile","hospital admissions",2
2025-06-29,"SK",0,"0.01",2025-06-25,"quantile","hospital admissions",2
2025-06-29,"SK",0,"0.025",2025-06-25,"quantile","hospital admissions",2
2025-06-29,"SK",1,"0.05",2025-06-25,"quantile","hospital admissions",2
2025-06-29,"SK",1,"0.1",2025-06-25,"quantile","hospital admissions",2
2025-06-29,"SK",2,"0.15",2025-06-25,"quantile","hospital admissions",2
2025-06-29,"SK",2,"0.2",2025-06-25,"quantile","hospital admissions",2
2025-06-29,"SK",3,"0.25",2025-06-25,"quantile","hospital admissions",2
2025-06-29,"SK",3,"0.3",2025-06-25,"quantile","hospital admissions",2
2025-06-29,"SK",4,"0.35",2025-06-25,"quantile","hospital admissions",2
2025-06-29,"SK",4,"0.4",2025-06-25,"quantile","hospital admissions",2
2025-06-29,"SK",4,"0.45",2025-06-25,"quantile","hospital admissions",2
2025-06-29,"SK",5,"0.5",2025-06-25,"quantile","hospital admissions",2
2025-06-29,"SK",5,"0.55",2025-06-25,"quantile","hospital admissions",2
2025-06-29,"SK",6,"0.6",2025-06-25,"quantile","hospital admissions",2
2025-06-29,"SK",6,"0.65",2025-06-25,"quantile","hospital admissions",2
2025-06-29,"SK",7,"0.7",2025-06-25,"quantile","hospital admissions",2
2025-06-29,"SK",8,"0.75",2025-06-25,"quantile","hospital admissions",2
2025-06-29,"SK",8,"0.8",2025-06-25,"quantile","hospital admissions",2
2025-06-29,"SK",9,"0.85",2025-06-25,"quantile","hospital admissions",2
2025-06-29,"SK",11,"0.9",2025-06-25,"quantile","hospital admissions",2
2025-06-29,"SK",13,"0.95",2025-06-25,"quantile","hospital admissions",2
2025-06-29,"SK",15,"0.975",2025-06-25,"quantile","hospital admissions",2
2025-06-29,"SK",19,"0.99",2025-06-25,"quantile","hospital admissions",2
2025-07-06,"CZ",8,"0.01",2025-06-25,"quantile","hospital admissions",3
2025-07-06,"CZ",10,"0.025",2025-06-25,"quantile","hospital admissions",3
2025-07-06,"CZ",12,"0.05",2025-06-25,"quantile","hospital admissions",3
2025-07-06,"CZ",14,"0.1",2025-06-25,"quantile","hospital admissions",3
2025-07-06,"CZ",16,"0.15",2025-06-25,"quantile","hospital admissions",3
2025-07-06,"CZ",17,"0.2",2025-06-25,"quantile","hospital admissions",3
2025-07-06,"CZ",18,"0.25",2025-06-25,"quantile","hospital admissions",3
2025-07-06,"CZ",19,"0.3",2025-06-25,"quantile","hospital admissions",3
2025-07-06,"CZ",20,"0.35",2025-06-25,"quantile","hospital admissions",3
2025-07-06,"CZ",21,"0.4",2025-06-25,"quantile","hospital admissions",3
2025-07-06,"CZ",22,"0.45",2025-06-25,"quantile","hospital admissions",3
2025-07-06,"CZ",23,"0.5",2025-06-25,"quantile","hospital admissions",3
2025-07-06,"CZ",24,"0.55",2025-06-25,"quantile","hospital admissions",3
2025-07-06,"CZ",25,"0.6",2025-06-25,"quantile","hospital admissions",3
2025-07-06,"CZ",26,"0.65",2025-06-25,"quantile","hospital admissions",3
2025-07-06,"CZ",27,"0.7",2025-06-25,"quantile","hospital admissions",3
2025-07-06,"CZ",28,"0.75",2025-06-25,"quantile","hospital admissions",3
2025-07-06,"CZ",30,"0.8",2025-06-25,"quantile","hospital admissions",3
2025-07-06,"CZ",32,"0.85",2025-06-25,"quantile","hospital admissions",3
2025-07-06,"CZ",35,"0.9",2025-06-25,"quantile","hospital admissions",3
2025-07-06,"CZ",40,"0.95",2025-06-25,"quantile","hospital admissions",3
2025-07-06,"CZ",45.0249999999996,"0.975",2025-06-25,"quantile","hospital admissions",3
2025-07-06,"CZ",52,"0.99",2025-06-25,"quantile","hospital admissions",3
2025-07-06,"EE",9,"0.01",2025-06-25,"quantile","hospital admissions",3
2025-07-06,"EE",12,"0.025",2025-06-25,"quantile","hospital admissions",3
2025-07-06,"EE",14,"0.05",2025-06-25,"quantile","hospital admissions",3
2025-07-06,"EE",17,"0.1",2025-06-25,"quantile","hospital admissions",3
2025-07-06,"EE",19,"0.15",2025-06-25,"quantile","hospital admissions",3
2025-07-06,"EE",20,"0.2",2025-06-25,"quantile","hospital admissions",3
2025-07-06,"EE",22,"0.25",2025-06-25,"quantile","hospital admissions",3
2025-07-06,"EE",23,"0.3",2025-06-25,"quantile","hospital admissions",3
2025-07-06,"EE",25,"0.35",2025-06-25,"quantile","hospital admissions",3
2025-07-06,"EE",26,"0.4",2025-06-25,"quantile","hospital admissions",3
2025-07-06,"EE",27,"0.45",2025-06-25,"quantile","hospital admissions",3
2025-07-06,"EE",28,"0.5",2025-06-25,"quantile","hospital admissions",3
2025-07-06,"EE",29,"0.55",2025-06-25,"quantile","hospital admissions",3
2025-07-06,"EE",31,"0.6",2025-06-25,"quantile","hospital admissions",3
2025-07-06,"EE",32,"0.65",2025-06-25,"quantile","hospital admissions",3
2025-07-06,"EE",34,"0.7",2025-06-25,"quantile","hospital admissions",3
2025-07-06,"EE",35,"0.75",2025-06-25,"quantile","hospital admissions",3
2025-07-06,"EE",37,"0.8",2025-06-25,"quantile","hospital admissions",3
2025-07-06,"EE",40,"0.85",2025-06-25,"quantile","hospital admissions",3
2025-07-06,"EE",44,"0.9",2025-06-25,"quantile","hospital admissions",3
2025-07-06,"EE",49,"0.95",2025-06-25,"quantile","hospital admissions",3
2025-07-06,"EE",56,"0.975",2025-06-25,"quantile","hospital admissions",3
2025-07-06,"EE",64,"0.99",2025-06-25,"quantile","hospital admissions",3
2025-07-06,"GR",213,"0.01",2025-06-25,"quantile","hospital admissions",3
2025-07-06,"GR",226,"0.025",2025-06-25,"quantile","hospital admissions",3
2025-07-06,"GR",236,"0.05",2025-06-25,"quantile","hospital admissions",3
2025-07-06,"GR",249,"0.1",2025-06-25,"quantile","hospital admissions",3
2025-07-06,"GR",259,"0.15",2025-06-25,"quantile","hospital admissions",3
2025-07-06,"GR",267,"0.2",2025-06-25,"quantile","hospital admissions",3
2025-07-06,"GR",274,"0.25",2025-06-25,"quantile","hospital admissions",3
2025-07-06,"GR",282,"0.3",2025-06-25,"quantile","hospital admissions",3
2025-07-06,"GR",289,"0.35",2025-06-25,"quantile","hospital admissions",3
2025-07-06,"GR",296,"0.4",2025-06-25,"quantile","hospital admissions",3
2025-07-06,"GR",305,"0.45",2025-06-25,"quantile","hospital admissions",3
2025-07-06,"GR",314.5,"0.5",2025-06-25,"quantile","hospital admissions",3
2025-07-06,"GR",324,"0.55",2025-06-25,"quantile","hospital admissions",3
2025-07-06,"GR",335,"0.6",2025-06-25,"quantile","hospital admissions",3
2025-07-06,"GR",347,"0.65",2025-06-25,"quantile","hospital admissions",3
2025-07-06,"GR",360,"0.7",2025-06-25,"quantile","hospital admissions",3
2025-07-06,"GR",373,"0.75",2025-06-25,"quantile","hospital admissions",3
2025-07-06,"GR",385,"0.8",2025-06-25,"quantile","hospital admissions",3
2025-07-06,"GR",403,"0.85",2025-06-25,"quantile","hospital admissions",3
2025-07-06,"GR",419,"0.9",2025-06-25,"quantile","hospital admissions",3
2025-07-06,"GR",449,"0.95",2025-06-25,"quantile","hospital admissions",3
2025-07-06,"GR",470.025,"0.975",2025-06-25,"quantile","hospital admissions",3
2025-07-06,"GR",496,"0.99",2025-06-25,"quantile","hospital admissions",3
2025-07-06,"IE",65,"0.01",2025-06-25,"quantile","hospital admissions",3
2025-07-06,"IE",69,"0.025",2025-06-25,"quantile","hospital admissions",3
2025-07-06,"IE",73,"0.05",2025-06-25,"quantile","hospital admissions",3
2025-07-06,"IE",77,"0.1",2025-06-25,"quantile","hospital admissions",3
2025-07-06,"IE",79,"0.15",2025-06-25,"quantile","hospital admissions",3
2025-07-06,"IE",82,"0.2",2025-06-25,"quantile","hospital admissions",3
2025-07-06,"IE",84,"0.25",2025-06-25,"quantile","hospital admissions",3
2025-07-06,"IE",85,"0.3",2025-06-25,"quantile","hospital admissions",3
2025-07-06,"IE",87,"0.35",2025-06-25,"quantile","hospital admissions",3
2025-07-06,"IE",89,"0.4",2025-06-25,"quantile","hospital admissions",3
2025-07-06,"IE",90,"0.45",2025-06-25,"quantile","hospital admissions",3
2025-07-06,"IE",92,"0.5",2025-06-25,"quantile","hospital admissions",3
2025-07-06,"IE",93,"0.55",2025-06-25,"quantile","hospital admissions",3
2025-07-06,"IE",95,"0.6",2025-06-25,"quantile","hospital admissions",3
2025-07-06,"IE",96,"0.65",2025-06-25,"quantile","hospital admissions",3
2025-07-06,"IE",98,"0.7",2025-06-25,"quantile","hospital admissions",3
2025-07-06,"IE",100,"0.75",2025-06-25,"quantile","hospital admissions",3
2025-07-06,"IE",102,"0.8",2025-06-25,"quantile","hospital admissions",3
2025-07-06,"IE",105,"0.85",2025-06-25,"quantile","hospital admissions",3
2025-07-06,"IE",109,"0.9",2025-06-25,"quantile","hospital admissions",3
2025-07-06,"IE",114,"0.95",2025-06-25,"quantile","hospital admissions",3
2025-07-06,"IE",119,"0.975",2025-06-25,"quantile","hospital admissions",3
2025-07-06,"IE",125,"0.99",2025-06-25,"quantile","hospital admissions",3
2025-07-06,"LT",3,"0.01",2025-06-25,"quantile","hospital admissions",3
2025-07-06,"LT",4,"0.025",2025-06-25,"quantile","hospital admissions",3
2025-07-06,"LT",5,"0.05",2025-06-25,"quantile","hospital admissions",3
2025-07-06,"LT",6,"0.1",2025-06-25,"quantile","hospital admissions",3
2025-07-06,"LT",7,"0.15",2025-06-25,"quantile","hospital admissions",3
2025-07-06,"LT",7,"0.2",2025-06-25,"quantile","hospital admissions",3
2025-07-06,"LT",8,"0.25",2025-06-25,"quantile","hospital admissions",3
2025-07-06,"LT",8,"0.3",2025-06-25,"quantile","hospital admissions",3
2025-07-06,"LT",9,"0.35",2025-06-25,"quantile","hospital admissions",3
2025-07-06,"LT",9,"0.4",2025-06-25,"quantile","hospital admissions",3
2025-07-06,"LT",10,"0.45",2025-06-25,"quantile","hospital admissions",3
2025-07-06,"LT",10,"0.5",2025-06-25,"quantile","hospital admissions",3
2025-07-06,"LT",11,"0.55",2025-06-25,"quantile","hospital admissions",3
2025-07-06,"LT",11,"0.6",2025-06-25,"quantile","hospital admissions",3
2025-07-06,"LT",12,"0.65",2025-06-25,"quantile","hospital admissions",3
2025-07-06,"LT",12,"0.7",2025-06-25,"quantile","hospital admissions",3
2025-07-06,"LT",13,"0.75",2025-06-25,"quantile","hospital admissions",3
2025-07-06,"LT",13,"0.8",2025-06-25,"quantile","hospital admissions",3
2025-07-06,"LT",14,"0.85",2025-06-25,"quantile","hospital admissions",3
2025-07-06,"LT",15,"0.9",2025-06-25,"quantile","hospital admissions",3
2025-07-06,"LT",16,"0.95",2025-06-25,"quantile","hospital admissions",3
2025-07-06,"LT",18,"0.975",2025-06-25,"quantile","hospital admissions",3
2025-07-06,"LT",19,"0.99",2025-06-25,"quantile","hospital admissions",3
2025-07-06,"MT",1,"0.01",2025-06-25,"quantile","hospital admissions",3
2025-07-06,"MT",1,"0.025",2025-06-25,"quantile","hospital admissions",3
2025-07-06,"MT",2,"0.05",2025-06-25,"quantile","hospital admissions",3
2025-07-06,"MT",2,"0.1",2025-06-25,"quantile","hospital admissions",3
2025-07-06,"MT",3,"0.15",2025-06-25,"quantile","hospital admissions",3
2025-07-06,"MT",3,"0.2",2025-06-25,"quantile","hospital admissions",3
2025-07-06,"MT",4,"0.25",2025-06-25,"quantile","hospital admissions",3
2025-07-06,"MT",4,"0.3",2025-06-25,"quantile","hospital admissions",3
2025-07-06,"MT",4,"0.35",2025-06-25,"quantile","hospital admissions",3
2025-07-06,"MT",4,"0.4",2025-06-25,"quantile","hospital admissions",3
2025-07-06,"MT",5,"0.45",2025-06-25,"quantile","hospital admissions",3
2025-07-06,"MT",5,"0.5",2025-06-25,"quantile","hospital admissions",3
2025-07-06,"MT",5,"0.55",2025-06-25,"quantile","hospital admissions",3
2025-07-06,"MT",6,"0.6",2025-06-25,"quantile","hospital admissions",3
2025-07-06,"MT",6,"0.65",2025-06-25,"quantile","hospital admissions",3
2025-07-06,"MT",6,"0.7",2025-06-25,"quantile","hospital admissions",3
2025-07-06,"MT",7,"0.75",2025-06-25,"quantile","hospital admissions",3
2025-07-06,"MT",7,"0.8",2025-06-25,"quantile","hospital admissions",3
2025-07-06,"MT",8,"0.85",2025-06-25,"quantile","hospital admissions",3
2025-07-06,"MT",8,"0.9",2025-06-25,"quantile","hospital admissions",3
2025-07-06,"MT",9,"0.95",2025-06-25,"quantile","hospital admissions",3
2025-07-06,"MT",10,"0.975",2025-06-25,"quantile","hospital admissions",3
2025-07-06,"MT",11,"0.99",2025-06-25,"quantile","hospital admissions",3
2025-07-06,"PL",1,"0.01",2025-06-25,"quantile","hospital admissions",3
2025-07-06,"PL",2,"0.025",2025-06-25,"quantile","hospital admissions",3
2025-07-06,"PL",4,"0.05",2025-06-25,"quantile","hospital admissions",3
2025-07-06,"PL",6,"0.1",2025-06-25,"quantile","hospital admissions",3
2025-07-06,"PL",7,"0.15",2025-06-25,"quantile","hospital admissions",3
2025-07-06,"PL",9,"0.2",2025-06-25,"quantile","hospital admissions",3
2025-07-06,"PL",10,"0.25",2025-06-25,"quantile","hospital admissions",3
2025-07-06,"PL",11,"0.3",2025-06-25,"quantile","hospital admissions",3
2025-07-06,"PL",11,"0.35",2025-06-25,"quantile","hospital admissions",3
2025-07-06,"PL",12,"0.4",2025-06-25,"quantile","hospital admissions",3
2025-07-06,"PL",13,"0.45",2025-06-25,"quantile","hospital admissions",3
2025-07-06,"PL",14,"0.5",2025-06-25,"quantile","hospital admissions",3
2025-07-06,"PL",15,"0.55",2025-06-25,"quantile","hospital admissions",3
2025-07-06,"PL",15,"0.6",2025-06-25,"quantile","hospital admissions",3
2025-07-06,"PL",16,"0.65",2025-06-25,"quantile","hospital admissions",3
2025-07-06,"PL",17,"0.7",2025-06-25,"quantile","hospital admissions",3
2025-07-06,"PL",18,"0.75",2025-06-25,"quantile","hospital admissions",3
2025-07-06,"PL",19,"0.8",2025-06-25,"quantile","hospital admissions",3
2025-07-06,"PL",20,"0.85",2025-06-25,"quantile","hospital admissions",3
2025-07-06,"PL",22,"0.9",2025-06-25,"quantile","hospital admissions",3
2025-07-06,"PL",28,"0.95",2025-06-25,"quantile","hospital admissions",3
2025-07-06,"PL",36,"0.975",2025-06-25,"quantile","hospital admissions",3
2025-07-06,"PL",51.0100000000002,"0.99",2025-06-25,"quantile","hospital admissions",3
2025-07-06,"SK",0,"0.01",2025-06-25,"quantile","hospital admissions",3
2025-07-06,"SK",1,"0.025",2025-06-25,"quantile","hospital admissions",3
2025-07-06,"SK",1,"0.05",2025-06-25,"quantile","hospital admissions",3
2025-07-06,"SK",2,"0.1",2025-06-25,"quantile","hospital admissions",3
2025-07-06,"SK",3,"0.15",2025-06-25,"quantile","hospital admissions",3
2025-07-06,"SK",4,"0.2",2025-06-25,"quantile","hospital admissions",3
2025-07-06,"SK",4,"0.25",2025-06-25,"quantile","hospital admissions",3
2025-07-06,"SK",5,"0.3",2025-06-25,"quantile","hospital admissions",3
2025-07-06,"SK",5,"0.35",2025-06-25,"quantile","hospital admissions",3
2025-07-06,"SK",6,"0.4",2025-06-25,"quantile","hospital admissions",3
2025-07-06,"SK",7,"0.45",2025-06-25,"quantile","hospital admissions",3
2025-07-06,"SK",7,"0.5",2025-06-25,"quantile","hospital admissions",3
2025-07-06,"SK",8,"0.55",2025-06-25,"quantile","hospital admissions",3
2025-07-06,"SK",9,"0.6",2025-06-25,"quantile","hospital admissions",3
2025-07-06,"SK",9,"0.65",2025-06-25,"quantile","hospital admissions",3
2025-07-06,"SK",10,"0.7",2025-06-25,"quantile","hospital admissions",3
2025-07-06,"SK",11,"0.75",2025-06-25,"quantile","hospital admissions",3
2025-07-06,"SK",12,"0.8",2025-06-25,"quantile","hospital admissions",3
2025-07-06,"SK",14,"0.85",2025-06-25,"quantile","hospital admissions",3
2025-07-06,"SK",16,"0.9",2025-06-25,"quantile","hospital admissions",3
2025-07-06,"SK",20,"0.95",2025-06-25,"quantile","hospital admissions",3
2025-07-06,"SK",24,"0.975",2025-06-25,"quantile","hospital admissions",3
2025-07-06,"SK",29,"0.99",2025-06-25,"quantile","hospital admissions",3
2025-07-13,"CZ",10,"0.01",2025-06-25,"quantile","hospital admissions",4
2025-07-13,"CZ",13,"0.025",2025-06-25,"quantile","hospital admissions",4
2025-07-13,"CZ",16,"0.05",2025-06-25,"quantile","hospital admissions",4
2025-07-13,"CZ",19,"0.1",2025-06-25,"quantile","hospital admissions",4
2025-07-13,"CZ",21,"0.15",2025-06-25,"quantile","hospital admissions",4
2025-07-13,"CZ",23,"0.2",2025-06-25,"quantile","hospital admissions",4
2025-07-13,"CZ",24,"0.25",2025-06-25,"quantile","hospital admissions",4
2025-07-13,"CZ",25,"0.3",2025-06-25,"quantile","hospital admissions",4
2025-07-13,"CZ",27,"0.35",2025-06-25,"quantile","hospital admissions",4
2025-07-13,"CZ",28,"0.4",2025-06-25,"quantile","hospital admissions",4
2025-07-13,"CZ",29,"0.45",2025-06-25,"quantile","hospital admissions",4
2025-07-13,"CZ",30,"0.5",2025-06-25,"quantile","hospital admissions",4
2025-07-13,"CZ",31,"0.55",2025-06-25,"quantile","hospital admissions",4
2025-07-13,"CZ",32,"0.6",2025-06-25,"quantile","hospital admissions",4
2025-07-13,"CZ",33,"0.65",2025-06-25,"quantile","hospital admissions",4
2025-07-13,"CZ",35,"0.7",2025-06-25,"quantile","hospital admissions",4
2025-07-13,"CZ",36,"0.75",2025-06-25,"quantile","hospital admissions",4
2025-07-13,"CZ",38,"0.8",2025-06-25,"quantile","hospital admissions",4
2025-07-13,"CZ",41,"0.85",2025-06-25,"quantile","hospital admissions",4
2025-07-13,"CZ",44,"0.9",2025-06-25,"quantile","hospital admissions",4
2025-07-13,"CZ",51,"0.95",2025-06-25,"quantile","hospital admissions",4
2025-07-13,"CZ",56,"0.975",2025-06-25,"quantile","hospital admissions",4
2025-07-13,"CZ",64,"0.99",2025-06-25,"quantile","hospital admissions",4
2025-07-13,"EE",14,"0.01",2025-06-25,"quantile","hospital admissions",4
2025-07-13,"EE",18,"0.025",2025-06-25,"quantile","hospital admissions",4
2025-07-13,"EE",21,"0.05",2025-06-25,"quantile","hospital admissions",4
2025-07-13,"EE",25,"0.1",2025-06-25,"quantile","hospital admissions",4
2025-07-13,"EE",29,"0.15",2025-06-25,"quantile","hospital admissions",4
2025-07-13,"EE",31,"0.2",2025-06-25,"quantile","hospital admissions",4
2025-07-13,"EE",33,"0.25",2025-06-25,"quantile","hospital admissions",4
2025-07-13,"EE",35,"0.3",2025-06-25,"quantile","hospital admissions",4
2025-07-13,"EE",37,"0.35",2025-06-25,"quantile","hospital admissions",4
2025-07-13,"EE",39,"0.4",2025-06-25,"quantile","hospital admissions",4
2025-07-13,"EE",41,"0.45",2025-06-25,"quantile","hospital admissions",4
2025-07-13,"EE",43,"0.5",2025-06-25,"quantile","hospital admissions",4
2025-07-13,"EE",45,"0.55",2025-06-25,"quantile","hospital admissions",4
2025-07-13,"EE",46,"0.6",2025-06-25,"quantile","hospital admissions",4
2025-07-13,"EE",49,"0.65",2025-06-25,"quantile","hospital admissions",4
2025-07-13,"EE",51,"0.7",2025-06-25,"quantile","hospital admissions",4
2025-07-13,"EE",54,"0.75",2025-06-25,"quantile","hospital admissions",4
2025-07-13,"EE",57,"0.8",2025-06-25,"quantile","hospital admissions",4
2025-07-13,"EE",61,"0.85",2025-06-25,"quantile","hospital admissions",4
2025-07-13,"EE",67,"0.9",2025-06-25,"quantile","hospital admissions",4
2025-07-13,"EE",77,"0.95",2025-06-25,"quantile","hospital admissions",4
2025-07-13,"EE",89,"0.975",2025-06-25,"quantile","hospital admissions",4
2025-07-13,"EE",103,"0.99",2025-06-25,"quantile","hospital admissions",4
2025-07-13,"GR",260,"0.01",2025-06-25,"quantile","hospital admissions",4
2025-07-13,"GR",273.975,"0.025",2025-06-25,"quantile","hospital admissions",4
2025-07-13,"GR",286,"0.05",2025-06-25,"quantile","hospital admissions",4
2025-07-13,"GR",300,"0.1",2025-06-25,"quantile","hospital admissions",4
2025-07-13,"GR",312,"0.15",2025-06-25,"quantile","hospital admissions",4
2025-07-13,"GR",321,"0.2",2025-06-25,"quantile","hospital admissions",4
2025-07-13,"GR",329,"0.25",2025-06-25,"quantile","hospital admissions",4
2025-07-13,"GR",338,"0.3",2025-06-25,"quantile","hospital admissions",4
2025-07-13,"GR",347,"0.35",2025-06-25,"quantile","hospital admissions",4
2025-07-13,"GR",355,"0.4",2025-06-25,"quantile","hospital admissions",4
2025-07-13,"GR",365,"0.45",2025-06-25,"quantile","hospital admissions",4
2025-07-13,"GR",376,"0.5",2025-06-25,"quantile","hospital admissions",4
2025-07-13,"GR",388,"0.55",2025-06-25,"quantile","hospital admissions",4
2025-07-13,"GR",402,"0.6",2025-06-25,"quantile","hospital admissions",4
2025-07-13,"GR",415,"0.65",2025-06-25,"quantile","hospital admissions",4
2025-07-13,"GR",430,"0.7",2025-06-25,"quantile","hospital admissions",4
2025-07-13,"GR",443,"0.75",2025-06-25,"quantile","hospital admissions",4
2025-07-13,"GR",461,"0.8",2025-06-25,"quantile","hospital admissions",4
2025-07-13,"GR",479.150000000001,"0.85",2025-06-25,"quantile","hospital admissions",4
2025-07-13,"GR",500,"0.9",2025-06-25,"quantile","hospital admissions",4
2025-07-13,"GR",532,"0.95",2025-06-25,"quantile","hospital admissions",4
2025-07-13,"GR",561,"0.975",2025-06-25,"quantile","hospital admissions",4
2025-07-13,"GR",592,"0.99",2025-06-25,"quantile","hospital admissions",4
2025-07-13,"IE",65,"0.01",2025-06-25,"quantile","hospital admissions",4
2025-07-13,"IE",69,"0.025",2025-06-25,"quantile","hospital admissions",4
2025-07-13,"IE",72,"0.05",2025-06-25,"quantile","hospital admissions",4
2025-07-13,"IE",77,"0.1",2025-06-25,"quantile","hospital admissions",4
2025-07-13,"IE",79,"0.15",2025-06-25,"quantile","hospital admissions",4
2025-07-13,"IE",82,"0.2",2025-06-25,"quantile","hospital admissions",4
2025-07-13,"IE",84,"0.25",2025-06-25,"quantile","hospital admissions",4
2025-07-13,"IE",85,"0.3",2025-06-25,"quantile","hospital admissions",4
2025-07-13,"IE",87,"0.35",2025-06-25,"quantile","hospital admissions",4
2025-07-13,"IE",88,"0.4",2025-06-25,"quantile","hospital admissions",4
2025-07-13,"IE",90,"0.45",2025-06-25,"quantile","hospital admissions",4
2025-07-13,"IE",91,"0.5",2025-06-25,"quantile","hospital admissions",4
2025-07-13,"IE",93,"0.55",2025-06-25,"quantile","hospital admissions",4
2025-07-13,"IE",95,"0.6",2025-06-25,"quantile","hospital admissions",4
2025-07-13,"IE",97,"0.65",2025-06-25,"quantile","hospital admissions",4
2025-07-13,"IE",99,"0.7",2025-06-25,"quantile","hospital admissions",4
2025-07-13,"IE",100,"0.75",2025-06-25,"quantile","hospital admissions",4
2025-07-13,"IE",103,"0.8",2025-06-25,"quantile","hospital admissions",4
2025-07-13,"IE",105,"0.85",2025-06-25,"quantile","hospital admissions",4
2025-07-13,"IE",109,"0.9",2025-06-25,"quantile","hospital admissions",4
2025-07-13,"IE",114,"0.95",2025-06-25,"quantile","hospital admissions",4
2025-07-13,"IE",119,"0.975",2025-06-25,"quantile","hospital admissions",4
2025-07-13,"IE",125.01,"0.99",2025-06-25,"quantile","hospital admissions",4
2025-07-13,"LT",4,"0.01",2025-06-25,"quantile","hospital admissions",4
2025-07-13,"LT",5,"0.025",2025-06-25,"quantile","hospital admissions",4
2025-07-13,"LT",6,"0.05",2025-06-25,"quantile","hospital admissions",4
2025-07-13,"LT",7,"0.1",2025-06-25,"quantile","hospital admissions",4
2025-07-13,"LT",8,"0.15",2025-06-25,"quantile","hospital admissions",4
2025-07-13,"LT",8,"0.2",2025-06-25,"quantile","hospital admissions",4
2025-07-13,"LT",9,"0.25",2025-06-25,"quantile","hospital admissions",4
2025-07-13,"LT",9,"0.3",2025-06-25,"quantile","hospital admissions",4
2025-07-13,"LT",10,"0.35",2025-06-25,"quantile","hospital admissions",4
2025-07-13,"LT",10,"0.4",2025-06-25,"quantile","hospital admissions",4
2025-07-13,"LT",11,"0.45",2025-06-25,"quantile","hospital admissions",4
2025-07-13,"LT",11,"0.5",2025-06-25,"quantile","hospital admissions",4
2025-07-13,"LT",12,"0.55",2025-06-25,"quantile","hospital admissions",4
2025-07-13,"LT",12,"0.6",2025-06-25,"quantile","hospital admissions",4
2025-07-13,"LT",13,"0.65",2025-06-25,"quantile","hospital admissions",4
2025-07-13,"LT",13,"0.7",2025-06-25,"quantile","hospital admissions",4
2025-07-13,"LT",14,"0.75",2025-06-25,"quantile","hospital admissions",4
2025-07-13,"LT",15,"0.8",2025-06-25,"quantile","hospital admissions",4
2025-07-13,"LT",16,"0.85",2025-06-25,"quantile","hospital admissions",4
2025-07-13,"LT",17,"0.9",2025-06-25,"quantile","hospital admissions",4
2025-07-13,"LT",19,"0.95",2025-06-25,"quantile","hospital admissions",4
2025-07-13,"LT",20,"0.975",2025-06-25,"quantile","hospital admissions",4
2025-07-13,"LT",21.0100000000002,"0.99",2025-06-25,"quantile","hospital admissions",4
2025-07-13,"MT",1,"0.01",2025-06-25,"quantile","hospital admissions",4
2025-07-13,"MT",1,"0.025",2025-06-25,"quantile","hospital admissions",4
2025-07-13,"MT",2,"0.05",2025-06-25,"quantile","hospital admissions",4
2025-07-13,"MT",2,"0.1",2025-06-25,"quantile","hospital admissions",4
2025-07-13,"MT",3,"0.15",2025-06-25,"quantile","hospital admissions",4
2025-07-13,"MT",3,"0.2",2025-06-25,"quantile","hospital admissions",4
2025-07-13,"MT",3,"0.25",2025-06-25,"quantile","hospital admissions",4
2025-07-13,"MT",4,"0.3",2025-06-25,"quantile","hospital admissions",4
2025-07-13,"MT",4,"0.35",2025-06-25,"quantile","hospital admissions",4
2025-07-13,"MT",4,"0.4",2025-06-25,"quantile","hospital admissions",4
2025-07-13,"MT",5,"0.45",2025-06-25,"quantile","hospital admissions",4
2025-07-13,"MT",5,"0.5",2025-06-25,"quantile","hospital admissions",4
2025-07-13,"MT",5,"0.55",2025-06-25,"quantile","hospital admissions",4
2025-07-13,"MT",6,"0.6",2025-06-25,"quantile","hospital admissions",4
2025-07-13,"MT",6,"0.65",2025-06-25,"quantile","hospital admissions",4
2025-07-13,"MT",6,"0.7",2025-06-25,"quantile","hospital admissions",4
2025-07-13,"MT",7,"0.75",2025-06-25,"quantile","hospital admissions",4
2025-07-13,"MT",7,"0.8",2025-06-25,"quantile","hospital admissions",4
2025-07-13,"MT",8,"0.85",2025-06-25,"quantile","hospital admissions",4
2025-07-13,"MT",8,"0.9",2025-06-25,"quantile","hospital admissions",4
2025-07-13,"MT",9,"0.95",2025-06-25,"quantile","hospital admissions",4
2025-07-13,"MT",10,"0.975",2025-06-25,"quantile","hospital admissions",4
2025-07-13,"MT",12,"0.99",2025-06-25,"quantile","hospital admissions",4
2025-07-13,"PL",0,"0.01",2025-06-25,"quantile","hospital admissions",4
2025-07-13,"PL",1,"0.025",2025-06-25,"quantile","hospital admissions",4
2025-07-13,"PL",2,"0.05",2025-06-25,"quantile","hospital admissions",4
2025-07-13,"PL",5,"0.1",2025-06-25,"quantile","hospital admissions",4
2025-07-13,"PL",7,"0.15",2025-06-25,"quantile","hospital admissions",4
2025-07-13,"PL",9,"0.2",2025-06-25,"quantile","hospital admissions",4
2025-07-13,"PL",10,"0.25",2025-06-25,"quantile","hospital admissions",4
2025-07-13,"PL",11,"0.3",2025-06-25,"quantile","hospital admissions",4
2025-07-13,"PL",12,"0.35",2025-06-25,"quantile","hospital admissions",4
2025-07-13,"PL",13,"0.4",2025-06-25,"quantile","hospital admissions",4
2025-07-13,"PL",14,"0.45",2025-06-25,"quantile","hospital admissions",4
2025-07-13,"PL",15,"0.5",2025-06-25,"quantile","hospital admissions",4
2025-07-13,"PL",16,"0.55",2025-06-25,"quantile","hospital admissions",4
2025-07-13,"PL",17,"0.6",2025-06-25,"quantile","hospital admissions",4
2025-07-13,"PL",18,"0.65",2025-06-25,"quantile","hospital admissions",4
2025-07-13,"PL",19,"0.7",2025-06-25,"quantile","hospital admissions",4
2025-07-13,"PL",20,"0.75",2025-06-25,"quantile","hospital admissions",4
2025-07-13,"PL",22,"0.8",2025-06-25,"quantile","hospital admissions",4
2025-07-13,"PL",25,"0.85",2025-06-25,"quantile","hospital admissions",4
2025-07-13,"PL",32,"0.9",2025-06-25,"quantile","hospital admissions",4
2025-07-13,"PL",48,"0.95",2025-06-25,"quantile","hospital admissions",4
2025-07-13,"PL",68,"0.975",2025-06-25,"quantile","hospital admissions",4
2025-07-13,"PL",107,"0.99",2025-06-25,"quantile","hospital admissions",4
2025-07-13,"SK",1,"0.01",2025-06-25,"quantile","hospital admissions",4
2025-07-13,"SK",1,"0.025",2025-06-25,"quantile","hospital admissions",4
2025-07-13,"SK",2,"0.05",2025-06-25,"quantile","hospital admissions",4
2025-07-13,"SK",4,"0.1",2025-06-25,"quantile","hospital admissions",4
2025-07-13,"SK",5,"0.15",2025-06-25,"quantile","hospital admissions",4
2025-07-13,"SK",6,"0.2",2025-06-25,"quantile","hospital admissions",4
2025-07-13,"SK",7,"0.25",2025-06-25,"quantile","hospital admissions",4
2025-07-13,"SK",7,"0.3",2025-06-25,"quantile","hospital admissions",4
2025-07-13,"SK",8,"0.35",2025-06-25,"quantile","hospital admissions",4
2025-07-13,"SK",9,"0.4",2025-06-25,"quantile","hospital admissions",4
2025-07-13,"SK",10,"0.45",2025-06-25,"quantile","hospital admissions",4
2025-07-13,"SK",11,"0.5",2025-06-25,"quantile","hospital admissions",4
2025-07-13,"SK",12,"0.55",2025-06-25,"quantile","hospital admissions",4
2025-07-13,"SK",13,"0.6",2025-06-25,"quantile","hospital admissions",4
2025-07-13,"SK",14,"0.65",2025-06-25,"quantile","hospital admissions",4
2025-07-13,"SK",15,"0.7",2025-06-25,"quantile","hospital admissions",4
2025-07-13,"SK",17,"0.75",2025-06-25,"quantile","hospital admissions",4
2025-07-13,"SK",19,"0.8",2025-06-25,"quantile","hospital admissions",4
2025-07-13,"SK",21,"0.85",2025-06-25,"quantile","hospital admissions",4
2025-07-13,"SK",25,"0.9",2025-06-25,"quantile","hospital admissions",4
2025-07-13,"SK",31,"0.95",2025-06-25,"quantile","hospital admissions",4
2025-07-13,"SK",37,"0.975",2025-06-25,"quantile","hospital admissions",4
2025-07-13,"SK",45,"0.99",2025-06-25,"quantile","hospital admissions",4
