target,location,origin_date,target_end_date,output_type_id,horizon,output_type,value
hospital admissions,CZ,2025-09-03,2025-08-31,0.01,1,quantile,0
hospital admissions,CZ,2025-09-03,2025-08-31,0.025,1,quantile,0
hospital admissions,CZ,2025-09-03,2025-08-31,0.05,1,quantile,0
hospital admissions,CZ,2025-09-03,2025-08-31,0.1,1,quantile,1.03113266157698
hospital admissions,CZ,2025-09-03,2025-08-31,0.15,1,quantile,2.61932746501491
hospital admissions,CZ,2025-09-03,2025-08-31,0.2,1,quantile,4.06917231324447
hospital admissions,CZ,2025-09-03,2025-08-31,0.25,1,quantile,5.42368932222127
hospital admissions,CZ,2025-09-03,2025-08-31,0.3,1,quantile,7.01387849353354
hospital admissions,CZ,2025-09-03,2025-08-31,0.35,1,quantile,8.45470701906877
hospital admissions,CZ,2025-09-03,2025-08-31,0.4,1,quantile,10.0156126481136
hospital admissions,CZ,2025-09-03,2025-08-31,0.45,1,quantile,11.9683378424248
hospital admissions,CZ,2025-09-03,2025-08-31,0.5,1,quantile,13.6726871126153
hospital admissions,CZ,2025-09-03,2025-08-31,0.55,1,quantile,16.0180452376814
hospital admissions,CZ,2025-09-03,2025-08-31,0.6,1,quantile,18.2515940868734
hospital admissions,CZ,2025-09-03,2025-08-31,0.65,1,quantile,21.2004451194926
hospital admissions,CZ,2025-09-03,2025-08-31,0.7,1,quantile,24.456786011611
hospital admissions,CZ,2025-09-03,2025-08-31,0.75,1,quantile,27.3104710163129
hospital admissions,CZ,2025-09-03,2025-08-31,0.8,1,quantile,31.250985614231
hospital admissions,CZ,2025-09-03,2025-08-31,0.85,1,quantile,35.5045666779114
hospital admissions,CZ,2025-09-03,2025-08-31,0.9,1,quantile,41.9190998543827
hospital admissions,CZ,2025-09-03,2025-08-31,0.95,1,quantile,52.9411065932892
hospital admissions,CZ,2025-09-03,2025-08-31,0.975,1,quantile,62.3645039222429
hospital admissions,CZ,2025-09-03,2025-08-31,0.99,1,quantile,70.4343010831474
hospital admissions,CZ,2025-09-03,2025-09-07,0.01,2,quantile,0
hospital admissions,CZ,2025-09-03,2025-09-07,0.025,2,quantile,0
hospital admissions,CZ,2025-09-03,2025-09-07,0.05,2,quantile,0
hospital admissions,CZ,2025-09-03,2025-09-07,0.1,2,quantile,0.716619948283052
hospital admissions,CZ,2025-09-03,2025-09-07,0.15,2,quantile,2.72183556956244
hospital admissions,CZ,2025-09-03,2025-09-07,0.2,2,quantile,4.32895861582652
hospital admissions,CZ,2025-09-03,2025-09-07,0.25,2,quantile,6.19265407841915
hospital admissions,CZ,2025-09-03,2025-09-07,0.3,2,quantile,7.78507698367721
hospital admissions,CZ,2025-09-03,2025-09-07,0.35,2,quantile,9.54452973402043
hospital admissions,CZ,2025-09-03,2025-09-07,0.4,2,quantile,11.7878453533002
hospital admissions,CZ,2025-09-03,2025-09-07,0.45,2,quantile,13.6373068957694
hospital admissions,CZ,2025-09-03,2025-09-07,0.5,2,quantile,15.8840655156414
hospital admissions,CZ,2025-09-03,2025-09-07,0.55,2,quantile,18.3457644452314
hospital admissions,CZ,2025-09-03,2025-09-07,0.6,2,quantile,20.9527962437336
hospital admissions,CZ,2025-09-03,2025-09-07,0.65,2,quantile,24.1898209448971
hospital admissions,CZ,2025-09-03,2025-09-07,0.7,2,quantile,27.7300928056423
hospital admissions,CZ,2025-09-03,2025-09-07,0.75,2,quantile,31.8681211780784
hospital admissions,CZ,2025-09-03,2025-09-07,0.8,2,quantile,37.4738744747032
hospital admissions,CZ,2025-09-03,2025-09-07,0.85,2,quantile,43.9647683260688
hospital admissions,CZ,2025-09-03,2025-09-07,0.9,2,quantile,53.2206192198911
hospital admissions,CZ,2025-09-03,2025-09-07,0.95,2,quantile,67.7668569469653
hospital admissions,CZ,2025-09-03,2025-09-07,0.975,2,quantile,79.2834239159125
hospital admissions,CZ,2025-09-03,2025-09-07,0.99,2,quantile,107.219959947137
hospital admissions,CZ,2025-09-03,2025-09-14,0.01,3,quantile,0
hospital admissions,CZ,2025-09-03,2025-09-14,0.025,3,quantile,0
hospital admissions,CZ,2025-09-03,2025-09-14,0.05,3,quantile,0
hospital admissions,CZ,2025-09-03,2025-09-14,0.1,3,quantile,0.922415435919202
hospital admissions,CZ,2025-09-03,2025-09-14,0.15,3,quantile,2.86042542157491
hospital admissions,CZ,2025-09-03,2025-09-14,0.2,3,quantile,4.91543443123189
hospital admissions,CZ,2025-09-03,2025-09-14,0.25,3,quantile,6.61292646038089
hospital admissions,CZ,2025-09-03,2025-09-14,0.3,3,quantile,8.70529288086202
hospital admissions,CZ,2025-09-03,2025-09-14,0.35,3,quantile,10.6135684073791
hospital admissions,CZ,2025-09-03,2025-09-14,0.4,3,quantile,13.7153795985699
hospital admissions,CZ,2025-09-03,2025-09-14,0.45,3,quantile,15.7122830833096
hospital admissions,CZ,2025-09-03,2025-09-14,0.5,3,quantile,18.4534236449115
hospital admissions,CZ,2025-09-03,2025-09-14,0.55,3,quantile,21.7831785633233
hospital admissions,CZ,2025-09-03,2025-09-14,0.6,3,quantile,25.0861793090778
hospital admissions,CZ,2025-09-03,2025-09-14,0.65,3,quantile,29.5205935254873
hospital admissions,CZ,2025-09-03,2025-09-14,0.7,3,quantile,33.0569014438107
hospital admissions,CZ,2025-09-03,2025-09-14,0.75,3,quantile,38.3815438770135
hospital admissions,CZ,2025-09-03,2025-09-14,0.8,3,quantile,45.5447466582166
hospital admissions,CZ,2025-09-03,2025-09-14,0.85,3,quantile,54.7256638415481
hospital admissions,CZ,2025-09-03,2025-09-14,0.9,3,quantile,69.1752369533296
hospital admissions,CZ,2025-09-03,2025-09-14,0.95,3,quantile,92.9871869618585
hospital admissions,CZ,2025-09-03,2025-09-14,0.975,3,quantile,117.161288158238
hospital admissions,CZ,2025-09-03,2025-09-14,0.99,3,quantile,161.921090509519
hospital admissions,CZ,2025-09-03,2025-09-21,0.01,4,quantile,0
hospital admissions,CZ,2025-09-03,2025-09-21,0.025,4,quantile,0
hospital admissions,CZ,2025-09-03,2025-09-21,0.05,4,quantile,0
hospital admissions,CZ,2025-09-03,2025-09-21,0.1,4,quantile,0
hospital admissions,CZ,2025-09-03,2025-09-21,0.15,4,quantile,1.8990070377905
hospital admissions,CZ,2025-09-03,2025-09-21,0.2,4,quantile,3.82038421815735
hospital admissions,CZ,2025-09-03,2025-09-21,0.25,4,quantile,6.93670125915366
hospital admissions,CZ,2025-09-03,2025-09-21,0.3,4,quantile,9.52469876844208
hospital admissions,CZ,2025-09-03,2025-09-21,0.35,4,quantile,11.8760024612711
hospital admissions,CZ,2025-09-03,2025-09-21,0.4,4,quantile,14.7416973575642
hospital admissions,CZ,2025-09-03,2025-09-21,0.45,4,quantile,17.4472905417045
hospital admissions,CZ,2025-09-03,2025-09-21,0.5,4,quantile,21.4311532352214
hospital admissions,CZ,2025-09-03,2025-09-21,0.55,4,quantile,24.0873034739886
hospital admissions,CZ,2025-09-03,2025-09-21,0.6,4,quantile,28.7127242000021
hospital admissions,CZ,2025-09-03,2025-09-21,0.65,4,quantile,33.542698809914
hospital admissions,CZ,2025-09-03,2025-09-21,0.7,4,quantile,38.354115150007
hospital admissions,CZ,2025-09-03,2025-09-21,0.75,4,quantile,44.4049528559738
hospital admissions,CZ,2025-09-03,2025-09-21,0.8,4,quantile,56.4158420816214
hospital admissions,CZ,2025-09-03,2025-09-21,0.85,4,quantile,68.4397109876655
hospital admissions,CZ,2025-09-03,2025-09-21,0.9,4,quantile,87.3914900791183
hospital admissions,CZ,2025-09-03,2025-09-21,0.95,4,quantile,119.160656038438
hospital admissions,CZ,2025-09-03,2025-09-21,0.975,4,quantile,156.691337865639
hospital admissions,CZ,2025-09-03,2025-09-21,0.99,4,quantile,205.709220928238
hospital admissions,CZ,2025-09-03,2025-08-31,,1,median,13.6726871126153
hospital admissions,CZ,2025-09-03,2025-09-07,,2,median,15.8840655156414
hospital admissions,CZ,2025-09-03,2025-09-14,,3,median,18.4534236449115
hospital admissions,CZ,2025-09-03,2025-09-21,,4,median,21.4311532352214
hospital admissions,EE,2025-09-03,2025-08-31,0.01,1,quantile,0
hospital admissions,EE,2025-09-03,2025-08-31,0.025,1,quantile,0
hospital admissions,EE,2025-09-03,2025-08-31,0.05,1,quantile,0
hospital admissions,EE,2025-09-03,2025-08-31,0.1,1,quantile,0
hospital admissions,EE,2025-09-03,2025-08-31,0.15,1,quantile,0.261414694591404
hospital admissions,EE,2025-09-03,2025-08-31,0.2,1,quantile,0.642653936753948
hospital admissions,EE,2025-09-03,2025-08-31,0.25,1,quantile,0.990543930637328
hospital admissions,EE,2025-09-03,2025-08-31,0.3,1,quantile,1.33576355596465
hospital admissions,EE,2025-09-03,2025-08-31,0.35,1,quantile,1.69939888916282
hospital admissions,EE,2025-09-03,2025-08-31,0.4,1,quantile,2.05571420525449
hospital admissions,EE,2025-09-03,2025-08-31,0.45,1,quantile,2.4859010513345
hospital admissions,EE,2025-09-03,2025-08-31,0.5,1,quantile,3.18519133373932
hospital admissions,EE,2025-09-03,2025-08-31,0.55,1,quantile,3.96654437489057
hospital admissions,EE,2025-09-03,2025-08-31,0.6,1,quantile,4.79238957798108
hospital admissions,EE,2025-09-03,2025-08-31,0.65,1,quantile,5.71113501653159
hospital admissions,EE,2025-09-03,2025-08-31,0.7,1,quantile,6.62422175757538
hospital admissions,EE,2025-09-03,2025-08-31,0.75,1,quantile,7.58999456210988
hospital admissions,EE,2025-09-03,2025-08-31,0.8,1,quantile,8.81267638924269
hospital admissions,EE,2025-09-03,2025-08-31,0.85,1,quantile,10.597880069258
hospital admissions,EE,2025-09-03,2025-08-31,0.9,1,quantile,13.2129628096095
hospital admissions,EE,2025-09-03,2025-08-31,0.95,1,quantile,17.5401035791252
hospital admissions,EE,2025-09-03,2025-08-31,0.975,1,quantile,22.2562558757509
hospital admissions,EE,2025-09-03,2025-08-31,0.99,1,quantile,28.8093023285456
hospital admissions,EE,2025-09-03,2025-09-07,0.01,2,quantile,0
hospital admissions,EE,2025-09-03,2025-09-07,0.025,2,quantile,0
hospital admissions,EE,2025-09-03,2025-09-07,0.05,2,quantile,0
hospital admissions,EE,2025-09-03,2025-09-07,0.1,2,quantile,0
hospital admissions,EE,2025-09-03,2025-09-07,0.15,2,quantile,0
hospital admissions,EE,2025-09-03,2025-09-07,0.2,2,quantile,0.377113700796832
hospital admissions,EE,2025-09-03,2025-09-07,0.25,2,quantile,0.951179934215591
hospital admissions,EE,2025-09-03,2025-09-07,0.3,2,quantile,1.30607374421375
hospital admissions,EE,2025-09-03,2025-09-07,0.35,2,quantile,1.7822433704852
hospital admissions,EE,2025-09-03,2025-09-07,0.4,2,quantile,2.22837226334374
hospital admissions,EE,2025-09-03,2025-09-07,0.45,2,quantile,2.76862395305747
hospital admissions,EE,2025-09-03,2025-09-07,0.5,2,quantile,3.5668852574733
hospital admissions,EE,2025-09-03,2025-09-07,0.55,2,quantile,4.53660152887499
hospital admissions,EE,2025-09-03,2025-09-07,0.6,2,quantile,5.51343696388425
hospital admissions,EE,2025-09-03,2025-09-07,0.65,2,quantile,6.38392669731919
hospital admissions,EE,2025-09-03,2025-09-07,0.7,2,quantile,7.8537064812139
hospital admissions,EE,2025-09-03,2025-09-07,0.75,2,quantile,9.63890276729276
hospital admissions,EE,2025-09-03,2025-09-07,0.8,2,quantile,11.6683387891591
hospital admissions,EE,2025-09-03,2025-09-07,0.85,2,quantile,13.9960989185659
hospital admissions,EE,2025-09-03,2025-09-07,0.9,2,quantile,17.683020707669
hospital admissions,EE,2025-09-03,2025-09-07,0.95,2,quantile,25.3828451641133
hospital admissions,EE,2025-09-03,2025-09-07,0.975,2,quantile,32.6176566060831
hospital admissions,EE,2025-09-03,2025-09-07,0.99,2,quantile,39.6837202852542
hospital admissions,EE,2025-09-03,2025-09-14,0.01,3,quantile,0
hospital admissions,EE,2025-09-03,2025-09-14,0.025,3,quantile,0
hospital admissions,EE,2025-09-03,2025-09-14,0.05,3,quantile,0
hospital admissions,EE,2025-09-03,2025-09-14,0.1,3,quantile,0
hospital admissions,EE,2025-09-03,2025-09-14,0.15,3,quantile,0
hospital admissions,EE,2025-09-03,2025-09-14,0.2,3,quantile,0.216891383269858
hospital admissions,EE,2025-09-03,2025-09-14,0.25,3,quantile,0.618344043133228
hospital admissions,EE,2025-09-03,2025-09-14,0.3,3,quantile,1.21271298998355
hospital admissions,EE,2025-09-03,2025-09-14,0.35,3,quantile,1.8050319769465
hospital admissions,EE,2025-09-03,2025-09-14,0.4,3,quantile,2.44583756237788
hospital admissions,EE,2025-09-03,2025-09-14,0.45,3,quantile,3.19470222906641
hospital admissions,EE,2025-09-03,2025-09-14,0.5,3,quantile,4.01798543776084
hospital admissions,EE,2025-09-03,2025-09-14,0.55,3,quantile,4.92043073311514
hospital admissions,EE,2025-09-03,2025-09-14,0.6,3,quantile,6.18467833725475
hospital admissions,EE,2025-09-03,2025-09-14,0.65,3,quantile,7.46930347361922
hospital admissions,EE,2025-09-03,2025-09-14,0.7,3,quantile,9.12468201301306
hospital admissions,EE,2025-09-03,2025-09-14,0.75,3,quantile,11.4611181111065
hospital admissions,EE,2025-09-03,2025-09-14,0.8,3,quantile,14.3882040760541
hospital admissions,EE,2025-09-03,2025-09-14,0.85,3,quantile,18.2149288099354
hospital admissions,EE,2025-09-03,2025-09-14,0.9,3,quantile,24.3579750475098
hospital admissions,EE,2025-09-03,2025-09-14,0.95,3,quantile,32.4699183964102
hospital admissions,EE,2025-09-03,2025-09-14,0.975,3,quantile,45.8474094528565
hospital admissions,EE,2025-09-03,2025-09-14,0.99,3,quantile,63.6869655515239
hospital admissions,EE,2025-09-03,2025-09-21,0.01,4,quantile,0
hospital admissions,EE,2025-09-03,2025-09-21,0.025,4,quantile,0
hospital admissions,EE,2025-09-03,2025-09-21,0.05,4,quantile,0
hospital admissions,EE,2025-09-03,2025-09-21,0.1,4,quantile,0
hospital admissions,EE,2025-09-03,2025-09-21,0.15,4,quantile,0
hospital admissions,EE,2025-09-03,2025-09-21,0.2,4,quantile,0
hospital admissions,EE,2025-09-03,2025-09-21,0.25,4,quantile,0.140045512981483
hospital admissions,EE,2025-09-03,2025-09-21,0.3,4,quantile,0.872913542872265
hospital admissions,EE,2025-09-03,2025-09-21,0.35,4,quantile,1.68233218569992
hospital admissions,EE,2025-09-03,2025-09-21,0.4,4,quantile,2.36173223235675
hospital admissions,EE,2025-09-03,2025-09-21,0.45,4,quantile,3.30066546657141
hospital admissions,EE,2025-09-03,2025-09-21,0.5,4,quantile,4.54654781049584
hospital admissions,EE,2025-09-03,2025-09-21,0.55,4,quantile,5.56583490667668
hospital admissions,EE,2025-09-03,2025-09-21,0.6,4,quantile,6.7381646720852
hospital admissions,EE,2025-09-03,2025-09-21,0.65,4,quantile,8.42704142702674
hospital admissions,EE,2025-09-03,2025-09-21,0.7,4,quantile,10.4065940309711
hospital admissions,EE,2025-09-03,2025-09-21,0.75,4,quantile,13.594088359303
hospital admissions,EE,2025-09-03,2025-09-21,0.8,4,quantile,17.3519257566034
hospital admissions,EE,2025-09-03,2025-09-21,0.85,4,quantile,22.2839691344613
hospital admissions,EE,2025-09-03,2025-09-21,0.9,4,quantile,28.9088802939161
hospital admissions,EE,2025-09-03,2025-09-21,0.95,4,quantile,44.9512120746869
hospital admissions,EE,2025-09-03,2025-09-21,0.975,4,quantile,60.8433780966071
hospital admissions,EE,2025-09-03,2025-09-21,0.99,4,quantile,87.6449996795426
hospital admissions,EE,2025-09-03,2025-08-31,,1,median,3.18519133373932
hospital admissions,EE,2025-09-03,2025-09-07,,2,median,3.5668852574733
hospital admissions,EE,2025-09-03,2025-09-14,,3,median,4.01798543776084
hospital admissions,EE,2025-09-03,2025-09-21,,4,median,4.54654781049584
hospital admissions,GR,2025-09-03,2025-08-31,0.01,1,quantile,136.643886108118
hospital admissions,GR,2025-09-03,2025-08-31,0.025,1,quantile,146.922708743422
hospital admissions,GR,2025-09-03,2025-08-31,0.05,1,quantile,160.93252472182
hospital admissions,GR,2025-09-03,2025-08-31,0.1,1,quantile,178.871256252036
hospital admissions,GR,2025-09-03,2025-08-31,0.15,1,quantile,193.051698687285
hospital admissions,GR,2025-09-03,2025-08-31,0.2,1,quantile,204.663690438251
hospital admissions,GR,2025-09-03,2025-08-31,0.25,1,quantile,215.144676067724
hospital admissions,GR,2025-09-03,2025-08-31,0.3,1,quantile,225.73830521439
hospital admissions,GR,2025-09-03,2025-08-31,0.35,1,quantile,234.878162256078
hospital admissions,GR,2025-09-03,2025-08-31,0.4,1,quantile,242.867447197963
hospital admissions,GR,2025-09-03,2025-08-31,0.45,1,quantile,250.199413525332
hospital admissions,GR,2025-09-03,2025-08-31,0.5,1,quantile,257.299453335156
hospital admissions,GR,2025-09-03,2025-08-31,0.55,1,quantile,264.820153917501
hospital admissions,GR,2025-09-03,2025-08-31,0.6,1,quantile,273.312600510085
hospital admissions,GR,2025-09-03,2025-08-31,0.65,1,quantile,284.545537744255
hospital admissions,GR,2025-09-03,2025-08-31,0.7,1,quantile,296.934081672793
hospital admissions,GR,2025-09-03,2025-08-31,0.75,1,quantile,309.161826467531
hospital admissions,GR,2025-09-03,2025-08-31,0.8,1,quantile,322.849835208792
hospital admissions,GR,2025-09-03,2025-08-31,0.85,1,quantile,336.828892457425
hospital admissions,GR,2025-09-03,2025-08-31,0.9,1,quantile,358.636974205479
hospital admissions,GR,2025-09-03,2025-08-31,0.95,1,quantile,384.19163793209
hospital admissions,GR,2025-09-03,2025-08-31,0.975,1,quantile,417.664685280422
hospital admissions,GR,2025-09-03,2025-08-31,0.99,1,quantile,452.889355897206
hospital admissions,GR,2025-09-03,2025-09-07,0.01,2,quantile,108.651987455926
hospital admissions,GR,2025-09-03,2025-09-07,0.025,2,quantile,129.460955579943
hospital admissions,GR,2025-09-03,2025-09-07,0.05,2,quantile,147.271173279064
hospital admissions,GR,2025-09-03,2025-09-07,0.1,2,quantile,166.714109688899
hospital admissions,GR,2025-09-03,2025-09-07,0.15,2,quantile,184.901201343635
hospital admissions,GR,2025-09-03,2025-09-07,0.2,2,quantile,203.381425751289
hospital admissions,GR,2025-09-03,2025-09-07,0.25,2,quantile,217.012625705365
hospital admissions,GR,2025-09-03,2025-09-07,0.3,2,quantile,233.988102464685
hospital admissions,GR,2025-09-03,2025-09-07,0.35,2,quantile,244.726521044797
hospital admissions,GR,2025-09-03,2025-09-07,0.4,2,quantile,258.484478014372
hospital admissions,GR,2025-09-03,2025-09-07,0.45,2,quantile,270.074679498613
hospital admissions,GR,2025-09-03,2025-09-07,0.5,2,quantile,282.442557014253
hospital admissions,GR,2025-09-03,2025-09-07,0.55,2,quantile,296.937333924606
hospital admissions,GR,2025-09-03,2025-09-07,0.6,2,quantile,310.579253588041
hospital admissions,GR,2025-09-03,2025-09-07,0.65,2,quantile,329.106675290819
hospital admissions,GR,2025-09-03,2025-09-07,0.7,2,quantile,347.003184434901
hospital admissions,GR,2025-09-03,2025-09-07,0.75,2,quantile,365.86992063658
hospital admissions,GR,2025-09-03,2025-09-07,0.8,2,quantile,387.912467659875
hospital admissions,GR,2025-09-03,2025-09-07,0.85,2,quantile,414.240482955304
hospital admissions,GR,2025-09-03,2025-09-07,0.9,2,quantile,459.21251238424
hospital admissions,GR,2025-09-03,2025-09-07,0.95,2,quantile,530.66105671437
hospital admissions,GR,2025-09-03,2025-09-07,0.975,2,quantile,583.819192208325
hospital admissions,GR,2025-09-03,2025-09-07,0.99,2,quantile,659.174841423465
hospital admissions,GR,2025-09-03,2025-09-14,0.01,3,quantile,99.2013770584077
hospital admissions,GR,2025-09-03,2025-09-14,0.025,3,quantile,120.774630431073
hospital admissions,GR,2025-09-03,2025-09-14,0.05,3,quantile,133.387451809425
hospital admissions,GR,2025-09-03,2025-09-14,0.1,3,quantile,156.934301014625
hospital admissions,GR,2025-09-03,2025-09-14,0.15,3,quantile,186.868501773923
hospital admissions,GR,2025-09-03,2025-09-14,0.2,3,quantile,205.744964004888
hospital admissions,GR,2025-09-03,2025-09-14,0.25,3,quantile,224.575789717546
hospital admissions,GR,2025-09-03,2025-09-14,0.3,3,quantile,238.208331920132
hospital admissions,GR,2025-09-03,2025-09-14,0.35,3,quantile,255.875947788152
hospital admissions,GR,2025-09-03,2025-09-14,0.4,3,quantile,275.982895123997
hospital admissions,GR,2025-09-03,2025-09-14,0.45,3,quantile,290.873615838414
hospital admissions,GR,2025-09-03,2025-09-14,0.5,3,quantile,309.492996335509
hospital admissions,GR,2025-09-03,2025-09-14,0.55,3,quantile,334.630278273549
hospital admissions,GR,2025-09-03,2025-09-14,0.6,3,quantile,357.063511752139
hospital admissions,GR,2025-09-03,2025-09-14,0.65,3,quantile,380.434116902655
hospital admissions,GR,2025-09-03,2025-09-14,0.7,3,quantile,401.031126108919
hospital admissions,GR,2025-09-03,2025-09-14,0.75,3,quantile,433.852354465202
hospital admissions,GR,2025-09-03,2025-09-14,0.8,3,quantile,464.484704216091
hospital admissions,GR,2025-09-03,2025-09-14,0.85,3,quantile,518.163969771563
hospital admissions,GR,2025-09-03,2025-09-14,0.9,3,quantile,581.953272344926
hospital admissions,GR,2025-09-03,2025-09-14,0.95,3,quantile,683.381091663661
hospital admissions,GR,2025-09-03,2025-09-14,0.975,3,quantile,770.431116454396
hospital admissions,GR,2025-09-03,2025-09-14,0.99,3,quantile,882.521820535446
hospital admissions,GR,2025-09-03,2025-09-21,0.01,4,quantile,86.5823538257201
hospital admissions,GR,2025-09-03,2025-09-21,0.025,4,quantile,104.201685381754
hospital admissions,GR,2025-09-03,2025-09-21,0.05,4,quantile,120.455280907299
hospital admissions,GR,2025-09-03,2025-09-21,0.1,4,quantile,151.031601421339
hospital admissions,GR,2025-09-03,2025-09-21,0.15,4,quantile,180.208136200966
hospital admissions,GR,2025-09-03,2025-09-21,0.2,4,quantile,207.218798084827
hospital admissions,GR,2025-09-03,2025-09-21,0.25,4,quantile,224.664721499325
hospital admissions,GR,2025-09-03,2025-09-21,0.3,4,quantile,246.560548889386
hospital admissions,GR,2025-09-03,2025-09-21,0.35,4,quantile,265.653693718979
hospital admissions,GR,2025-09-03,2025-09-21,0.4,4,quantile,289.182012769103
hospital admissions,GR,2025-09-03,2025-09-21,0.45,4,quantile,312.03553908498
hospital admissions,GR,2025-09-03,2025-09-21,0.5,4,quantile,338.161737819033
hospital admissions,GR,2025-09-03,2025-09-21,0.55,4,quantile,367.144387382744
hospital admissions,GR,2025-09-03,2025-09-21,0.6,4,quantile,393.741258688175
hospital admissions,GR,2025-09-03,2025-09-21,0.65,4,quantile,417.523829882362
hospital admissions,GR,2025-09-03,2025-09-21,0.7,4,quantile,450.684982818979
hospital admissions,GR,2025-09-03,2025-09-21,0.75,4,quantile,489.711876619033
hospital admissions,GR,2025-09-03,2025-09-21,0.8,4,quantile,536.166925020306
hospital admissions,GR,2025-09-03,2025-09-21,0.85,4,quantile,611.786663524406
hospital admissions,GR,2025-09-03,2025-09-21,0.9,4,quantile,694.083205805584
hospital admissions,GR,2025-09-03,2025-09-21,0.95,4,quantile,843.400469144534
hospital admissions,GR,2025-09-03,2025-09-21,0.975,4,quantile,980.605673295642
hospital admissions,GR,2025-09-03,2025-09-21,0.99,4,quantile,1131.98096525963
hospital admissions,GR,2025-09-03,2025-08-31,,1,median,257.299453335156
hospital admissions,GR,2025-09-03,2025-09-07,,2,median,282.442557014253
hospital admissions,GR,2025-09-03,2025-09-14,,3,median,309.492996335509
hospital admissions,GR,2025-09-03,2025-09-21,,4,median,338.161737819033
hospital admissions,IE,2025-09-03,2025-08-31,0.01,1,quantile,118.575748596544
hospital admissions,IE,2025-09-03,2025-08-31,0.025,1,quantile,127.115474800247
hospital admissions,IE,2025-09-03,2025-08-31,0.05,1,quantile,135.641162891301
hospital admissions,IE,2025-09-03,2025-08-31,0.1,1,quantile,145.961308261536
hospital admissions,IE,2025-09-03,2025-08-31,0.15,1,quantile,154.212148349355
hospital admissions,IE,2025-09-03,2025-08-31,0.2,1,quantile,161.392043059991
hospital admissions,IE,2025-09-03,2025-08-31,0.25,1,quantile,166.752564778506
hospital admissions,IE,2025-09-03,2025-08-31,0.3,1,quantile,171.743178070787
hospital admissions,IE,2025-09-03,2025-08-31,0.35,1,quantile,178.380229953214
hospital admissions,IE,2025-09-03,2025-08-31,0.4,1,quantile,182.787725809087
hospital admissions,IE,2025-09-03,2025-08-31,0.45,1,quantile,187.552811862695
hospital admissions,IE,2025-09-03,2025-08-31,0.5,1,quantile,192.720729970874
hospital admissions,IE,2025-09-03,2025-08-31,0.55,1,quantile,196.995349083726
hospital admissions,IE,2025-09-03,2025-08-31,0.6,1,quantile,202.55988017796
hospital admissions,IE,2025-09-03,2025-08-31,0.65,1,quantile,207.903022820789
hospital admissions,IE,2025-09-03,2025-08-31,0.7,1,quantile,212.208336218902
hospital admissions,IE,2025-09-03,2025-08-31,0.75,1,quantile,219.306119237696
hospital admissions,IE,2025-09-03,2025-08-31,0.8,1,quantile,227.60358985644
hospital admissions,IE,2025-09-03,2025-08-31,0.85,1,quantile,236.155117290352
hospital admissions,IE,2025-09-03,2025-08-31,0.9,1,quantile,249.275101465031
hospital admissions,IE,2025-09-03,2025-08-31,0.95,1,quantile,268.246801596651
hospital admissions,IE,2025-09-03,2025-08-31,0.975,1,quantile,280.491510668034
hospital admissions,IE,2025-09-03,2025-08-31,0.99,1,quantile,306.011425378352
hospital admissions,IE,2025-09-03,2025-09-07,0.01,2,quantile,93.0247172446171
hospital admissions,IE,2025-09-03,2025-09-07,0.025,2,quantile,102.026319305054
hospital admissions,IE,2025-09-03,2025-09-07,0.05,2,quantile,112.228822124812
hospital admissions,IE,2025-09-03,2025-09-07,0.1,2,quantile,126.367839599531
hospital admissions,IE,2025-09-03,2025-09-07,0.15,2,quantile,138.280234500472
hospital admissions,IE,2025-09-03,2025-09-07,0.2,2,quantile,149.865672867942
hospital admissions,IE,2025-09-03,2025-09-07,0.25,2,quantile,156.765252120463
hospital admissions,IE,2025-09-03,2025-09-07,0.3,2,quantile,166.502166753136
hospital admissions,IE,2025-09-03,2025-09-07,0.35,2,quantile,172.369766294911
hospital admissions,IE,2025-09-03,2025-09-07,0.4,2,quantile,178.644400965382
hospital admissions,IE,2025-09-03,2025-09-07,0.45,2,quantile,185.062603845545
hospital admissions,IE,2025-09-03,2025-09-07,0.5,2,quantile,192.309205550632
hospital admissions,IE,2025-09-03,2025-09-07,0.55,2,quantile,199.115430049472
hospital admissions,IE,2025-09-03,2025-09-07,0.6,2,quantile,206.581185347238
hospital admissions,IE,2025-09-03,2025-09-07,0.65,2,quantile,214.679664599997
hospital admissions,IE,2025-09-03,2025-09-07,0.7,2,quantile,224.493507269449
hospital admissions,IE,2025-09-03,2025-09-07,0.75,2,quantile,236.012951741978
hospital admissions,IE,2025-09-03,2025-09-07,0.8,2,quantile,245.936081539285
hospital admissions,IE,2025-09-03,2025-09-07,0.85,2,quantile,259.239409377383
hospital admissions,IE,2025-09-03,2025-09-07,0.9,2,quantile,279.096891457297
hospital admissions,IE,2025-09-03,2025-09-07,0.95,2,quantile,312.571892817885
hospital admissions,IE,2025-09-03,2025-09-07,0.975,2,quantile,335.274903212653
hospital admissions,IE,2025-09-03,2025-09-07,0.99,2,quantile,364.104680362786
hospital admissions,IE,2025-09-03,2025-09-14,0.01,3,quantile,71.6849572507263
hospital admissions,IE,2025-09-03,2025-09-14,0.025,3,quantile,90.0912659184835
hospital admissions,IE,2025-09-03,2025-09-14,0.05,3,quantile,99.8192793804369
hospital admissions,IE,2025-09-03,2025-09-14,0.1,3,quantile,111.719569522909
hospital admissions,IE,2025-09-03,2025-09-14,0.15,3,quantile,122.823813779639
hospital admissions,IE,2025-09-03,2025-09-14,0.2,3,quantile,134.396925770821
hospital admissions,IE,2025-09-03,2025-09-14,0.25,3,quantile,146.107783334948
hospital admissions,IE,2025-09-03,2025-09-14,0.3,3,quantile,155.833475123457
hospital admissions,IE,2025-09-03,2025-09-14,0.35,3,quantile,164.793512182299
hospital admissions,IE,2025-09-03,2025-09-14,0.4,3,quantile,173.144647835831
hospital admissions,IE,2025-09-03,2025-09-14,0.45,3,quantile,181.911576507229
hospital admissions,IE,2025-09-03,2025-09-14,0.5,3,quantile,190.970094781325
hospital admissions,IE,2025-09-03,2025-09-14,0.55,3,quantile,200.375015313497
hospital admissions,IE,2025-09-03,2025-09-14,0.6,3,quantile,209.105378259957
hospital admissions,IE,2025-09-03,2025-09-14,0.65,3,quantile,218.83913723068
hospital admissions,IE,2025-09-03,2025-09-14,0.7,3,quantile,229.404289943644
hospital admissions,IE,2025-09-03,2025-09-14,0.75,3,quantile,246.076786436369
hospital admissions,IE,2025-09-03,2025-09-14,0.8,3,quantile,261.91524787828
hospital admissions,IE,2025-09-03,2025-09-14,0.85,3,quantile,278.203463650873
hospital admissions,IE,2025-09-03,2025-09-14,0.9,3,quantile,302.35600945705
hospital admissions,IE,2025-09-03,2025-09-14,0.95,3,quantile,342.065675968669
hospital admissions,IE,2025-09-03,2025-09-14,0.975,3,quantile,388.053344245932
hospital admissions,IE,2025-09-03,2025-09-14,0.99,3,quantile,441.909074556967
hospital admissions,IE,2025-09-03,2025-09-21,0.01,4,quantile,58.518204144984
hospital admissions,IE,2025-09-03,2025-09-21,0.025,4,quantile,71.6624695985553
hospital admissions,IE,2025-09-03,2025-09-21,0.05,4,quantile,85.3986209247796
hospital admissions,IE,2025-09-03,2025-09-21,0.1,4,quantile,101.611607939294
hospital admissions,IE,2025-09-03,2025-09-21,0.15,4,quantile,114.036854486542
hospital admissions,IE,2025-09-03,2025-09-21,0.2,4,quantile,123.549351001608
hospital admissions,IE,2025-09-03,2025-09-21,0.25,4,quantile,135.401562138182
hospital admissions,IE,2025-09-03,2025-09-21,0.3,4,quantile,148.123933667855
hospital admissions,IE,2025-09-03,2025-09-21,0.35,4,quantile,156.782267390926
hospital admissions,IE,2025-09-03,2025-09-21,0.4,4,quantile,170.048951667965
hospital admissions,IE,2025-09-03,2025-09-21,0.45,4,quantile,181.014220817748
hospital admissions,IE,2025-09-03,2025-09-21,0.5,4,quantile,188.848472194497
hospital admissions,IE,2025-09-03,2025-09-21,0.55,4,quantile,201.023003886117
hospital admissions,IE,2025-09-03,2025-09-21,0.6,4,quantile,211.972006193013
hospital admissions,IE,2025-09-03,2025-09-21,0.65,4,quantile,226.404444457675
hospital admissions,IE,2025-09-03,2025-09-21,0.7,4,quantile,241.863625290492
hospital admissions,IE,2025-09-03,2025-09-21,0.75,4,quantile,256.52169847536
hospital admissions,IE,2025-09-03,2025-09-21,0.8,4,quantile,275.072719786445
hospital admissions,IE,2025-09-03,2025-09-21,0.85,4,quantile,297.668006531626
hospital admissions,IE,2025-09-03,2025-09-21,0.9,4,quantile,327.403760232034
hospital admissions,IE,2025-09-03,2025-09-21,0.95,4,quantile,380.690397219105
hospital admissions,IE,2025-09-03,2025-09-21,0.975,4,quantile,416.007185243327
hospital admissions,IE,2025-09-03,2025-09-21,0.99,4,quantile,499.324579498726
hospital admissions,IE,2025-09-03,2025-08-31,,1,median,192.720729970874
hospital admissions,IE,2025-09-03,2025-09-07,,2,median,192.309205550632
hospital admissions,IE,2025-09-03,2025-09-14,,3,median,190.970094781325
hospital admissions,IE,2025-09-03,2025-09-21,,4,median,188.848472194497
hospital admissions,LV,2025-09-03,2025-08-31,0.01,1,quantile,6.14264708409029
hospital admissions,LV,2025-09-03,2025-08-31,0.025,1,quantile,10.2913818589837
hospital admissions,LV,2025-09-03,2025-08-31,0.05,1,quantile,12.797549592511
hospital admissions,LV,2025-09-03,2025-08-31,0.1,1,quantile,16.3521720403691
hospital admissions,LV,2025-09-03,2025-08-31,0.15,1,quantile,19.141017951716
hospital admissions,LV,2025-09-03,2025-08-31,0.2,1,quantile,21.2176063370337
hospital admissions,LV,2025-09-03,2025-08-31,0.25,1,quantile,22.9379123520189
hospital admissions,LV,2025-09-03,2025-08-31,0.3,1,quantile,24.6221006549032
hospital admissions,LV,2025-09-03,2025-08-31,0.35,1,quantile,26.3502294644892
hospital admissions,LV,2025-09-03,2025-08-31,0.4,1,quantile,28.3413810917468
hospital admissions,LV,2025-09-03,2025-08-31,0.45,1,quantile,30.0172583037598
hospital admissions,LV,2025-09-03,2025-08-31,0.5,1,quantile,32.2417160689173
hospital admissions,LV,2025-09-03,2025-08-31,0.55,1,quantile,34.0655706200561
hospital admissions,LV,2025-09-03,2025-08-31,0.6,1,quantile,35.8661534480785
hospital admissions,LV,2025-09-03,2025-08-31,0.65,1,quantile,38.0881236924422
hospital admissions,LV,2025-09-03,2025-08-31,0.7,1,quantile,40.5424712265284
hospital admissions,LV,2025-09-03,2025-08-31,0.75,1,quantile,42.8942883659037
hospital admissions,LV,2025-09-03,2025-08-31,0.8,1,quantile,45.8224999270767
hospital admissions,LV,2025-09-03,2025-08-31,0.85,1,quantile,49.8362378631609
hospital admissions,LV,2025-09-03,2025-08-31,0.9,1,quantile,55.1883506385157
hospital admissions,LV,2025-09-03,2025-08-31,0.95,1,quantile,63.6785659981562
hospital admissions,LV,2025-09-03,2025-08-31,0.975,1,quantile,70.5510153434135
hospital admissions,LV,2025-09-03,2025-08-31,0.99,1,quantile,80.6881831968822
hospital admissions,LV,2025-09-03,2025-09-07,0.01,2,quantile,8.04214358889244
hospital admissions,LV,2025-09-03,2025-09-07,0.025,2,quantile,10.6161398059121
hospital admissions,LV,2025-09-03,2025-09-07,0.05,2,quantile,12.9680878498216
hospital admissions,LV,2025-09-03,2025-09-07,0.1,2,quantile,16.3128181254283
hospital admissions,LV,2025-09-03,2025-09-07,0.15,2,quantile,19.6277507960715
hospital admissions,LV,2025-09-03,2025-09-07,0.2,2,quantile,22.3440270533077
hospital admissions,LV,2025-09-03,2025-09-07,0.25,2,quantile,24.5358486663074
hospital admissions,LV,2025-09-03,2025-09-07,0.3,2,quantile,27.2258563239758
hospital admissions,LV,2025-09-03,2025-09-07,0.35,2,quantile,29.4002566896445
hospital admissions,LV,2025-09-03,2025-09-07,0.4,2,quantile,32.2708727906777
hospital admissions,LV,2025-09-03,2025-09-07,0.45,2,quantile,34.8563070019034
hospital admissions,LV,2025-09-03,2025-09-07,0.5,2,quantile,36.6635405677872
hospital admissions,LV,2025-09-03,2025-09-07,0.55,2,quantile,39.8051530779873
hospital admissions,LV,2025-09-03,2025-09-07,0.6,2,quantile,42.6580511168358
hospital admissions,LV,2025-09-03,2025-09-07,0.65,2,quantile,46.283815424593
hospital admissions,LV,2025-09-03,2025-09-07,0.7,2,quantile,50.4857293914107
hospital admissions,LV,2025-09-03,2025-09-07,0.75,2,quantile,55.2430587750864
hospital admissions,LV,2025-09-03,2025-09-07,0.8,2,quantile,60.4768242715817
hospital admissions,LV,2025-09-03,2025-09-07,0.85,2,quantile,67.1392440199005
hospital admissions,LV,2025-09-03,2025-09-07,0.9,2,quantile,76.7692502306951
hospital admissions,LV,2025-09-03,2025-09-07,0.95,2,quantile,89.9129007760151
hospital admissions,LV,2025-09-03,2025-09-07,0.975,2,quantile,101.179730750742
hospital admissions,LV,2025-09-03,2025-09-07,0.99,2,quantile,131.746570680281
hospital admissions,LV,2025-09-03,2025-09-14,0.01,3,quantile,8.86653947306036
hospital admissions,LV,2025-09-03,2025-09-14,0.025,3,quantile,11.1708292960297
hospital admissions,LV,2025-09-03,2025-09-14,0.05,3,quantile,13.4722211086002
hospital admissions,LV,2025-09-03,2025-09-14,0.1,3,quantile,17.1189728372191
hospital admissions,LV,2025-09-03,2025-09-14,0.15,3,quantile,20.0985442050854
hospital admissions,LV,2025-09-03,2025-09-14,0.2,3,quantile,23.0976583043866
hospital admissions,LV,2025-09-03,2025-09-14,0.25,3,quantile,25.7452351382776
hospital admissions,LV,2025-09-03,2025-09-14,0.3,3,quantile,28.328624315331
hospital admissions,LV,2025-09-03,2025-09-14,0.35,3,quantile,31.1646669494383
hospital admissions,LV,2025-09-03,2025-09-14,0.4,3,quantile,34.190661628675
hospital admissions,LV,2025-09-03,2025-09-14,0.45,3,quantile,37.7364994914114
hospital admissions,LV,2025-09-03,2025-09-14,0.5,3,quantile,41.3056357836183
hospital admissions,LV,2025-09-03,2025-09-14,0.55,3,quantile,45.0542638338796
hospital admissions,LV,2025-09-03,2025-09-14,0.6,3,quantile,49.0731711514264
hospital admissions,LV,2025-09-03,2025-09-14,0.65,3,quantile,53.7869918651723
hospital admissions,LV,2025-09-03,2025-09-14,0.7,3,quantile,59.1530985455655
hospital admissions,LV,2025-09-03,2025-09-14,0.75,3,quantile,64.9314760185861
hospital admissions,LV,2025-09-03,2025-09-14,0.8,3,quantile,73.7158952614464
hospital admissions,LV,2025-09-03,2025-09-14,0.85,3,quantile,84.8848530926782
hospital admissions,LV,2025-09-03,2025-09-14,0.9,3,quantile,98.8480388023321
hospital admissions,LV,2025-09-03,2025-09-14,0.95,3,quantile,122.840556708991
hospital admissions,LV,2025-09-03,2025-09-14,0.975,3,quantile,137.237357510627
hospital admissions,LV,2025-09-03,2025-09-14,0.99,3,quantile,180.1660547689
hospital admissions,LV,2025-09-03,2025-09-21,0.01,4,quantile,9.46886985909009
hospital admissions,LV,2025-09-03,2025-09-21,0.025,4,quantile,11.5862304015916
hospital admissions,LV,2025-09-03,2025-09-21,0.05,4,quantile,14.6113758759609
hospital admissions,LV,2025-09-03,2025-09-21,0.1,4,quantile,18.4712191713446
hospital admissions,LV,2025-09-03,2025-09-21,0.15,4,quantile,21.8427452199916
hospital admissions,LV,2025-09-03,2025-09-21,0.2,4,quantile,24.9553599033535
hospital admissions,LV,2025-09-03,2025-09-21,0.25,4,quantile,27.4736635518733
hospital admissions,LV,2025-09-03,2025-09-21,0.3,4,quantile,30.7722629901993
hospital admissions,LV,2025-09-03,2025-09-21,0.35,4,quantile,33.4423702458905
hospital admissions,LV,2025-09-03,2025-09-21,0.4,4,quantile,38.1889544308875
hospital admissions,LV,2025-09-03,2025-09-21,0.45,4,quantile,42.6674934113653
hospital admissions,LV,2025-09-03,2025-09-21,0.5,4,quantile,46.139228644631
hospital admissions,LV,2025-09-03,2025-09-21,0.55,4,quantile,50.4872546240649
hospital admissions,LV,2025-09-03,2025-09-21,0.6,4,quantile,54.8500446857205
hospital admissions,LV,2025-09-03,2025-09-21,0.65,4,quantile,62.1218604566371
hospital admissions,LV,2025-09-03,2025-09-21,0.7,4,quantile,69.4115858246278
hospital admissions,LV,2025-09-03,2025-09-21,0.75,4,quantile,77.9018863275608
hospital admissions,LV,2025-09-03,2025-09-21,0.8,4,quantile,89.9556972502119
hospital admissions,LV,2025-09-03,2025-09-21,0.85,4,quantile,100.668204106984
hospital admissions,LV,2025-09-03,2025-09-21,0.9,4,quantile,117.808996300987
hospital admissions,LV,2025-09-03,2025-09-21,0.95,4,quantile,144.359742484945
hospital admissions,LV,2025-09-03,2025-09-21,0.975,4,quantile,173.225991492958
hospital admissions,LV,2025-09-03,2025-09-21,0.99,4,quantile,226.777337864167
hospital admissions,LV,2025-09-03,2025-08-31,,1,median,32.2417160689173
hospital admissions,LV,2025-09-03,2025-09-07,,2,median,36.6635405677872
hospital admissions,LV,2025-09-03,2025-09-14,,3,median,41.3056357836183
hospital admissions,LV,2025-09-03,2025-09-21,,4,median,46.139228644631
hospital admissions,MT,2025-09-03,2025-08-31,0.01,1,quantile,1.2529717350958
hospital admissions,MT,2025-09-03,2025-08-31,0.025,1,quantile,1.2529717350958
hospital admissions,MT,2025-09-03,2025-08-31,0.05,1,quantile,1.34614081810852
hospital admissions,MT,2025-09-03,2025-08-31,0.1,1,quantile,1.70947977942287
hospital admissions,MT,2025-09-03,2025-08-31,0.15,1,quantile,2.18095234644424
hospital admissions,MT,2025-09-03,2025-08-31,0.2,1,quantile,2.71996634015581
hospital admissions,MT,2025-09-03,2025-08-31,0.25,1,quantile,3.54381029740073
hospital admissions,MT,2025-09-03,2025-08-31,0.3,1,quantile,4.21595088969645
hospital admissions,MT,2025-09-03,2025-08-31,0.35,1,quantile,5.09728164343843
hospital admissions,MT,2025-09-03,2025-08-31,0.4,1,quantile,5.73979878192902
hospital admissions,MT,2025-09-03,2025-08-31,0.45,1,quantile,6.27270804799714
hospital admissions,MT,2025-09-03,2025-08-31,0.5,1,quantile,7.03271144714712
hospital admissions,MT,2025-09-03,2025-08-31,0.55,1,quantile,7.83172593647553
hospital admissions,MT,2025-09-03,2025-08-31,0.6,1,quantile,8.44369142512131
hospital admissions,MT,2025-09-03,2025-08-31,0.65,1,quantile,9.30911885147712
hospital admissions,MT,2025-09-03,2025-08-31,0.7,1,quantile,10.554175521641
hospital admissions,MT,2025-09-03,2025-08-31,0.75,1,quantile,11.6801385719384
hospital admissions,MT,2025-09-03,2025-08-31,0.8,1,quantile,12.7099347647678
hospital admissions,MT,2025-09-03,2025-08-31,0.85,1,quantile,14.3609807436461
hospital admissions,MT,2025-09-03,2025-08-31,0.9,1,quantile,16.393986624696
hospital admissions,MT,2025-09-03,2025-08-31,0.95,1,quantile,19.7670431817222
hospital admissions,MT,2025-09-03,2025-08-31,0.975,1,quantile,22.0142200560318
hospital admissions,MT,2025-09-03,2025-08-31,0.99,1,quantile,27.4903769208566
hospital admissions,MT,2025-09-03,2025-09-07,0.01,2,quantile,1.56677451317017
hospital admissions,MT,2025-09-03,2025-09-07,0.025,2,quantile,1.56677451317017
hospital admissions,MT,2025-09-03,2025-09-07,0.05,2,quantile,1.59583598300167
hospital admissions,MT,2025-09-03,2025-09-07,0.1,2,quantile,1.8287506903675
hospital admissions,MT,2025-09-03,2025-09-07,0.15,2,quantile,2.10406884275532
hospital admissions,MT,2025-09-03,2025-09-07,0.2,2,quantile,2.48050750376241
hospital admissions,MT,2025-09-03,2025-09-07,0.25,2,quantile,2.88302273295529
hospital admissions,MT,2025-09-03,2025-09-07,0.3,2,quantile,3.32483016262767
hospital admissions,MT,2025-09-03,2025-09-07,0.35,2,quantile,4.04321590195866
hospital admissions,MT,2025-09-03,2025-09-07,0.4,2,quantile,4.71524087299982
hospital admissions,MT,2025-09-03,2025-09-07,0.45,2,quantile,5.5257354901352
hospital admissions,MT,2025-09-03,2025-09-07,0.5,2,quantile,6.29048522562565
hospital admissions,MT,2025-09-03,2025-09-07,0.55,2,quantile,7.21891037671558
hospital admissions,MT,2025-09-03,2025-09-07,0.6,2,quantile,8.0634933523298
hospital admissions,MT,2025-09-03,2025-09-07,0.65,2,quantile,8.93002781561448
hospital admissions,MT,2025-09-03,2025-09-07,0.7,2,quantile,9.77478027911259
hospital admissions,MT,2025-09-03,2025-09-07,0.75,2,quantile,10.8609326298007
hospital admissions,MT,2025-09-03,2025-09-07,0.8,2,quantile,12.0575636912025
hospital admissions,MT,2025-09-03,2025-09-07,0.85,2,quantile,13.4907815307136
hospital admissions,MT,2025-09-03,2025-09-07,0.9,2,quantile,16.1156457514165
hospital admissions,MT,2025-09-03,2025-09-07,0.95,2,quantile,19.2913876085367
hospital admissions,MT,2025-09-03,2025-09-07,0.975,2,quantile,23.3424229877913
hospital admissions,MT,2025-09-03,2025-09-07,0.99,2,quantile,30.0698777233062
hospital admissions,MT,2025-09-03,2025-09-14,0.01,3,quantile,2.20995980262172
hospital admissions,MT,2025-09-03,2025-09-14,0.025,3,quantile,2.20995980262172
hospital admissions,MT,2025-09-03,2025-09-14,0.05,3,quantile,2.20995980262172
hospital admissions,MT,2025-09-03,2025-09-14,0.1,3,quantile,2.39269365192835
hospital admissions,MT,2025-09-03,2025-09-14,0.15,3,quantile,2.57003950627201
hospital admissions,MT,2025-09-03,2025-09-14,0.2,3,quantile,2.76550824858229
hospital admissions,MT,2025-09-03,2025-09-14,0.25,3,quantile,3.03236445314384
hospital admissions,MT,2025-09-03,2025-09-14,0.3,3,quantile,3.40979447897676
hospital admissions,MT,2025-09-03,2025-09-14,0.35,3,quantile,3.94105593359688
hospital admissions,MT,2025-09-03,2025-09-14,0.4,3,quantile,4.5209048876271
hospital admissions,MT,2025-09-03,2025-09-14,0.45,3,quantile,5.00644755424596
hospital admissions,MT,2025-09-03,2025-09-14,0.5,3,quantile,5.74468367184607
hospital admissions,MT,2025-09-03,2025-09-14,0.55,3,quantile,6.61005968872407
hospital admissions,MT,2025-09-03,2025-09-14,0.6,3,quantile,7.40618887763564
hospital admissions,MT,2025-09-03,2025-09-14,0.65,3,quantile,8.5053183600636
hospital admissions,MT,2025-09-03,2025-09-14,0.7,3,quantile,9.58856388163247
hospital admissions,MT,2025-09-03,2025-09-14,0.75,3,quantile,10.492363707088
hospital admissions,MT,2025-09-03,2025-09-14,0.8,3,quantile,12.0292563485871
hospital admissions,MT,2025-09-03,2025-09-14,0.85,3,quantile,13.893460751307
hospital admissions,MT,2025-09-03,2025-09-14,0.9,3,quantile,16.7436417279305
hospital admissions,MT,2025-09-03,2025-09-14,0.95,3,quantile,20.4110359397568
hospital admissions,MT,2025-09-03,2025-09-14,0.975,3,quantile,24.6067025886984
hospital admissions,MT,2025-09-03,2025-09-14,0.99,3,quantile,31.9926841326066
hospital admissions,MT,2025-09-03,2025-09-21,0.01,4,quantile,2.55199140233261
hospital admissions,MT,2025-09-03,2025-09-21,0.025,4,quantile,2.55199140233261
hospital admissions,MT,2025-09-03,2025-09-21,0.05,4,quantile,2.55199140233261
hospital admissions,MT,2025-09-03,2025-09-21,0.1,4,quantile,2.65358034944083
hospital admissions,MT,2025-09-03,2025-09-21,0.15,4,quantile,2.79999270754003
hospital admissions,MT,2025-09-03,2025-09-21,0.2,4,quantile,2.9741363161342
hospital admissions,MT,2025-09-03,2025-09-21,0.25,4,quantile,3.1864298573958
hospital admissions,MT,2025-09-03,2025-09-21,0.3,4,quantile,3.48369910905456
hospital admissions,MT,2025-09-03,2025-09-21,0.35,4,quantile,3.74007621579273
hospital admissions,MT,2025-09-03,2025-09-21,0.4,4,quantile,4.25390832572779
hospital admissions,MT,2025-09-03,2025-09-21,0.45,4,quantile,4.69468805446272
hospital admissions,MT,2025-09-03,2025-09-21,0.5,4,quantile,5.34488609648359
hospital admissions,MT,2025-09-03,2025-09-21,0.55,4,quantile,6.0756438298702
hospital admissions,MT,2025-09-03,2025-09-21,0.6,4,quantile,6.84090036708696
hospital admissions,MT,2025-09-03,2025-09-21,0.65,4,quantile,7.62127538620281
hospital admissions,MT,2025-09-03,2025-09-21,0.7,4,quantile,8.97550264371829
hospital admissions,MT,2025-09-03,2025-09-21,0.75,4,quantile,10.4114536325771
hospital admissions,MT,2025-09-03,2025-09-21,0.8,4,quantile,12.2133773850348
hospital admissions,MT,2025-09-03,2025-09-21,0.85,4,quantile,14.4173682703832
hospital admissions,MT,2025-09-03,2025-09-21,0.9,4,quantile,17.6724478247213
hospital admissions,MT,2025-09-03,2025-09-21,0.95,4,quantile,22.0262495928817
hospital admissions,MT,2025-09-03,2025-09-21,0.975,4,quantile,25.6466334621041
hospital admissions,MT,2025-09-03,2025-09-21,0.99,4,quantile,30.0279472542919
hospital admissions,MT,2025-09-03,2025-08-31,,1,median,7.03271144714712
hospital admissions,MT,2025-09-03,2025-09-07,,2,median,6.29048522562565
hospital admissions,MT,2025-09-03,2025-09-14,,3,median,5.74468367184607
hospital admissions,MT,2025-09-03,2025-09-21,,4,median,5.34488609648359
hospital admissions,PL,2025-09-03,2025-08-31,0.01,1,quantile,8.08588397967777
hospital admissions,PL,2025-09-03,2025-08-31,0.025,1,quantile,10.1849665576633
hospital admissions,PL,2025-09-03,2025-08-31,0.05,1,quantile,12.4705678800636
hospital admissions,PL,2025-09-03,2025-08-31,0.1,1,quantile,15.6078072697803
hospital admissions,PL,2025-09-03,2025-08-31,0.15,1,quantile,18.234936026256
hospital admissions,PL,2025-09-03,2025-08-31,0.2,1,quantile,20.1377383345467
hospital admissions,PL,2025-09-03,2025-08-31,0.25,1,quantile,21.9538549593766
hospital admissions,PL,2025-09-03,2025-08-31,0.3,1,quantile,23.7515137743346
hospital admissions,PL,2025-09-03,2025-08-31,0.35,1,quantile,24.9199890839273
hospital admissions,PL,2025-09-03,2025-08-31,0.4,1,quantile,26.658249977349
hospital admissions,PL,2025-09-03,2025-08-31,0.45,1,quantile,27.7589113731177
hospital admissions,PL,2025-09-03,2025-08-31,0.5,1,quantile,29.1741971267624
hospital admissions,PL,2025-09-03,2025-08-31,0.55,1,quantile,30.386593315295
hospital admissions,PL,2025-09-03,2025-08-31,0.6,1,quantile,32.055597113988
hospital admissions,PL,2025-09-03,2025-08-31,0.65,1,quantile,33.5079784630299
hospital admissions,PL,2025-09-03,2025-08-31,0.7,1,quantile,34.8376314752058
hospital admissions,PL,2025-09-03,2025-08-31,0.75,1,quantile,36.6454179692049
hospital admissions,PL,2025-09-03,2025-08-31,0.8,1,quantile,38.4870405367581
hospital admissions,PL,2025-09-03,2025-08-31,0.85,1,quantile,40.4271378285289
hospital admissions,PL,2025-09-03,2025-08-31,0.9,1,quantile,43.1043802692057
hospital admissions,PL,2025-09-03,2025-08-31,0.95,1,quantile,46.7797349939409
hospital admissions,PL,2025-09-03,2025-08-31,0.975,1,quantile,50.2840954201379
hospital admissions,PL,2025-09-03,2025-08-31,0.99,1,quantile,56.1210978384635
hospital admissions,PL,2025-09-03,2025-09-07,0.01,2,quantile,7.16913127125207
hospital admissions,PL,2025-09-03,2025-09-07,0.025,2,quantile,9.20197036896792
hospital admissions,PL,2025-09-03,2025-09-07,0.05,2,quantile,11.4083966343684
hospital admissions,PL,2025-09-03,2025-09-07,0.1,2,quantile,14.5126985521566
hospital admissions,PL,2025-09-03,2025-09-07,0.15,2,quantile,16.5727096225473
hospital admissions,PL,2025-09-03,2025-09-07,0.2,2,quantile,18.8130523860545
hospital admissions,PL,2025-09-03,2025-09-07,0.25,2,quantile,20.7544281654871
hospital admissions,PL,2025-09-03,2025-09-07,0.3,2,quantile,22.5235974305137
hospital admissions,PL,2025-09-03,2025-09-07,0.35,2,quantile,24.0046371587162
hospital admissions,PL,2025-09-03,2025-09-07,0.4,2,quantile,25.2412083248917
hospital admissions,PL,2025-09-03,2025-09-07,0.45,2,quantile,26.5922369623902
hospital admissions,PL,2025-09-03,2025-09-07,0.5,2,quantile,27.8464057589428
hospital admissions,PL,2025-09-03,2025-09-07,0.55,2,quantile,29.7149617965461
hospital admissions,PL,2025-09-03,2025-09-07,0.6,2,quantile,31.6591500403312
hospital admissions,PL,2025-09-03,2025-09-07,0.65,2,quantile,32.8652262091462
hospital admissions,PL,2025-09-03,2025-09-07,0.7,2,quantile,34.4365129440347
hospital admissions,PL,2025-09-03,2025-09-07,0.75,2,quantile,36.6940383524396
hospital admissions,PL,2025-09-03,2025-09-07,0.8,2,quantile,38.2771433316679
hospital admissions,PL,2025-09-03,2025-09-07,0.85,2,quantile,40.799747744975
hospital admissions,PL,2025-09-03,2025-09-07,0.9,2,quantile,44.5757335378938
hospital admissions,PL,2025-09-03,2025-09-07,0.95,2,quantile,48.539797932232
hospital admissions,PL,2025-09-03,2025-09-07,0.975,2,quantile,53.4065794994258
hospital admissions,PL,2025-09-03,2025-09-07,0.99,2,quantile,58.7458926330246
hospital admissions,PL,2025-09-03,2025-09-14,0.01,3,quantile,5.8627276023086
hospital admissions,PL,2025-09-03,2025-09-14,0.025,3,quantile,8.06945999466993
hospital admissions,PL,2025-09-03,2025-09-14,0.05,3,quantile,10.1928141234984
hospital admissions,PL,2025-09-03,2025-09-14,0.1,3,quantile,13.3140961449949
hospital admissions,PL,2025-09-03,2025-09-14,0.15,3,quantile,15.3669118261432
hospital admissions,PL,2025-09-03,2025-09-14,0.2,3,quantile,17.032022482741
hospital admissions,PL,2025-09-03,2025-09-14,0.25,3,quantile,18.7984745011755
hospital admissions,PL,2025-09-03,2025-09-14,0.3,3,quantile,20.3891569138823
hospital admissions,PL,2025-09-03,2025-09-14,0.35,3,quantile,22.5509922734988
hospital admissions,PL,2025-09-03,2025-09-14,0.4,3,quantile,24.1198862033145
hospital admissions,PL,2025-09-03,2025-09-14,0.45,3,quantile,25.5619939421272
hospital admissions,PL,2025-09-03,2025-09-14,0.5,3,quantile,26.4578426482449
hospital admissions,PL,2025-09-03,2025-09-14,0.55,3,quantile,27.910132114383
hospital admissions,PL,2025-09-03,2025-09-14,0.6,3,quantile,29.3960730563076
hospital admissions,PL,2025-09-03,2025-09-14,0.65,3,quantile,31.2335163036704
hospital admissions,PL,2025-09-03,2025-09-14,0.7,3,quantile,33.1399140281255
hospital admissions,PL,2025-09-03,2025-09-14,0.75,3,quantile,35.2161923867278
hospital admissions,PL,2025-09-03,2025-09-14,0.8,3,quantile,37.816626509258
hospital admissions,PL,2025-09-03,2025-09-14,0.85,3,quantile,40.9393011486698
hospital admissions,PL,2025-09-03,2025-09-14,0.9,3,quantile,43.4340946385058
hospital admissions,PL,2025-09-03,2025-09-14,0.95,3,quantile,50.5553162621394
hospital admissions,PL,2025-09-03,2025-09-14,0.975,3,quantile,54.8593882774493
hospital admissions,PL,2025-09-03,2025-09-14,0.99,3,quantile,60.8919859384448
hospital admissions,PL,2025-09-03,2025-09-21,0.01,4,quantile,4.93488498502882
hospital admissions,PL,2025-09-03,2025-09-21,0.025,4,quantile,7.08033122078559
hospital admissions,PL,2025-09-03,2025-09-21,0.05,4,quantile,9.21041524545934
hospital admissions,PL,2025-09-03,2025-09-21,0.1,4,quantile,11.9536235977897
hospital admissions,PL,2025-09-03,2025-09-21,0.15,4,quantile,13.6566086998385
hospital admissions,PL,2025-09-03,2025-09-21,0.2,4,quantile,15.5000325892447
hospital admissions,PL,2025-09-03,2025-09-21,0.25,4,quantile,17.3135836219719
hospital admissions,PL,2025-09-03,2025-09-21,0.3,4,quantile,19.1411058947438
hospital admissions,PL,2025-09-03,2025-09-21,0.35,4,quantile,20.6735472105061
hospital admissions,PL,2025-09-03,2025-09-21,0.4,4,quantile,21.8371132932019
hospital admissions,PL,2025-09-03,2025-09-21,0.45,4,quantile,23.7933053072394
hospital admissions,PL,2025-09-03,2025-09-21,0.5,4,quantile,25.0877376332104
hospital admissions,PL,2025-09-03,2025-09-21,0.55,4,quantile,26.6659236633858
hospital admissions,PL,2025-09-03,2025-09-21,0.6,4,quantile,28.1757146105932
hospital admissions,PL,2025-09-03,2025-09-21,0.65,4,quantile,29.8117434482711
hospital admissions,PL,2025-09-03,2025-09-21,0.7,4,quantile,31.2959351281354
hospital admissions,PL,2025-09-03,2025-09-21,0.75,4,quantile,34.0486522310481
hospital admissions,PL,2025-09-03,2025-09-21,0.8,4,quantile,36.5917524552633
hospital admissions,PL,2025-09-03,2025-09-21,0.85,4,quantile,39.282759018026
hospital admissions,PL,2025-09-03,2025-09-21,0.9,4,quantile,43.3466283572891
hospital admissions,PL,2025-09-03,2025-09-21,0.95,4,quantile,50.0031631117166
hospital admissions,PL,2025-09-03,2025-09-21,0.975,4,quantile,55.0555150450456
hospital admissions,PL,2025-09-03,2025-09-21,0.99,4,quantile,61.067419094193
hospital admissions,PL,2025-09-03,2025-08-31,,1,median,29.1741971267624
hospital admissions,PL,2025-09-03,2025-09-07,,2,median,27.8464057589428
hospital admissions,PL,2025-09-03,2025-09-14,,3,median,26.4578426482449
hospital admissions,PL,2025-09-03,2025-09-21,,4,median,25.0877376332104
hospital admissions,PT,2025-09-03,2025-08-31,0.01,1,quantile,0
hospital admissions,PT,2025-09-03,2025-08-31,0.025,1,quantile,0.378747898478857
hospital admissions,PT,2025-09-03,2025-08-31,0.05,1,quantile,1.29036276517516
hospital admissions,PT,2025-09-03,2025-08-31,0.1,1,quantile,2.44064700976337
hospital admissions,PT,2025-09-03,2025-08-31,0.15,1,quantile,3.69616830695999
hospital admissions,PT,2025-09-03,2025-08-31,0.2,1,quantile,4.99687759151183
hospital admissions,PT,2025-09-03,2025-08-31,0.25,1,quantile,6.42861389464404
hospital admissions,PT,2025-09-03,2025-08-31,0.3,1,quantile,7.93288812749911
hospital admissions,PT,2025-09-03,2025-08-31,0.35,1,quantile,9.6773555551826
hospital admissions,PT,2025-09-03,2025-08-31,0.4,1,quantile,12.2515995585513
hospital admissions,PT,2025-09-03,2025-08-31,0.45,1,quantile,16.1072495637265
hospital admissions,PT,2025-09-03,2025-08-31,0.5,1,quantile,22.3092436914245
hospital admissions,PT,2025-09-03,2025-08-31,0.55,1,quantile,26.8917262882626
hospital admissions,PT,2025-09-03,2025-08-31,0.6,1,quantile,33.5561134884962
hospital admissions,PT,2025-09-03,2025-08-31,0.65,1,quantile,40.9084038493758
hospital admissions,PT,2025-09-03,2025-08-31,0.7,1,quantile,47.8161746948111
hospital admissions,PT,2025-09-03,2025-08-31,0.75,1,quantile,53.604392340449
hospital admissions,PT,2025-09-03,2025-08-31,0.8,1,quantile,61.0429387951744
hospital admissions,PT,2025-09-03,2025-08-31,0.85,1,quantile,72.1785143588997
hospital admissions,PT,2025-09-03,2025-08-31,0.9,1,quantile,85.7123776820355
hospital admissions,PT,2025-09-03,2025-08-31,0.95,1,quantile,104.82273988886
hospital admissions,PT,2025-09-03,2025-08-31,0.975,1,quantile,119.846691632858
hospital admissions,PT,2025-09-03,2025-08-31,0.99,1,quantile,137.405284653813
hospital admissions,PT,2025-09-03,2025-09-07,0.01,2,quantile,0
hospital admissions,PT,2025-09-03,2025-09-07,0.025,2,quantile,0.0903895777813726
hospital admissions,PT,2025-09-03,2025-09-07,0.05,2,quantile,1.15611088531927
hospital admissions,PT,2025-09-03,2025-09-07,0.1,2,quantile,3.49450499266611
hospital admissions,PT,2025-09-03,2025-09-07,0.15,2,quantile,5.45700526608437
hospital admissions,PT,2025-09-03,2025-09-07,0.2,2,quantile,7.18065541970537
hospital admissions,PT,2025-09-03,2025-09-07,0.25,2,quantile,9.43697926791454
hospital admissions,PT,2025-09-03,2025-09-07,0.3,2,quantile,11.4421474284958
hospital admissions,PT,2025-09-03,2025-09-07,0.35,2,quantile,13.4577955726799
hospital admissions,PT,2025-09-03,2025-09-07,0.4,2,quantile,16.6341617182003
hospital admissions,PT,2025-09-03,2025-09-07,0.45,2,quantile,20.6823921059959
hospital admissions,PT,2025-09-03,2025-09-07,0.5,2,quantile,24.8274544129163
hospital admissions,PT,2025-09-03,2025-09-07,0.55,2,quantile,29.2743954852237
hospital admissions,PT,2025-09-03,2025-09-07,0.6,2,quantile,34.7538669397745
hospital admissions,PT,2025-09-03,2025-09-07,0.65,2,quantile,41.6049287269215
hospital admissions,PT,2025-09-03,2025-09-07,0.7,2,quantile,49.2534306499845
hospital admissions,PT,2025-09-03,2025-09-07,0.75,2,quantile,58.7089060591584
hospital admissions,PT,2025-09-03,2025-09-07,0.8,2,quantile,67.6216087972786
hospital admissions,PT,2025-09-03,2025-09-07,0.85,2,quantile,82.8188716864875
hospital admissions,PT,2025-09-03,2025-09-07,0.9,2,quantile,99.2485408407502
hospital admissions,PT,2025-09-03,2025-09-07,0.95,2,quantile,128.592494083575
hospital admissions,PT,2025-09-03,2025-09-07,0.975,2,quantile,155.411015099396
hospital admissions,PT,2025-09-03,2025-09-07,0.99,2,quantile,183.481558478657
hospital admissions,PT,2025-09-03,2025-09-14,0.01,3,quantile,0
hospital admissions,PT,2025-09-03,2025-09-14,0.025,3,quantile,0
hospital admissions,PT,2025-09-03,2025-09-14,0.05,3,quantile,0.104806692801504
hospital admissions,PT,2025-09-03,2025-09-14,0.1,3,quantile,3.63421630777463
hospital admissions,PT,2025-09-03,2025-09-14,0.15,3,quantile,6.12879297887387
hospital admissions,PT,2025-09-03,2025-09-14,0.2,3,quantile,8.33735896375387
hospital admissions,PT,2025-09-03,2025-09-14,0.25,3,quantile,11.0442429083748
hospital admissions,PT,2025-09-03,2025-09-14,0.3,3,quantile,13.4611026696823
hospital admissions,PT,2025-09-03,2025-09-14,0.35,3,quantile,15.757906893319
hospital admissions,PT,2025-09-03,2025-09-14,0.4,3,quantile,19.6592134767841
hospital admissions,PT,2025-09-03,2025-09-14,0.45,3,quantile,23.5315352208272
hospital admissions,PT,2025-09-03,2025-09-14,0.5,3,quantile,27.8198560926663
hospital admissions,PT,2025-09-03,2025-09-14,0.55,3,quantile,32.4718349303272
hospital admissions,PT,2025-09-03,2025-09-14,0.6,3,quantile,39.0123316620286
hospital admissions,PT,2025-09-03,2025-09-14,0.65,3,quantile,45.9337480096765
hospital admissions,PT,2025-09-03,2025-09-14,0.7,3,quantile,53.2366431287156
hospital admissions,PT,2025-09-03,2025-09-14,0.75,3,quantile,64.0094981936726
hospital admissions,PT,2025-09-03,2025-09-14,0.8,3,quantile,75.126445711661
hospital admissions,PT,2025-09-03,2025-09-14,0.85,3,quantile,92.6480153801079
hospital admissions,PT,2025-09-03,2025-09-14,0.9,3,quantile,112.259907189735
hospital admissions,PT,2025-09-03,2025-09-14,0.95,3,quantile,154.051190512379
hospital admissions,PT,2025-09-03,2025-09-14,0.975,3,quantile,186.956034525881
hospital admissions,PT,2025-09-03,2025-09-14,0.99,3,quantile,247.838390994227
hospital admissions,PT,2025-09-03,2025-09-21,0.01,4,quantile,0
hospital admissions,PT,2025-09-03,2025-09-21,0.025,4,quantile,0
hospital admissions,PT,2025-09-03,2025-09-21,0.05,4,quantile,0
hospital admissions,PT,2025-09-03,2025-09-21,0.1,4,quantile,2.63884641184033
hospital admissions,PT,2025-09-03,2025-09-21,0.15,4,quantile,5.50120540327437
hospital admissions,PT,2025-09-03,2025-09-21,0.2,4,quantile,8.86339459337665
hospital admissions,PT,2025-09-03,2025-09-21,0.25,4,quantile,11.5635593456842
hospital admissions,PT,2025-09-03,2025-09-21,0.3,4,quantile,15.2858694108569
hospital admissions,PT,2025-09-03,2025-09-21,0.35,4,quantile,17.795196490346
hospital admissions,PT,2025-09-03,2025-09-21,0.4,4,quantile,21.3119491921303
hospital admissions,PT,2025-09-03,2025-09-21,0.45,4,quantile,24.8842952060145
hospital admissions,PT,2025-09-03,2025-09-21,0.5,4,quantile,31.3189544641023
hospital admissions,PT,2025-09-03,2025-09-21,0.55,4,quantile,37.027904741536
hospital admissions,PT,2025-09-03,2025-09-21,0.6,4,quantile,43.6523660652322
hospital admissions,PT,2025-09-03,2025-09-21,0.65,4,quantile,48.2720002520652
hospital admissions,PT,2025-09-03,2025-09-21,0.7,4,quantile,55.0264437684144
hospital admissions,PT,2025-09-03,2025-09-21,0.75,4,quantile,68.4626927638519
hospital admissions,PT,2025-09-03,2025-09-21,0.8,4,quantile,81.9294716970651
hospital admissions,PT,2025-09-03,2025-09-21,0.85,4,quantile,101.277562313459
hospital admissions,PT,2025-09-03,2025-09-21,0.9,4,quantile,129.867019057238
hospital admissions,PT,2025-09-03,2025-09-21,0.95,4,quantile,180.525379963529
hospital admissions,PT,2025-09-03,2025-09-21,0.975,4,quantile,229.676903236354
hospital admissions,PT,2025-09-03,2025-09-21,0.99,4,quantile,333.018224847763
hospital admissions,PT,2025-09-03,2025-08-31,,1,median,22.3092436914245
hospital admissions,PT,2025-09-03,2025-09-07,,2,median,24.8274544129163
hospital admissions,PT,2025-09-03,2025-09-14,,3,median,27.8198560926663
hospital admissions,PT,2025-09-03,2025-09-21,,4,median,31.3189544641023
hospital admissions,SK,2025-09-03,2025-08-31,0.01,1,quantile,0
hospital admissions,SK,2025-09-03,2025-08-31,0.025,1,quantile,0
hospital admissions,SK,2025-09-03,2025-08-31,0.05,1,quantile,0
hospital admissions,SK,2025-09-03,2025-08-31,0.1,1,quantile,0
hospital admissions,SK,2025-09-03,2025-08-31,0.15,1,quantile,0.448122396722525
hospital admissions,SK,2025-09-03,2025-08-31,0.2,1,quantile,0.920751518231896
hospital admissions,SK,2025-09-03,2025-08-31,0.25,1,quantile,1.82215930062907
hospital admissions,SK,2025-09-03,2025-08-31,0.3,1,quantile,2.35021254266481
hospital admissions,SK,2025-09-03,2025-08-31,0.35,1,quantile,3.07999744248967
hospital admissions,SK,2025-09-03,2025-08-31,0.4,1,quantile,3.89796411047719
hospital admissions,SK,2025-09-03,2025-08-31,0.45,1,quantile,4.4619278976774
hospital admissions,SK,2025-09-03,2025-08-31,0.5,1,quantile,5.22501026462907
hospital admissions,SK,2025-09-03,2025-08-31,0.55,1,quantile,6.16994069528622
hospital admissions,SK,2025-09-03,2025-08-31,0.6,1,quantile,7.46312721422598
hospital admissions,SK,2025-09-03,2025-08-31,0.65,1,quantile,9.08506003948973
hospital admissions,SK,2025-09-03,2025-08-31,0.7,1,quantile,10.4142114168062
hospital admissions,SK,2025-09-03,2025-08-31,0.75,1,quantile,11.7982617900897
hospital admissions,SK,2025-09-03,2025-08-31,0.8,1,quantile,14.0095803334921
hospital admissions,SK,2025-09-03,2025-08-31,0.85,1,quantile,16.7882044300364
hospital admissions,SK,2025-09-03,2025-08-31,0.9,1,quantile,20.0181526012315
hospital admissions,SK,2025-09-03,2025-08-31,0.95,1,quantile,25.5885768602523
hospital admissions,SK,2025-09-03,2025-08-31,0.975,1,quantile,31.7483865597724
hospital admissions,SK,2025-09-03,2025-08-31,0.99,1,quantile,37.5416033001311
hospital admissions,SK,2025-09-03,2025-09-07,0.01,2,quantile,0
hospital admissions,SK,2025-09-03,2025-09-07,0.025,2,quantile,0
hospital admissions,SK,2025-09-03,2025-09-07,0.05,2,quantile,0
hospital admissions,SK,2025-09-03,2025-09-07,0.1,2,quantile,0
hospital admissions,SK,2025-09-03,2025-09-07,0.15,2,quantile,0
hospital admissions,SK,2025-09-03,2025-09-07,0.2,2,quantile,0.720716091581815
hospital admissions,SK,2025-09-03,2025-09-07,0.25,2,quantile,1.4031169412899
hospital admissions,SK,2025-09-03,2025-09-07,0.3,2,quantile,2.1309010824873
hospital admissions,SK,2025-09-03,2025-09-07,0.35,2,quantile,2.94279095266278
hospital admissions,SK,2025-09-03,2025-09-07,0.4,2,quantile,4.07433469381199
hospital admissions,SK,2025-09-03,2025-09-07,0.45,2,quantile,4.94158800802092
hospital admissions,SK,2025-09-03,2025-09-07,0.5,2,quantile,6.09289444527425
hospital admissions,SK,2025-09-03,2025-09-07,0.55,2,quantile,7.32813803227657
hospital admissions,SK,2025-09-03,2025-09-07,0.6,2,quantile,8.45808699931844
hospital admissions,SK,2025-09-03,2025-09-07,0.65,2,quantile,10.0413368764414
hospital admissions,SK,2025-09-03,2025-09-07,0.7,2,quantile,11.841612397333
hospital admissions,SK,2025-09-03,2025-09-07,0.75,2,quantile,13.8282647502603
hospital admissions,SK,2025-09-03,2025-09-07,0.8,2,quantile,16.6874986844763
hospital admissions,SK,2025-09-03,2025-09-07,0.85,2,quantile,20.3507365480557
hospital admissions,SK,2025-09-03,2025-09-07,0.9,2,quantile,26.1169971445236
hospital admissions,SK,2025-09-03,2025-09-07,0.95,2,quantile,36.1453454862481
hospital admissions,SK,2025-09-03,2025-09-07,0.975,2,quantile,43.5283434290258
hospital admissions,SK,2025-09-03,2025-09-07,0.99,2,quantile,59.8479720816015
hospital admissions,SK,2025-09-03,2025-09-14,0.01,3,quantile,0
hospital admissions,SK,2025-09-03,2025-09-14,0.025,3,quantile,0
hospital admissions,SK,2025-09-03,2025-09-14,0.05,3,quantile,0
hospital admissions,SK,2025-09-03,2025-09-14,0.1,3,quantile,0
hospital admissions,SK,2025-09-03,2025-09-14,0.15,3,quantile,0
hospital admissions,SK,2025-09-03,2025-09-14,0.2,3,quantile,0.264903784417383
hospital admissions,SK,2025-09-03,2025-09-14,0.25,3,quantile,1.1317716005321
hospital admissions,SK,2025-09-03,2025-09-14,0.3,3,quantile,2.17041705227501
hospital admissions,SK,2025-09-03,2025-09-14,0.35,3,quantile,3.13750348099974
hospital admissions,SK,2025-09-03,2025-09-14,0.4,3,quantile,4.14982700815456
hospital admissions,SK,2025-09-03,2025-09-14,0.45,3,quantile,5.25639885445051
hospital admissions,SK,2025-09-03,2025-09-14,0.5,3,quantile,7.10558837518828
hospital admissions,SK,2025-09-03,2025-09-14,0.55,3,quantile,8.73169855593704
hospital admissions,SK,2025-09-03,2025-09-14,0.6,3,quantile,10.420147894949
hospital admissions,SK,2025-09-03,2025-09-14,0.65,3,quantile,12.2229340866707
hospital admissions,SK,2025-09-03,2025-09-14,0.7,3,quantile,14.7630899149952
hospital admissions,SK,2025-09-03,2025-09-14,0.75,3,quantile,17.2738601148289
hospital admissions,SK,2025-09-03,2025-09-14,0.8,3,quantile,21.2145250458873
hospital admissions,SK,2025-09-03,2025-09-14,0.85,3,quantile,25.5068528387276
hospital admissions,SK,2025-09-03,2025-09-14,0.9,3,quantile,32.3342670390505
hospital admissions,SK,2025-09-03,2025-09-14,0.95,3,quantile,47.0183892916145
hospital admissions,SK,2025-09-03,2025-09-14,0.975,3,quantile,60.5259921876702
hospital admissions,SK,2025-09-03,2025-09-14,0.99,3,quantile,87.2236525970651
hospital admissions,SK,2025-09-03,2025-09-21,0.01,4,quantile,0
hospital admissions,SK,2025-09-03,2025-09-21,0.025,4,quantile,0
hospital admissions,SK,2025-09-03,2025-09-21,0.05,4,quantile,0
hospital admissions,SK,2025-09-03,2025-09-21,0.1,4,quantile,0
hospital admissions,SK,2025-09-03,2025-09-21,0.15,4,quantile,0
hospital admissions,SK,2025-09-03,2025-09-21,0.2,4,quantile,0
hospital admissions,SK,2025-09-03,2025-09-21,0.25,4,quantile,0.920899941361458
hospital admissions,SK,2025-09-03,2025-09-21,0.3,4,quantile,2.05660383837639
hospital admissions,SK,2025-09-03,2025-09-21,0.35,4,quantile,3.31889139641658
hospital admissions,SK,2025-09-03,2025-09-21,0.4,4,quantile,4.80952797381734
hospital admissions,SK,2025-09-03,2025-09-21,0.45,4,quantile,6.49108701589651
hospital admissions,SK,2025-09-03,2025-09-21,0.5,4,quantile,8.28501292195805
hospital admissions,SK,2025-09-03,2025-09-21,0.55,4,quantile,10.2667776631914
hospital admissions,SK,2025-09-03,2025-09-21,0.6,4,quantile,12.347763630525
hospital admissions,SK,2025-09-03,2025-09-21,0.65,4,quantile,14.9878159697421
hospital admissions,SK,2025-09-03,2025-09-21,0.7,4,quantile,17.9727891941036
hospital admissions,SK,2025-09-03,2025-09-21,0.75,4,quantile,20.9905927059848
hospital admissions,SK,2025-09-03,2025-09-21,0.8,4,quantile,26.0949763512518
hospital admissions,SK,2025-09-03,2025-09-21,0.85,4,quantile,32.5301013852328
hospital admissions,SK,2025-09-03,2025-09-21,0.9,4,quantile,44.2387576859731
hospital admissions,SK,2025-09-03,2025-09-21,0.95,4,quantile,60.9815963310969
hospital admissions,SK,2025-09-03,2025-09-21,0.975,4,quantile,81.5552794369149
hospital admissions,SK,2025-09-03,2025-09-21,0.99,4,quantile,104.770060145755
hospital admissions,SK,2025-09-03,2025-08-31,,1,median,5.22501026462907
hospital admissions,SK,2025-09-03,2025-09-07,,2,median,6.09289444527425
hospital admissions,SK,2025-09-03,2025-09-14,,3,median,7.10558837518828
hospital admissions,SK,2025-09-03,2025-09-21,,4,median,8.28501292195805
