origin_date,target,target_end_date,horizon,location,output_type,output_type_id,value
2024-11-06,hospital admissions,2024-10-20,-1,CY,quantile,0.01,15
2024-11-06,hospital admissions,2024-10-20,-1,CY,quantile,0.025,15
2024-11-06,hospital admissions,2024-10-20,-1,CY,quantile,0.05,16
2024-11-06,hospital admissions,2024-10-20,-1,CY,quantile,0.1,16
2024-11-06,hospital admissions,2024-10-20,-1,CY,quantile,0.15,16
2024-11-06,hospital admissions,2024-10-20,-1,CY,quantile,0.2,16
2024-11-06,hospital admissions,2024-10-20,-1,CY,quantile,0.25,16
2024-11-06,hospital admissions,2024-10-20,-1,CY,quantile,0.3,16
2024-11-06,hospital admissions,2024-10-20,-1,CY,quantile,0.35,17
2024-11-06,hospital admissions,2024-10-20,-1,CY,quantile,0.4,17
2024-11-06,hospital admissions,2024-10-20,-1,CY,quantile,0.45,17
2024-11-06,hospital admissions,2024-10-20,-1,CY,quantile,0.5,17
2024-11-06,hospital admissions,2024-10-20,-1,CY,quantile,0.55,17
2024-11-06,hospital admissions,2024-10-20,-1,CY,quantile,0.6,18
2024-11-06,hospital admissions,2024-10-20,-1,CY,quantile,0.65,18
2024-11-06,hospital admissions,2024-10-20,-1,CY,quantile,0.7,18
2024-11-06,hospital admissions,2024-10-20,-1,CY,quantile,0.75,18
2024-11-06,hospital admissions,2024-10-20,-1,CY,quantile,0.8,18
2024-11-06,hospital admissions,2024-10-20,-1,CY,quantile,0.85,18
2024-11-06,hospital admissions,2024-10-20,-1,CY,quantile,0.9,19
2024-11-06,hospital admissions,2024-10-20,-1,CY,quantile,0.95,19
2024-11-06,hospital admissions,2024-10-20,-1,CY,quantile,0.975,19
2024-11-06,hospital admissions,2024-10-20,-1,CY,quantile,0.99,20
2024-11-06,hospital admissions,2024-10-27,0,CY,quantile,0.01,15
2024-11-06,hospital admissions,2024-10-27,0,CY,quantile,0.025,15
2024-11-06,hospital admissions,2024-10-27,0,CY,quantile,0.05,16
2024-11-06,hospital admissions,2024-10-27,0,CY,quantile,0.1,16
2024-11-06,hospital admissions,2024-10-27,0,CY,quantile,0.15,16
2024-11-06,hospital admissions,2024-10-27,0,CY,quantile,0.2,16
2024-11-06,hospital admissions,2024-10-27,0,CY,quantile,0.25,16
2024-11-06,hospital admissions,2024-10-27,0,CY,quantile,0.3,16
2024-11-06,hospital admissions,2024-10-27,0,CY,quantile,0.35,16
2024-11-06,hospital admissions,2024-10-27,0,CY,quantile,0.4,17
2024-11-06,hospital admissions,2024-10-27,0,CY,quantile,0.45,17
2024-11-06,hospital admissions,2024-10-27,0,CY,quantile,0.5,17
2024-11-06,hospital admissions,2024-10-27,0,CY,quantile,0.55,17
2024-11-06,hospital admissions,2024-10-27,0,CY,quantile,0.6,18
2024-11-06,hospital admissions,2024-10-27,0,CY,quantile,0.65,18
2024-11-06,hospital admissions,2024-10-27,0,CY,quantile,0.7,18
2024-11-06,hospital admissions,2024-10-27,0,CY,quantile,0.75,18
2024-11-06,hospital admissions,2024-10-27,0,CY,quantile,0.8,19
2024-11-06,hospital admissions,2024-10-27,0,CY,quantile,0.85,19
2024-11-06,hospital admissions,2024-10-27,0,CY,quantile,0.9,19
2024-11-06,hospital admissions,2024-10-27,0,CY,quantile,0.95,19
2024-11-06,hospital admissions,2024-10-27,0,CY,quantile,0.975,19
2024-11-06,hospital admissions,2024-10-27,0,CY,quantile,0.99,20
2024-11-06,hospital admissions,2024-11-03,1,CY,quantile,0.01,14
2024-11-06,hospital admissions,2024-11-03,1,CY,quantile,0.025,14
2024-11-06,hospital admissions,2024-11-03,1,CY,quantile,0.05,15
2024-11-06,hospital admissions,2024-11-03,1,CY,quantile,0.1,15
2024-11-06,hospital admissions,2024-11-03,1,CY,quantile,0.15,15
2024-11-06,hospital admissions,2024-11-03,1,CY,quantile,0.2,16
2024-11-06,hospital admissions,2024-11-03,1,CY,quantile,0.25,16
2024-11-06,hospital admissions,2024-11-03,1,CY,quantile,0.3,16
2024-11-06,hospital admissions,2024-11-03,1,CY,quantile,0.35,16
2024-11-06,hospital admissions,2024-11-03,1,CY,quantile,0.4,16
2024-11-06,hospital admissions,2024-11-03,1,CY,quantile,0.45,17
2024-11-06,hospital admissions,2024-11-03,1,CY,quantile,0.5,17
2024-11-06,hospital admissions,2024-11-03,1,CY,quantile,0.55,17
2024-11-06,hospital admissions,2024-11-03,1,CY,quantile,0.6,17
2024-11-06,hospital admissions,2024-11-03,1,CY,quantile,0.65,18
2024-11-06,hospital admissions,2024-11-03,1,CY,quantile,0.7,18
2024-11-06,hospital admissions,2024-11-03,1,CY,quantile,0.75,18
2024-11-06,hospital admissions,2024-11-03,1,CY,quantile,0.8,18
2024-11-06,hospital admissions,2024-11-03,1,CY,quantile,0.85,18
2024-11-06,hospital admissions,2024-11-03,1,CY,quantile,0.9,19
2024-11-06,hospital admissions,2024-11-03,1,CY,quantile,0.95,19
2024-11-06,hospital admissions,2024-11-03,1,CY,quantile,0.975,19
2024-11-06,hospital admissions,2024-11-03,1,CY,quantile,0.99,19
2024-11-06,hospital admissions,2024-11-10,2,CY,quantile,0.01,13
2024-11-06,hospital admissions,2024-11-10,2,CY,quantile,0.025,14
2024-11-06,hospital admissions,2024-11-10,2,CY,quantile,0.05,14
2024-11-06,hospital admissions,2024-11-10,2,CY,quantile,0.1,14
2024-11-06,hospital admissions,2024-11-10,2,CY,quantile,0.15,15
2024-11-06,hospital admissions,2024-11-10,2,CY,quantile,0.2,15
2024-11-06,hospital admissions,2024-11-10,2,CY,quantile,0.25,15
2024-11-06,hospital admissions,2024-11-10,2,CY,quantile,0.3,15
2024-11-06,hospital admissions,2024-11-10,2,CY,quantile,0.35,16
2024-11-06,hospital admissions,2024-11-10,2,CY,quantile,0.4,16
2024-11-06,hospital admissions,2024-11-10,2,CY,quantile,0.45,16
2024-11-06,hospital admissions,2024-11-10,2,CY,quantile,0.5,16
2024-11-06,hospital admissions,2024-11-10,2,CY,quantile,0.55,16
2024-11-06,hospital admissions,2024-11-10,2,CY,quantile,0.6,17
2024-11-06,hospital admissions,2024-11-10,2,CY,quantile,0.65,17
2024-11-06,hospital admissions,2024-11-10,2,CY,quantile,0.7,17
2024-11-06,hospital admissions,2024-11-10,2,CY,quantile,0.75,18
2024-11-06,hospital admissions,2024-11-10,2,CY,quantile,0.8,18
2024-11-06,hospital admissions,2024-11-10,2,CY,quantile,0.85,18
2024-11-06,hospital admissions,2024-11-10,2,CY,quantile,0.9,18
2024-11-06,hospital admissions,2024-11-10,2,CY,quantile,0.95,18
2024-11-06,hospital admissions,2024-11-10,2,CY,quantile,0.975,18
2024-11-06,hospital admissions,2024-11-10,2,CY,quantile,0.99,19
2024-11-06,hospital admissions,2024-11-17,3,CY,quantile,0.01,13
2024-11-06,hospital admissions,2024-11-17,3,CY,quantile,0.025,13
2024-11-06,hospital admissions,2024-11-17,3,CY,quantile,0.05,13
2024-11-06,hospital admissions,2024-11-17,3,CY,quantile,0.1,14
2024-11-06,hospital admissions,2024-11-17,3,CY,quantile,0.15,14
2024-11-06,hospital admissions,2024-11-17,3,CY,quantile,0.2,14
2024-11-06,hospital admissions,2024-11-17,3,CY,quantile,0.25,14
2024-11-06,hospital admissions,2024-11-17,3,CY,quantile,0.3,15
2024-11-06,hospital admissions,2024-11-17,3,CY,quantile,0.35,15
2024-11-06,hospital admissions,2024-11-17,3,CY,quantile,0.4,15
2024-11-06,hospital admissions,2024-11-17,3,CY,quantile,0.45,15
2024-11-06,hospital admissions,2024-11-17,3,CY,quantile,0.5,15
2024-11-06,hospital admissions,2024-11-17,3,CY,quantile,0.55,15
2024-11-06,hospital admissions,2024-11-17,3,CY,quantile,0.6,16
2024-11-06,hospital admissions,2024-11-17,3,CY,quantile,0.65,16
2024-11-06,hospital admissions,2024-11-17,3,CY,quantile,0.7,16
2024-11-06,hospital admissions,2024-11-17,3,CY,quantile,0.75,16
2024-11-06,hospital admissions,2024-11-17,3,CY,quantile,0.8,17
2024-11-06,hospital admissions,2024-11-17,3,CY,quantile,0.85,17
2024-11-06,hospital admissions,2024-11-17,3,CY,quantile,0.9,17
2024-11-06,hospital admissions,2024-11-17,3,CY,quantile,0.95,18
2024-11-06,hospital admissions,2024-11-17,3,CY,quantile,0.975,18
2024-11-06,hospital admissions,2024-11-17,3,CY,quantile,0.99,18
2024-11-06,hospital admissions,2024-11-24,4,CY,quantile,0.01,12
2024-11-06,hospital admissions,2024-11-24,4,CY,quantile,0.025,12
2024-11-06,hospital admissions,2024-11-24,4,CY,quantile,0.05,12
2024-11-06,hospital admissions,2024-11-24,4,CY,quantile,0.1,13
2024-11-06,hospital admissions,2024-11-24,4,CY,quantile,0.15,13
2024-11-06,hospital admissions,2024-11-24,4,CY,quantile,0.2,13
2024-11-06,hospital admissions,2024-11-24,4,CY,quantile,0.25,13
2024-11-06,hospital admissions,2024-11-24,4,CY,quantile,0.3,14
2024-11-06,hospital admissions,2024-11-24,4,CY,quantile,0.35,14
2024-11-06,hospital admissions,2024-11-24,4,CY,quantile,0.4,14
2024-11-06,hospital admissions,2024-11-24,4,CY,quantile,0.45,14
2024-11-06,hospital admissions,2024-11-24,4,CY,quantile,0.5,14
2024-11-06,hospital admissions,2024-11-24,4,CY,quantile,0.55,14
2024-11-06,hospital admissions,2024-11-24,4,CY,quantile,0.6,15
2024-11-06,hospital admissions,2024-11-24,4,CY,quantile,0.65,15
2024-11-06,hospital admissions,2024-11-24,4,CY,quantile,0.7,15
2024-11-06,hospital admissions,2024-11-24,4,CY,quantile,0.75,15
2024-11-06,hospital admissions,2024-11-24,4,CY,quantile,0.8,15
2024-11-06,hospital admissions,2024-11-24,4,CY,quantile,0.85,16
2024-11-06,hospital admissions,2024-11-24,4,CY,quantile,0.9,16
2024-11-06,hospital admissions,2024-11-24,4,CY,quantile,0.95,17
2024-11-06,hospital admissions,2024-11-24,4,CY,quantile,0.975,17
2024-11-06,hospital admissions,2024-11-24,4,CY,quantile,0.99,17
2024-11-06,hospital admissions,2024-10-20,-1,CZ,quantile,0.01,194
2024-11-06,hospital admissions,2024-10-20,-1,CZ,quantile,0.025,198
2024-11-06,hospital admissions,2024-10-20,-1,CZ,quantile,0.05,199
2024-11-06,hospital admissions,2024-10-20,-1,CZ,quantile,0.1,201
2024-11-06,hospital admissions,2024-10-20,-1,CZ,quantile,0.15,203
2024-11-06,hospital admissions,2024-10-20,-1,CZ,quantile,0.2,206
2024-11-06,hospital admissions,2024-10-20,-1,CZ,quantile,0.25,209
2024-11-06,hospital admissions,2024-10-20,-1,CZ,quantile,0.3,211
2024-11-06,hospital admissions,2024-10-20,-1,CZ,quantile,0.35,213
2024-11-06,hospital admissions,2024-10-20,-1,CZ,quantile,0.4,216
2024-11-06,hospital admissions,2024-10-20,-1,CZ,quantile,0.45,218
2024-11-06,hospital admissions,2024-10-20,-1,CZ,quantile,0.5,219
2024-11-06,hospital admissions,2024-10-20,-1,CZ,quantile,0.55,220
2024-11-06,hospital admissions,2024-10-20,-1,CZ,quantile,0.6,221
2024-11-06,hospital admissions,2024-10-20,-1,CZ,quantile,0.65,224
2024-11-06,hospital admissions,2024-10-20,-1,CZ,quantile,0.7,225
2024-11-06,hospital admissions,2024-10-20,-1,CZ,quantile,0.75,228
2024-11-06,hospital admissions,2024-10-20,-1,CZ,quantile,0.8,230
2024-11-06,hospital admissions,2024-10-20,-1,CZ,quantile,0.85,232
2024-11-06,hospital admissions,2024-10-20,-1,CZ,quantile,0.9,235
2024-11-06,hospital admissions,2024-10-20,-1,CZ,quantile,0.95,239
2024-11-06,hospital admissions,2024-10-20,-1,CZ,quantile,0.975,243
2024-11-06,hospital admissions,2024-10-20,-1,CZ,quantile,0.99,244
2024-11-06,hospital admissions,2024-10-27,0,CZ,quantile,0.01,246
2024-11-06,hospital admissions,2024-10-27,0,CZ,quantile,0.025,248
2024-11-06,hospital admissions,2024-10-27,0,CZ,quantile,0.05,251
2024-11-06,hospital admissions,2024-10-27,0,CZ,quantile,0.1,259
2024-11-06,hospital admissions,2024-10-27,0,CZ,quantile,0.15,262
2024-11-06,hospital admissions,2024-10-27,0,CZ,quantile,0.2,264
2024-11-06,hospital admissions,2024-10-27,0,CZ,quantile,0.25,268
2024-11-06,hospital admissions,2024-10-27,0,CZ,quantile,0.3,269
2024-11-06,hospital admissions,2024-10-27,0,CZ,quantile,0.35,274
2024-11-06,hospital admissions,2024-10-27,0,CZ,quantile,0.4,277
2024-11-06,hospital admissions,2024-10-27,0,CZ,quantile,0.45,280
2024-11-06,hospital admissions,2024-10-27,0,CZ,quantile,0.5,281
2024-11-06,hospital admissions,2024-10-27,0,CZ,quantile,0.55,283
2024-11-06,hospital admissions,2024-10-27,0,CZ,quantile,0.6,287
2024-11-06,hospital admissions,2024-10-27,0,CZ,quantile,0.65,288
2024-11-06,hospital admissions,2024-10-27,0,CZ,quantile,0.7,291
2024-11-06,hospital admissions,2024-10-27,0,CZ,quantile,0.75,293
2024-11-06,hospital admissions,2024-10-27,0,CZ,quantile,0.8,295
2024-11-06,hospital admissions,2024-10-27,0,CZ,quantile,0.85,298
2024-11-06,hospital admissions,2024-10-27,0,CZ,quantile,0.9,301
2024-11-06,hospital admissions,2024-10-27,0,CZ,quantile,0.95,303
2024-11-06,hospital admissions,2024-10-27,0,CZ,quantile,0.975,307
2024-11-06,hospital admissions,2024-10-27,0,CZ,quantile,0.99,316
2024-11-06,hospital admissions,2024-11-03,1,CZ,quantile,0.01,309
2024-11-06,hospital admissions,2024-11-03,1,CZ,quantile,0.025,313
2024-11-06,hospital admissions,2024-11-03,1,CZ,quantile,0.05,317
2024-11-06,hospital admissions,2024-11-03,1,CZ,quantile,0.1,326
2024-11-06,hospital admissions,2024-11-03,1,CZ,quantile,0.15,330
2024-11-06,hospital admissions,2024-11-03,1,CZ,quantile,0.2,335
2024-11-06,hospital admissions,2024-11-03,1,CZ,quantile,0.25,338
2024-11-06,hospital admissions,2024-11-03,1,CZ,quantile,0.3,342
2024-11-06,hospital admissions,2024-11-03,1,CZ,quantile,0.35,345
2024-11-06,hospital admissions,2024-11-03,1,CZ,quantile,0.4,349
2024-11-06,hospital admissions,2024-11-03,1,CZ,quantile,0.45,351
2024-11-06,hospital admissions,2024-11-03,1,CZ,quantile,0.5,352
2024-11-06,hospital admissions,2024-11-03,1,CZ,quantile,0.55,355
2024-11-06,hospital admissions,2024-11-03,1,CZ,quantile,0.6,357
2024-11-06,hospital admissions,2024-11-03,1,CZ,quantile,0.65,359
2024-11-06,hospital admissions,2024-11-03,1,CZ,quantile,0.7,362
2024-11-06,hospital admissions,2024-11-03,1,CZ,quantile,0.75,366
2024-11-06,hospital admissions,2024-11-03,1,CZ,quantile,0.8,373
2024-11-06,hospital admissions,2024-11-03,1,CZ,quantile,0.85,377
2024-11-06,hospital admissions,2024-11-03,1,CZ,quantile,0.9,381
2024-11-06,hospital admissions,2024-11-03,1,CZ,quantile,0.95,392
2024-11-06,hospital admissions,2024-11-03,1,CZ,quantile,0.975,411
2024-11-06,hospital admissions,2024-11-03,1,CZ,quantile,0.99,417
2024-11-06,hospital admissions,2024-11-10,2,CZ,quantile,0.01,377
2024-11-06,hospital admissions,2024-11-10,2,CZ,quantile,0.025,381
2024-11-06,hospital admissions,2024-11-10,2,CZ,quantile,0.05,388
2024-11-06,hospital admissions,2024-11-10,2,CZ,quantile,0.1,392
2024-11-06,hospital admissions,2024-11-10,2,CZ,quantile,0.15,397
2024-11-06,hospital admissions,2024-11-10,2,CZ,quantile,0.2,401
2024-11-06,hospital admissions,2024-11-10,2,CZ,quantile,0.25,407
2024-11-06,hospital admissions,2024-11-10,2,CZ,quantile,0.3,416
2024-11-06,hospital admissions,2024-11-10,2,CZ,quantile,0.35,419
2024-11-06,hospital admissions,2024-11-10,2,CZ,quantile,0.4,424
2024-11-06,hospital admissions,2024-11-10,2,CZ,quantile,0.45,425
2024-11-06,hospital admissions,2024-11-10,2,CZ,quantile,0.5,428
2024-11-06,hospital admissions,2024-11-10,2,CZ,quantile,0.55,432
2024-11-06,hospital admissions,2024-11-10,2,CZ,quantile,0.6,436
2024-11-06,hospital admissions,2024-11-10,2,CZ,quantile,0.65,439
2024-11-06,hospital admissions,2024-11-10,2,CZ,quantile,0.7,442
2024-11-06,hospital admissions,2024-11-10,2,CZ,quantile,0.75,451
2024-11-06,hospital admissions,2024-11-10,2,CZ,quantile,0.8,454
2024-11-06,hospital admissions,2024-11-10,2,CZ,quantile,0.85,457
2024-11-06,hospital admissions,2024-11-10,2,CZ,quantile,0.9,464
2024-11-06,hospital admissions,2024-11-10,2,CZ,quantile,0.95,483
2024-11-06,hospital admissions,2024-11-10,2,CZ,quantile,0.975,516
2024-11-06,hospital admissions,2024-11-10,2,CZ,quantile,0.99,532
2024-11-06,hospital admissions,2024-11-17,3,CZ,quantile,0.01,447
2024-11-06,hospital admissions,2024-11-17,3,CZ,quantile,0.025,453
2024-11-06,hospital admissions,2024-11-17,3,CZ,quantile,0.05,457
2024-11-06,hospital admissions,2024-11-17,3,CZ,quantile,0.1,460
2024-11-06,hospital admissions,2024-11-17,3,CZ,quantile,0.15,464
2024-11-06,hospital admissions,2024-11-17,3,CZ,quantile,0.2,473
2024-11-06,hospital admissions,2024-11-17,3,CZ,quantile,0.25,479
2024-11-06,hospital admissions,2024-11-17,3,CZ,quantile,0.3,485
2024-11-06,hospital admissions,2024-11-17,3,CZ,quantile,0.35,492
2024-11-06,hospital admissions,2024-11-17,3,CZ,quantile,0.4,497
2024-11-06,hospital admissions,2024-11-17,3,CZ,quantile,0.45,503
2024-11-06,hospital admissions,2024-11-17,3,CZ,quantile,0.5,505
2024-11-06,hospital admissions,2024-11-17,3,CZ,quantile,0.55,511
2024-11-06,hospital admissions,2024-11-17,3,CZ,quantile,0.6,518
2024-11-06,hospital admissions,2024-11-17,3,CZ,quantile,0.65,522
2024-11-06,hospital admissions,2024-11-17,3,CZ,quantile,0.7,532
2024-11-06,hospital admissions,2024-11-17,3,CZ,quantile,0.75,536
2024-11-06,hospital admissions,2024-11-17,3,CZ,quantile,0.8,540
2024-11-06,hospital admissions,2024-11-17,3,CZ,quantile,0.85,546
2024-11-06,hospital admissions,2024-11-17,3,CZ,quantile,0.9,555
2024-11-06,hospital admissions,2024-11-17,3,CZ,quantile,0.95,599
2024-11-06,hospital admissions,2024-11-17,3,CZ,quantile,0.975,609
2024-11-06,hospital admissions,2024-11-17,3,CZ,quantile,0.99,610
2024-11-06,hospital admissions,2024-11-24,4,CZ,quantile,0.01,507
2024-11-06,hospital admissions,2024-11-24,4,CZ,quantile,0.025,513
2024-11-06,hospital admissions,2024-11-24,4,CZ,quantile,0.05,514
2024-11-06,hospital admissions,2024-11-24,4,CZ,quantile,0.1,518
2024-11-06,hospital admissions,2024-11-24,4,CZ,quantile,0.15,523
2024-11-06,hospital admissions,2024-11-24,4,CZ,quantile,0.2,532
2024-11-06,hospital admissions,2024-11-24,4,CZ,quantile,0.25,539
2024-11-06,hospital admissions,2024-11-24,4,CZ,quantile,0.3,543
2024-11-06,hospital admissions,2024-11-24,4,CZ,quantile,0.35,546
2024-11-06,hospital admissions,2024-11-24,4,CZ,quantile,0.4,552
2024-11-06,hospital admissions,2024-11-24,4,CZ,quantile,0.45,564
2024-11-06,hospital admissions,2024-11-24,4,CZ,quantile,0.5,572
2024-11-06,hospital admissions,2024-11-24,4,CZ,quantile,0.55,580
2024-11-06,hospital admissions,2024-11-24,4,CZ,quantile,0.6,585
2024-11-06,hospital admissions,2024-11-24,4,CZ,quantile,0.65,593
2024-11-06,hospital admissions,2024-11-24,4,CZ,quantile,0.7,598
2024-11-06,hospital admissions,2024-11-24,4,CZ,quantile,0.75,609
2024-11-06,hospital admissions,2024-11-24,4,CZ,quantile,0.8,613
2024-11-06,hospital admissions,2024-11-24,4,CZ,quantile,0.85,618
2024-11-06,hospital admissions,2024-11-24,4,CZ,quantile,0.9,632
2024-11-06,hospital admissions,2024-11-24,4,CZ,quantile,0.95,641
2024-11-06,hospital admissions,2024-11-24,4,CZ,quantile,0.975,671
2024-11-06,hospital admissions,2024-11-24,4,CZ,quantile,0.99,695
2024-11-06,hospital admissions,2024-10-20,-1,GR,quantile,0.01,565
2024-11-06,hospital admissions,2024-10-20,-1,GR,quantile,0.025,569
2024-11-06,hospital admissions,2024-10-20,-1,GR,quantile,0.05,573
2024-11-06,hospital admissions,2024-10-20,-1,GR,quantile,0.1,575
2024-11-06,hospital admissions,2024-10-20,-1,GR,quantile,0.15,578
2024-11-06,hospital admissions,2024-10-20,-1,GR,quantile,0.2,580
2024-11-06,hospital admissions,2024-10-20,-1,GR,quantile,0.25,583
2024-11-06,hospital admissions,2024-10-20,-1,GR,quantile,0.3,586
2024-11-06,hospital admissions,2024-10-20,-1,GR,quantile,0.35,589
2024-11-06,hospital admissions,2024-10-20,-1,GR,quantile,0.4,593
2024-11-06,hospital admissions,2024-10-20,-1,GR,quantile,0.45,596
2024-11-06,hospital admissions,2024-10-20,-1,GR,quantile,0.5,599
2024-11-06,hospital admissions,2024-10-20,-1,GR,quantile,0.55,607
2024-11-06,hospital admissions,2024-10-20,-1,GR,quantile,0.6,612
2024-11-06,hospital admissions,2024-10-20,-1,GR,quantile,0.65,624
2024-11-06,hospital admissions,2024-10-20,-1,GR,quantile,0.7,635
2024-11-06,hospital admissions,2024-10-20,-1,GR,quantile,0.75,667
2024-11-06,hospital admissions,2024-10-20,-1,GR,quantile,0.8,675
2024-11-06,hospital admissions,2024-10-20,-1,GR,quantile,0.85,681
2024-11-06,hospital admissions,2024-10-20,-1,GR,quantile,0.9,684
2024-11-06,hospital admissions,2024-10-20,-1,GR,quantile,0.95,700
2024-11-06,hospital admissions,2024-10-20,-1,GR,quantile,0.975,731
2024-11-06,hospital admissions,2024-10-20,-1,GR,quantile,0.99,755
2024-11-06,hospital admissions,2024-10-27,0,GR,quantile,0.01,536
2024-11-06,hospital admissions,2024-10-27,0,GR,quantile,0.025,558
2024-11-06,hospital admissions,2024-10-27,0,GR,quantile,0.05,583
2024-11-06,hospital admissions,2024-10-27,0,GR,quantile,0.1,683
2024-11-06,hospital admissions,2024-10-27,0,GR,quantile,0.15,690
2024-11-06,hospital admissions,2024-10-27,0,GR,quantile,0.2,701
2024-11-06,hospital admissions,2024-10-27,0,GR,quantile,0.25,704
2024-11-06,hospital admissions,2024-10-27,0,GR,quantile,0.3,708
2024-11-06,hospital admissions,2024-10-27,0,GR,quantile,0.35,714
2024-11-06,hospital admissions,2024-10-27,0,GR,quantile,0.4,720
2024-11-06,hospital admissions,2024-10-27,0,GR,quantile,0.45,724
2024-11-06,hospital admissions,2024-10-27,0,GR,quantile,0.5,728
2024-11-06,hospital admissions,2024-10-27,0,GR,quantile,0.55,735
2024-11-06,hospital admissions,2024-10-27,0,GR,quantile,0.6,738
2024-11-06,hospital admissions,2024-10-27,0,GR,quantile,0.65,754
2024-11-06,hospital admissions,2024-10-27,0,GR,quantile,0.7,765
2024-11-06,hospital admissions,2024-10-27,0,GR,quantile,0.75,780
2024-11-06,hospital admissions,2024-10-27,0,GR,quantile,0.8,794
2024-11-06,hospital admissions,2024-10-27,0,GR,quantile,0.85,825
2024-11-06,hospital admissions,2024-10-27,0,GR,quantile,0.9,836
2024-11-06,hospital admissions,2024-10-27,0,GR,quantile,0.95,846
2024-11-06,hospital admissions,2024-10-27,0,GR,quantile,0.975,846
2024-11-06,hospital admissions,2024-10-27,0,GR,quantile,0.99,860
2024-11-06,hospital admissions,2024-11-03,1,GR,quantile,0.01,616
2024-11-06,hospital admissions,2024-11-03,1,GR,quantile,0.025,634
2024-11-06,hospital admissions,2024-11-03,1,GR,quantile,0.05,674
2024-11-06,hospital admissions,2024-11-03,1,GR,quantile,0.1,813
2024-11-06,hospital admissions,2024-11-03,1,GR,quantile,0.15,828
2024-11-06,hospital admissions,2024-11-03,1,GR,quantile,0.2,834
2024-11-06,hospital admissions,2024-11-03,1,GR,quantile,0.25,842
2024-11-06,hospital admissions,2024-11-03,1,GR,quantile,0.3,848
2024-11-06,hospital admissions,2024-11-03,1,GR,quantile,0.35,852
2024-11-06,hospital admissions,2024-11-03,1,GR,quantile,0.4,854
2024-11-06,hospital admissions,2024-11-03,1,GR,quantile,0.45,864
2024-11-06,hospital admissions,2024-11-03,1,GR,quantile,0.5,875
2024-11-06,hospital admissions,2024-11-03,1,GR,quantile,0.55,886
2024-11-06,hospital admissions,2024-11-03,1,GR,quantile,0.6,890
2024-11-06,hospital admissions,2024-11-03,1,GR,quantile,0.65,898
2024-11-06,hospital admissions,2024-11-03,1,GR,quantile,0.7,906
2024-11-06,hospital admissions,2024-11-03,1,GR,quantile,0.75,923
2024-11-06,hospital admissions,2024-11-03,1,GR,quantile,0.8,942
2024-11-06,hospital admissions,2024-11-03,1,GR,quantile,0.85,963
2024-11-06,hospital admissions,2024-11-03,1,GR,quantile,0.9,980
2024-11-06,hospital admissions,2024-11-03,1,GR,quantile,0.95,1015
2024-11-06,hospital admissions,2024-11-03,1,GR,quantile,0.975,1026
2024-11-06,hospital admissions,2024-11-03,1,GR,quantile,0.99,1044
2024-11-06,hospital admissions,2024-11-10,2,GR,quantile,0.01,545
2024-11-06,hospital admissions,2024-11-10,2,GR,quantile,0.025,551
2024-11-06,hospital admissions,2024-11-10,2,GR,quantile,0.05,632
2024-11-06,hospital admissions,2024-11-10,2,GR,quantile,0.1,740
2024-11-06,hospital admissions,2024-11-10,2,GR,quantile,0.15,933
2024-11-06,hospital admissions,2024-11-10,2,GR,quantile,0.2,957
2024-11-06,hospital admissions,2024-11-10,2,GR,quantile,0.25,968
2024-11-06,hospital admissions,2024-11-10,2,GR,quantile,0.3,989
2024-11-06,hospital admissions,2024-11-10,2,GR,quantile,0.35,996
2024-11-06,hospital admissions,2024-11-10,2,GR,quantile,0.4,1006
2024-11-06,hospital admissions,2024-11-10,2,GR,quantile,0.45,1010
2024-11-06,hospital admissions,2024-11-10,2,GR,quantile,0.5,1018
2024-11-06,hospital admissions,2024-11-10,2,GR,quantile,0.55,1022
2024-11-06,hospital admissions,2024-11-10,2,GR,quantile,0.6,1036
2024-11-06,hospital admissions,2024-11-10,2,GR,quantile,0.65,1039
2024-11-06,hospital admissions,2024-11-10,2,GR,quantile,0.7,1053
2024-11-06,hospital admissions,2024-11-10,2,GR,quantile,0.75,1065
2024-11-06,hospital admissions,2024-11-10,2,GR,quantile,0.8,1095
2024-11-06,hospital admissions,2024-11-10,2,GR,quantile,0.85,1112
2024-11-06,hospital admissions,2024-11-10,2,GR,quantile,0.9,1121
2024-11-06,hospital admissions,2024-11-10,2,GR,quantile,0.95,1132
2024-11-06,hospital admissions,2024-11-10,2,GR,quantile,0.975,1141
2024-11-06,hospital admissions,2024-11-10,2,GR,quantile,0.99,1163
2024-11-06,hospital admissions,2024-11-17,3,GR,quantile,0.01,599
2024-11-06,hospital admissions,2024-11-17,3,GR,quantile,0.025,604
2024-11-06,hospital admissions,2024-11-17,3,GR,quantile,0.05,659
2024-11-06,hospital admissions,2024-11-17,3,GR,quantile,0.1,723
2024-11-06,hospital admissions,2024-11-17,3,GR,quantile,0.15,1022
2024-11-06,hospital admissions,2024-11-17,3,GR,quantile,0.2,1101
2024-11-06,hospital admissions,2024-11-17,3,GR,quantile,0.25,1113
2024-11-06,hospital admissions,2024-11-17,3,GR,quantile,0.3,1126
2024-11-06,hospital admissions,2024-11-17,3,GR,quantile,0.35,1135
2024-11-06,hospital admissions,2024-11-17,3,GR,quantile,0.4,1151
2024-11-06,hospital admissions,2024-11-17,3,GR,quantile,0.45,1157
2024-11-06,hospital admissions,2024-11-17,3,GR,quantile,0.5,1166
2024-11-06,hospital admissions,2024-11-17,3,GR,quantile,0.55,1186
2024-11-06,hospital admissions,2024-11-17,3,GR,quantile,0.6,1195
2024-11-06,hospital admissions,2024-11-17,3,GR,quantile,0.65,1203
2024-11-06,hospital admissions,2024-11-17,3,GR,quantile,0.7,1214
2024-11-06,hospital admissions,2024-11-17,3,GR,quantile,0.75,1227
2024-11-06,hospital admissions,2024-11-17,3,GR,quantile,0.8,1237
2024-11-06,hospital admissions,2024-11-17,3,GR,quantile,0.85,1258
2024-11-06,hospital admissions,2024-11-17,3,GR,quantile,0.9,1268
2024-11-06,hospital admissions,2024-11-17,3,GR,quantile,0.95,1301
2024-11-06,hospital admissions,2024-11-17,3,GR,quantile,0.975,1311
2024-11-06,hospital admissions,2024-11-17,3,GR,quantile,0.99,1337
2024-11-06,hospital admissions,2024-11-24,4,GR,quantile,0.01,611
2024-11-06,hospital admissions,2024-11-24,4,GR,quantile,0.025,635
2024-11-06,hospital admissions,2024-11-24,4,GR,quantile,0.05,661
2024-11-06,hospital admissions,2024-11-24,4,GR,quantile,0.1,675
2024-11-06,hospital admissions,2024-11-24,4,GR,quantile,0.15,1154
2024-11-06,hospital admissions,2024-11-24,4,GR,quantile,0.2,1200
2024-11-06,hospital admissions,2024-11-24,4,GR,quantile,0.25,1227
2024-11-06,hospital admissions,2024-11-24,4,GR,quantile,0.3,1237
2024-11-06,hospital admissions,2024-11-24,4,GR,quantile,0.35,1253
2024-11-06,hospital admissions,2024-11-24,4,GR,quantile,0.4,1263
2024-11-06,hospital admissions,2024-11-24,4,GR,quantile,0.45,1280
2024-11-06,hospital admissions,2024-11-24,4,GR,quantile,0.5,1294
2024-11-06,hospital admissions,2024-11-24,4,GR,quantile,0.55,1301
2024-11-06,hospital admissions,2024-11-24,4,GR,quantile,0.6,1316
2024-11-06,hospital admissions,2024-11-24,4,GR,quantile,0.65,1323
2024-11-06,hospital admissions,2024-11-24,4,GR,quantile,0.7,1345
2024-11-06,hospital admissions,2024-11-24,4,GR,quantile,0.75,1353
2024-11-06,hospital admissions,2024-11-24,4,GR,quantile,0.8,1373
2024-11-06,hospital admissions,2024-11-24,4,GR,quantile,0.85,1384
2024-11-06,hospital admissions,2024-11-24,4,GR,quantile,0.9,1419
2024-11-06,hospital admissions,2024-11-24,4,GR,quantile,0.95,1436
2024-11-06,hospital admissions,2024-11-24,4,GR,quantile,0.975,1442
2024-11-06,hospital admissions,2024-11-24,4,GR,quantile,0.99,1489
2024-11-06,hospital admissions,2024-10-20,-1,IE,quantile,0.01,113
2024-11-06,hospital admissions,2024-10-20,-1,IE,quantile,0.025,114
2024-11-06,hospital admissions,2024-10-20,-1,IE,quantile,0.05,115
2024-11-06,hospital admissions,2024-10-20,-1,IE,quantile,0.1,116
2024-11-06,hospital admissions,2024-10-20,-1,IE,quantile,0.15,117
2024-11-06,hospital admissions,2024-10-20,-1,IE,quantile,0.2,118
2024-11-06,hospital admissions,2024-10-20,-1,IE,quantile,0.25,119
2024-11-06,hospital admissions,2024-10-20,-1,IE,quantile,0.3,119
2024-11-06,hospital admissions,2024-10-20,-1,IE,quantile,0.35,120
2024-11-06,hospital admissions,2024-10-20,-1,IE,quantile,0.4,121
2024-11-06,hospital admissions,2024-10-20,-1,IE,quantile,0.45,121
2024-11-06,hospital admissions,2024-10-20,-1,IE,quantile,0.5,122
2024-11-06,hospital admissions,2024-10-20,-1,IE,quantile,0.55,123
2024-11-06,hospital admissions,2024-10-20,-1,IE,quantile,0.6,124
2024-11-06,hospital admissions,2024-10-20,-1,IE,quantile,0.65,125
2024-11-06,hospital admissions,2024-10-20,-1,IE,quantile,0.7,125
2024-11-06,hospital admissions,2024-10-20,-1,IE,quantile,0.75,127
2024-11-06,hospital admissions,2024-10-20,-1,IE,quantile,0.8,128
2024-11-06,hospital admissions,2024-10-20,-1,IE,quantile,0.85,132
2024-11-06,hospital admissions,2024-10-20,-1,IE,quantile,0.9,134
2024-11-06,hospital admissions,2024-10-20,-1,IE,quantile,0.95,145
2024-11-06,hospital admissions,2024-10-20,-1,IE,quantile,0.975,160
2024-11-06,hospital admissions,2024-10-20,-1,IE,quantile,0.99,189
2024-11-06,hospital admissions,2024-10-27,0,IE,quantile,0.01,129
2024-11-06,hospital admissions,2024-10-27,0,IE,quantile,0.025,131
2024-11-06,hospital admissions,2024-10-27,0,IE,quantile,0.05,133
2024-11-06,hospital admissions,2024-10-27,0,IE,quantile,0.1,135
2024-11-06,hospital admissions,2024-10-27,0,IE,quantile,0.15,139
2024-11-06,hospital admissions,2024-10-27,0,IE,quantile,0.2,143
2024-11-06,hospital admissions,2024-10-27,0,IE,quantile,0.25,145
2024-11-06,hospital admissions,2024-10-27,0,IE,quantile,0.3,146
2024-11-06,hospital admissions,2024-10-27,0,IE,quantile,0.35,147
2024-11-06,hospital admissions,2024-10-27,0,IE,quantile,0.4,150
2024-11-06,hospital admissions,2024-10-27,0,IE,quantile,0.45,151
2024-11-06,hospital admissions,2024-10-27,0,IE,quantile,0.5,153
2024-11-06,hospital admissions,2024-10-27,0,IE,quantile,0.55,155
2024-11-06,hospital admissions,2024-10-27,0,IE,quantile,0.6,156
2024-11-06,hospital admissions,2024-10-27,0,IE,quantile,0.65,157
2024-11-06,hospital admissions,2024-10-27,0,IE,quantile,0.7,161
2024-11-06,hospital admissions,2024-10-27,0,IE,quantile,0.75,165
2024-11-06,hospital admissions,2024-10-27,0,IE,quantile,0.8,167
2024-11-06,hospital admissions,2024-10-27,0,IE,quantile,0.85,170
2024-11-06,hospital admissions,2024-10-27,0,IE,quantile,0.9,173
2024-11-06,hospital admissions,2024-10-27,0,IE,quantile,0.95,187
2024-11-06,hospital admissions,2024-10-27,0,IE,quantile,0.975,190
2024-11-06,hospital admissions,2024-10-27,0,IE,quantile,0.99,193
2024-11-06,hospital admissions,2024-11-03,1,IE,quantile,0.01,152
2024-11-06,hospital admissions,2024-11-03,1,IE,quantile,0.025,158
2024-11-06,hospital admissions,2024-11-03,1,IE,quantile,0.05,160
2024-11-06,hospital admissions,2024-11-03,1,IE,quantile,0.1,163
2024-11-06,hospital admissions,2024-11-03,1,IE,quantile,0.15,168
2024-11-06,hospital admissions,2024-11-03,1,IE,quantile,0.2,170
2024-11-06,hospital admissions,2024-11-03,1,IE,quantile,0.25,173
2024-11-06,hospital admissions,2024-11-03,1,IE,quantile,0.3,176
2024-11-06,hospital admissions,2024-11-03,1,IE,quantile,0.35,178
2024-11-06,hospital admissions,2024-11-03,1,IE,quantile,0.4,179
2024-11-06,hospital admissions,2024-11-03,1,IE,quantile,0.45,183
2024-11-06,hospital admissions,2024-11-03,1,IE,quantile,0.5,187
2024-11-06,hospital admissions,2024-11-03,1,IE,quantile,0.55,189
2024-11-06,hospital admissions,2024-11-03,1,IE,quantile,0.6,194
2024-11-06,hospital admissions,2024-11-03,1,IE,quantile,0.65,200
2024-11-06,hospital admissions,2024-11-03,1,IE,quantile,0.7,202
2024-11-06,hospital admissions,2024-11-03,1,IE,quantile,0.75,206
2024-11-06,hospital admissions,2024-11-03,1,IE,quantile,0.8,209
2024-11-06,hospital admissions,2024-11-03,1,IE,quantile,0.85,215
2024-11-06,hospital admissions,2024-11-03,1,IE,quantile,0.9,219
2024-11-06,hospital admissions,2024-11-03,1,IE,quantile,0.95,238
2024-11-06,hospital admissions,2024-11-03,1,IE,quantile,0.975,244
2024-11-06,hospital admissions,2024-11-03,1,IE,quantile,0.99,248
2024-11-06,hospital admissions,2024-11-10,2,IE,quantile,0.01,133
2024-11-06,hospital admissions,2024-11-10,2,IE,quantile,0.025,144
2024-11-06,hospital admissions,2024-11-10,2,IE,quantile,0.05,174
2024-11-06,hospital admissions,2024-11-10,2,IE,quantile,0.1,192
2024-11-06,hospital admissions,2024-11-10,2,IE,quantile,0.15,196
2024-11-06,hospital admissions,2024-11-10,2,IE,quantile,0.2,201
2024-11-06,hospital admissions,2024-11-10,2,IE,quantile,0.25,206
2024-11-06,hospital admissions,2024-11-10,2,IE,quantile,0.3,207
2024-11-06,hospital admissions,2024-11-10,2,IE,quantile,0.35,209
2024-11-06,hospital admissions,2024-11-10,2,IE,quantile,0.4,211
2024-11-06,hospital admissions,2024-11-10,2,IE,quantile,0.45,214
2024-11-06,hospital admissions,2024-11-10,2,IE,quantile,0.5,218
2024-11-06,hospital admissions,2024-11-10,2,IE,quantile,0.55,222
2024-11-06,hospital admissions,2024-11-10,2,IE,quantile,0.6,230
2024-11-06,hospital admissions,2024-11-10,2,IE,quantile,0.65,237
2024-11-06,hospital admissions,2024-11-10,2,IE,quantile,0.7,243
2024-11-06,hospital admissions,2024-11-10,2,IE,quantile,0.75,248
2024-11-06,hospital admissions,2024-11-10,2,IE,quantile,0.8,257
2024-11-06,hospital admissions,2024-11-10,2,IE,quantile,0.85,264
2024-11-06,hospital admissions,2024-11-10,2,IE,quantile,0.9,273
2024-11-06,hospital admissions,2024-11-10,2,IE,quantile,0.95,299
2024-11-06,hospital admissions,2024-11-10,2,IE,quantile,0.975,307
2024-11-06,hospital admissions,2024-11-10,2,IE,quantile,0.99,320
2024-11-06,hospital admissions,2024-11-17,3,IE,quantile,0.01,195
2024-11-06,hospital admissions,2024-11-17,3,IE,quantile,0.025,202
2024-11-06,hospital admissions,2024-11-17,3,IE,quantile,0.05,212
2024-11-06,hospital admissions,2024-11-17,3,IE,quantile,0.1,224
2024-11-06,hospital admissions,2024-11-17,3,IE,quantile,0.15,229
2024-11-06,hospital admissions,2024-11-17,3,IE,quantile,0.2,231
2024-11-06,hospital admissions,2024-11-17,3,IE,quantile,0.25,238
2024-11-06,hospital admissions,2024-11-17,3,IE,quantile,0.3,242
2024-11-06,hospital admissions,2024-11-17,3,IE,quantile,0.35,246
2024-11-06,hospital admissions,2024-11-17,3,IE,quantile,0.4,249
2024-11-06,hospital admissions,2024-11-17,3,IE,quantile,0.45,253
2024-11-06,hospital admissions,2024-11-17,3,IE,quantile,0.5,258
2024-11-06,hospital admissions,2024-11-17,3,IE,quantile,0.55,261
2024-11-06,hospital admissions,2024-11-17,3,IE,quantile,0.6,266
2024-11-06,hospital admissions,2024-11-17,3,IE,quantile,0.65,272
2024-11-06,hospital admissions,2024-11-17,3,IE,quantile,0.7,282
2024-11-06,hospital admissions,2024-11-17,3,IE,quantile,0.75,303
2024-11-06,hospital admissions,2024-11-17,3,IE,quantile,0.8,321
2024-11-06,hospital admissions,2024-11-17,3,IE,quantile,0.85,331
2024-11-06,hospital admissions,2024-11-17,3,IE,quantile,0.9,350
2024-11-06,hospital admissions,2024-11-17,3,IE,quantile,0.95,359
2024-11-06,hospital admissions,2024-11-17,3,IE,quantile,0.975,400
2024-11-06,hospital admissions,2024-11-17,3,IE,quantile,0.99,409
2024-11-06,hospital admissions,2024-11-24,4,IE,quantile,0.01,174
2024-11-06,hospital admissions,2024-11-24,4,IE,quantile,0.025,202
2024-11-06,hospital admissions,2024-11-24,4,IE,quantile,0.05,224
2024-11-06,hospital admissions,2024-11-24,4,IE,quantile,0.1,250
2024-11-06,hospital admissions,2024-11-24,4,IE,quantile,0.15,258
2024-11-06,hospital admissions,2024-11-24,4,IE,quantile,0.2,264
2024-11-06,hospital admissions,2024-11-24,4,IE,quantile,0.25,270
2024-11-06,hospital admissions,2024-11-24,4,IE,quantile,0.3,276
2024-11-06,hospital admissions,2024-11-24,4,IE,quantile,0.35,278
2024-11-06,hospital admissions,2024-11-24,4,IE,quantile,0.4,285
2024-11-06,hospital admissions,2024-11-24,4,IE,quantile,0.45,289
2024-11-06,hospital admissions,2024-11-24,4,IE,quantile,0.5,292
2024-11-06,hospital admissions,2024-11-24,4,IE,quantile,0.55,299
2024-11-06,hospital admissions,2024-11-24,4,IE,quantile,0.6,306
2024-11-06,hospital admissions,2024-11-24,4,IE,quantile,0.65,315
2024-11-06,hospital admissions,2024-11-24,4,IE,quantile,0.7,326
2024-11-06,hospital admissions,2024-11-24,4,IE,quantile,0.75,376
2024-11-06,hospital admissions,2024-11-24,4,IE,quantile,0.8,393
2024-11-06,hospital admissions,2024-11-24,4,IE,quantile,0.85,401
2024-11-06,hospital admissions,2024-11-24,4,IE,quantile,0.9,430
2024-11-06,hospital admissions,2024-11-24,4,IE,quantile,0.95,471
2024-11-06,hospital admissions,2024-11-24,4,IE,quantile,0.975,496
2024-11-06,hospital admissions,2024-11-24,4,IE,quantile,0.99,510
2024-11-06,hospital admissions,2024-10-20,-1,SK,quantile,0.01,35
2024-11-06,hospital admissions,2024-10-20,-1,SK,quantile,0.025,38
2024-11-06,hospital admissions,2024-10-20,-1,SK,quantile,0.05,42
2024-11-06,hospital admissions,2024-10-20,-1,SK,quantile,0.1,43
2024-11-06,hospital admissions,2024-10-20,-1,SK,quantile,0.15,44
2024-11-06,hospital admissions,2024-10-20,-1,SK,quantile,0.2,45
2024-11-06,hospital admissions,2024-10-20,-1,SK,quantile,0.25,46
2024-11-06,hospital admissions,2024-10-20,-1,SK,quantile,0.3,47
2024-11-06,hospital admissions,2024-10-20,-1,SK,quantile,0.35,48
2024-11-06,hospital admissions,2024-10-20,-1,SK,quantile,0.4,48
2024-11-06,hospital admissions,2024-10-20,-1,SK,quantile,0.45,48
2024-11-06,hospital admissions,2024-10-20,-1,SK,quantile,0.5,49
2024-11-06,hospital admissions,2024-10-20,-1,SK,quantile,0.55,50
2024-11-06,hospital admissions,2024-10-20,-1,SK,quantile,0.6,50
2024-11-06,hospital admissions,2024-10-20,-1,SK,quantile,0.65,50
2024-11-06,hospital admissions,2024-10-20,-1,SK,quantile,0.7,52
2024-11-06,hospital admissions,2024-10-20,-1,SK,quantile,0.75,55
2024-11-06,hospital admissions,2024-10-20,-1,SK,quantile,0.8,56
2024-11-06,hospital admissions,2024-10-20,-1,SK,quantile,0.85,56
2024-11-06,hospital admissions,2024-10-20,-1,SK,quantile,0.9,59
2024-11-06,hospital admissions,2024-10-20,-1,SK,quantile,0.95,60
2024-11-06,hospital admissions,2024-10-20,-1,SK,quantile,0.975,65
2024-11-06,hospital admissions,2024-10-20,-1,SK,quantile,0.99,71
2024-11-06,hospital admissions,2024-10-27,0,SK,quantile,0.01,45
2024-11-06,hospital admissions,2024-10-27,0,SK,quantile,0.025,47
2024-11-06,hospital admissions,2024-10-27,0,SK,quantile,0.05,50
2024-11-06,hospital admissions,2024-10-27,0,SK,quantile,0.1,52
2024-11-06,hospital admissions,2024-10-27,0,SK,quantile,0.15,53
2024-11-06,hospital admissions,2024-10-27,0,SK,quantile,0.2,57
2024-11-06,hospital admissions,2024-10-27,0,SK,quantile,0.25,62
2024-11-06,hospital admissions,2024-10-27,0,SK,quantile,0.3,66
2024-11-06,hospital admissions,2024-10-27,0,SK,quantile,0.35,69
2024-11-06,hospital admissions,2024-10-27,0,SK,quantile,0.4,69
2024-11-06,hospital admissions,2024-10-27,0,SK,quantile,0.45,70
2024-11-06,hospital admissions,2024-10-27,0,SK,quantile,0.5,73
2024-11-06,hospital admissions,2024-10-27,0,SK,quantile,0.55,76
2024-11-06,hospital admissions,2024-10-27,0,SK,quantile,0.6,79
2024-11-06,hospital admissions,2024-10-27,0,SK,quantile,0.65,81
2024-11-06,hospital admissions,2024-10-27,0,SK,quantile,0.7,82
2024-11-06,hospital admissions,2024-10-27,0,SK,quantile,0.75,83
2024-11-06,hospital admissions,2024-10-27,0,SK,quantile,0.8,92
2024-11-06,hospital admissions,2024-10-27,0,SK,quantile,0.85,98
2024-11-06,hospital admissions,2024-10-27,0,SK,quantile,0.9,105
2024-11-06,hospital admissions,2024-10-27,0,SK,quantile,0.95,118
2024-11-06,hospital admissions,2024-10-27,0,SK,quantile,0.975,121
2024-11-06,hospital admissions,2024-10-27,0,SK,quantile,0.99,123
2024-11-06,hospital admissions,2024-11-03,1,SK,quantile,0.01,63
2024-11-06,hospital admissions,2024-11-03,1,SK,quantile,0.025,64
2024-11-06,hospital admissions,2024-11-03,1,SK,quantile,0.05,66
2024-11-06,hospital admissions,2024-11-03,1,SK,quantile,0.1,68
2024-11-06,hospital admissions,2024-11-03,1,SK,quantile,0.15,72
2024-11-06,hospital admissions,2024-11-03,1,SK,quantile,0.2,74
2024-11-06,hospital admissions,2024-11-03,1,SK,quantile,0.25,79
2024-11-06,hospital admissions,2024-11-03,1,SK,quantile,0.3,82
2024-11-06,hospital admissions,2024-11-03,1,SK,quantile,0.35,85
2024-11-06,hospital admissions,2024-11-03,1,SK,quantile,0.4,87
2024-11-06,hospital admissions,2024-11-03,1,SK,quantile,0.45,88
2024-11-06,hospital admissions,2024-11-03,1,SK,quantile,0.5,93
2024-11-06,hospital admissions,2024-11-03,1,SK,quantile,0.55,94
2024-11-06,hospital admissions,2024-11-03,1,SK,quantile,0.6,95
2024-11-06,hospital admissions,2024-11-03,1,SK,quantile,0.65,103
2024-11-06,hospital admissions,2024-11-03,1,SK,quantile,0.7,104
2024-11-06,hospital admissions,2024-11-03,1,SK,quantile,0.75,105
2024-11-06,hospital admissions,2024-11-03,1,SK,quantile,0.8,113
2024-11-06,hospital admissions,2024-11-03,1,SK,quantile,0.85,113
2024-11-06,hospital admissions,2024-11-03,1,SK,quantile,0.9,117
2024-11-06,hospital admissions,2024-11-03,1,SK,quantile,0.95,133
2024-11-06,hospital admissions,2024-11-03,1,SK,quantile,0.975,140
2024-11-06,hospital admissions,2024-11-03,1,SK,quantile,0.99,147
2024-11-06,hospital admissions,2024-11-10,2,SK,quantile,0.01,70
2024-11-06,hospital admissions,2024-11-10,2,SK,quantile,0.025,73
2024-11-06,hospital admissions,2024-11-10,2,SK,quantile,0.05,78
2024-11-06,hospital admissions,2024-11-10,2,SK,quantile,0.1,85
2024-11-06,hospital admissions,2024-11-10,2,SK,quantile,0.15,85
2024-11-06,hospital admissions,2024-11-10,2,SK,quantile,0.2,89
2024-11-06,hospital admissions,2024-11-10,2,SK,quantile,0.25,91
2024-11-06,hospital admissions,2024-11-10,2,SK,quantile,0.3,95
2024-11-06,hospital admissions,2024-11-10,2,SK,quantile,0.35,100
2024-11-06,hospital admissions,2024-11-10,2,SK,quantile,0.4,106
2024-11-06,hospital admissions,2024-11-10,2,SK,quantile,0.45,108
2024-11-06,hospital admissions,2024-11-10,2,SK,quantile,0.5,111
2024-11-06,hospital admissions,2024-11-10,2,SK,quantile,0.55,112
2024-11-06,hospital admissions,2024-11-10,2,SK,quantile,0.6,114
2024-11-06,hospital admissions,2024-11-10,2,SK,quantile,0.65,116
2024-11-06,hospital admissions,2024-11-10,2,SK,quantile,0.7,120
2024-11-06,hospital admissions,2024-11-10,2,SK,quantile,0.75,126
2024-11-06,hospital admissions,2024-11-10,2,SK,quantile,0.8,130
2024-11-06,hospital admissions,2024-11-10,2,SK,quantile,0.85,133
2024-11-06,hospital admissions,2024-11-10,2,SK,quantile,0.9,154
2024-11-06,hospital admissions,2024-11-10,2,SK,quantile,0.95,168
2024-11-06,hospital admissions,2024-11-10,2,SK,quantile,0.975,171
2024-11-06,hospital admissions,2024-11-10,2,SK,quantile,0.99,174
2024-11-06,hospital admissions,2024-11-17,3,SK,quantile,0.01,104
2024-11-06,hospital admissions,2024-11-17,3,SK,quantile,0.025,104
2024-11-06,hospital admissions,2024-11-17,3,SK,quantile,0.05,105
2024-11-06,hospital admissions,2024-11-17,3,SK,quantile,0.1,114
2024-11-06,hospital admissions,2024-11-17,3,SK,quantile,0.15,118
2024-11-06,hospital admissions,2024-11-17,3,SK,quantile,0.2,119
2024-11-06,hospital admissions,2024-11-17,3,SK,quantile,0.25,121
2024-11-06,hospital admissions,2024-11-17,3,SK,quantile,0.3,124
2024-11-06,hospital admissions,2024-11-17,3,SK,quantile,0.35,132
2024-11-06,hospital admissions,2024-11-17,3,SK,quantile,0.4,136
2024-11-06,hospital admissions,2024-11-17,3,SK,quantile,0.45,138
2024-11-06,hospital admissions,2024-11-17,3,SK,quantile,0.5,140
2024-11-06,hospital admissions,2024-11-17,3,SK,quantile,0.55,141
2024-11-06,hospital admissions,2024-11-17,3,SK,quantile,0.6,146
2024-11-06,hospital admissions,2024-11-17,3,SK,quantile,0.65,148
2024-11-06,hospital admissions,2024-11-17,3,SK,quantile,0.7,153
2024-11-06,hospital admissions,2024-11-17,3,SK,quantile,0.75,162
2024-11-06,hospital admissions,2024-11-17,3,SK,quantile,0.8,166
2024-11-06,hospital admissions,2024-11-17,3,SK,quantile,0.85,171
2024-11-06,hospital admissions,2024-11-17,3,SK,quantile,0.9,175
2024-11-06,hospital admissions,2024-11-17,3,SK,quantile,0.95,183
2024-11-06,hospital admissions,2024-11-17,3,SK,quantile,0.975,191
2024-11-06,hospital admissions,2024-11-17,3,SK,quantile,0.99,198
2024-11-06,hospital admissions,2024-11-24,4,SK,quantile,0.01,100
2024-11-06,hospital admissions,2024-11-24,4,SK,quantile,0.025,107
2024-11-06,hospital admissions,2024-11-24,4,SK,quantile,0.05,115
2024-11-06,hospital admissions,2024-11-24,4,SK,quantile,0.1,116
2024-11-06,hospital admissions,2024-11-24,4,SK,quantile,0.15,123
2024-11-06,hospital admissions,2024-11-24,4,SK,quantile,0.2,125
2024-11-06,hospital admissions,2024-11-24,4,SK,quantile,0.25,139
2024-11-06,hospital admissions,2024-11-24,4,SK,quantile,0.3,142
2024-11-06,hospital admissions,2024-11-24,4,SK,quantile,0.35,145
2024-11-06,hospital admissions,2024-11-24,4,SK,quantile,0.4,147
2024-11-06,hospital admissions,2024-11-24,4,SK,quantile,0.45,149
2024-11-06,hospital admissions,2024-11-24,4,SK,quantile,0.5,159
2024-11-06,hospital admissions,2024-11-24,4,SK,quantile,0.55,160
2024-11-06,hospital admissions,2024-11-24,4,SK,quantile,0.6,167
2024-11-06,hospital admissions,2024-11-24,4,SK,quantile,0.65,174
2024-11-06,hospital admissions,2024-11-24,4,SK,quantile,0.7,184
2024-11-06,hospital admissions,2024-11-24,4,SK,quantile,0.75,187
2024-11-06,hospital admissions,2024-11-24,4,SK,quantile,0.8,195
2024-11-06,hospital admissions,2024-11-24,4,SK,quantile,0.85,196
2024-11-06,hospital admissions,2024-11-24,4,SK,quantile,0.9,220
2024-11-06,hospital admissions,2024-11-24,4,SK,quantile,0.95,234
2024-11-06,hospital admissions,2024-11-24,4,SK,quantile,0.975,239
2024-11-06,hospital admissions,2024-11-24,4,SK,quantile,0.99,243
